id,student_id,type,hours,date,semester
1,1,实践,4.4,2025-10-28,初一上
2,1,阅读,1.5,2026-01-09,初一上
3,1,阅读,0.7,2025-10-01,初一上
4,1,实践,0.6,2026-01-08,初一上
5,1,实践,0.8,2026-03-11,初一下
6,1,社团,1.3,2026-03-24,初一下
7,1,体育,0.8,2025-11-03,初一上
8,1,社团,0.6,2026-06-04,初一下
9,1,阅读,2.3,2025-11-22,初一上
10,1,阅读,1.8,2025-09-10,初一上
11,1,体育,0.5,2025-09-30,初一上
12,1,体育,1.6,2026-04-12,初一下
13,2,社团,4.2,2026-05-20,初一下
14,2,实践,3.3,2026-05-21,初一下
15,2,体育,0.8,2026-05-02,初一下
16,2,社团,0.8,2026-06-22,初一下
17,2,体育,2.3,2026-05-14,初一下
18,2,阅读,1.7,2026-05-21,初一下
19,2,社团,0.6,2025-11-27,初一上
20,2,体育,1.3,2026-04-18,初一下
21,2,实践,3.5,2026-03-22,初一下
22,2,体育,2.7,2025-12-23,初一上
23,2,体育,2.4,2025-11-16,初一上
24,3,社团,1.0,2025-09-20,初一上
25,3,实践,2.2,2026-05-07,初一下
26,3,实践,2.3,2025-09-18,初一上
27,3,实践,2.4,2025-09-24,初一上
28,3,阅读,0.6,2026-05-22,初一下
29,3,阅读,2.6,2026-05-02,初一下
30,3,实践,1.0,2026-05-08,初一下
31,3,阅读,4.2,2025-09-16,初一上
32,3,体育,4.7,2025-09-11,初一上
33,3,实践,1.0,2025-12-31,初一上
34,3,实践,0.8,2026-04-24,初一下
35,3,体育,2.3,2026-04-08,初一下
36,3,实践,0.5,2026-01-10,初一上
37,3,实践,3.1,2025-11-16,初一上
38,3,实践,2.4,2025-10-19,初一上
39,3,实践,1.1,2026-04-18,初一下
40,4,阅读,1.4,2025-11-14,初一上
41,4,体育,5.7,2025-11-04,初一上
42,4,体育,4.6,2025-10-16,初一上
43,4,实践,1.6,2025-09-10,初一上
44,4,实践,3.2,2026-03-30,初一下
45,4,体育,0.6,2026-06-18,初一下
46,4,阅读,0.8,2026-03-03,初一下
47,4,体育,1.6,2025-11-12,初一上
48,4,体育,2.1,2026-04-21,初一下
49,4,实践,1.8,2025-10-05,初一上
50,5,体育,0.8,2026-04-02,初一下
51,5,体育,5.5,2026-06-05,初一下
52,5,体育,3.2,2026-03-10,初一下
53,5,体育,1.8,2026-01-05,初一上
54,5,阅读,0.7,2025-11-14,初一上
55,5,阅读,4.6,2025-09-30,初一上
56,5,实践,1.8,2025-10-09,初一上
57,5,实践,1.0,2025-10-13,初一上
58,5,体育,1.4,2025-10-23,初一上
59,5,体育,0.9,2025-10-28,初一上
60,5,实践,0.8,2025-09-24,初一上
61,5,实践,2.0,2026-05-05,初一下
62,5,体育,0.8,2025-10-12,初一上
63,5,社团,0.9,2026-01-18,初一上
64,5,社团,1.1,2025-12-07,初一上
65,5,体育,3.8,2026-05-04,初一下
66,5,体育,3.9,2026-03-28,初一下
67,5,实践,1.0,2025-09-30,初一上
68,6,体育,0.9,2026-03-05,初一下
69,6,阅读,2.3,2026-03-09,初一下
70,6,阅读,1.7,2025-10-26,初一上
71,6,社团,1.9,2025-09-30,初一上
72,6,体育,5.6,2026-05-01,初一下
73,6,体育,3.6,2025-11-22,初一上
74,6,体育,1.4,2025-09-29,初一上
75,6,实践,2.5,2025-10-23,初一上
76,6,阅读,1.8,2025-09-06,初一上
77,6,阅读,4.6,2025-11-09,初一上
78,6,体育,1.2,2026-05-21,初一下
79,6,实践,2.1,2026-02-23,初一下
80,6,体育,1.7,2026-03-07,初一下
81,6,社团,2.2,2026-06-28,初一下
82,6,实践,0.6,2026-05-27,初一下
83,6,社团,1.7,2026-03-02,初一下
84,6,体育,2.0,2026-06-12,初一下
85,7,实践,3.8,2025-09-24,初一上
86,7,体育,3.0,2025-11-20,初一上
87,7,阅读,2.1,2026-02-23,初一下
88,7,阅读,2.9,2025-12-07,初一上
89,7,体育,1.8,2025-09-16,初一上
90,7,体育,1.9,2026-05-29,初一下
91,7,社团,1.1,2026-02-21,初一下
92,7,阅读,1.6,2025-11-28,初一上
93,7,体育,0.7,2026-05-30,初一下
94,7,体育,1.5,2026-05-28,初一下
95,7,体育,1.2,2025-10-06,初一上
96,7,社团,0.9,2025-10-26,初一上
97,7,阅读,2.7,2026-03-03,初一下
98,8,社团,1.3,2025-12-17,初一上
99,8,阅读,1.9,2025-11-03,初一上
100,8,体育,1.1,2025-10-26,初一上
101,8,实践,1.3,2026-04-12,初一下
102,8,实践,0.9,2025-12-13,初一上
103,8,阅读,1.4,2026-07-02,初一下
104,8,实践,2.1,2026-05-02,初一下
105,8,体育,1.3,2026-07-04,初一下
106,9,阅读,1.4,2026-05-18,初一下
107,9,阅读,1.3,2026-03-16,初一下
108,9,阅读,1.7,2025-09-30,初一上
109,9,体育,1.2,2026-02-22,初一下
110,9,体育,0.6,2025-11-19,初一上
111,9,阅读,2.7,2025-10-31,初一上
112,9,实践,1.0,2026-06-22,初一下
113,9,社团,1.9,2026-01-19,初一上
114,9,体育,3.3,2026-04-07,初一下
115,9,实践,2.4,2026-04-06,初一下
116,9,体育,1.1,2025-11-01,初一上
117,9,社团,1.6,2025-09-09,初一上
118,9,阅读,1.4,2026-04-17,初一下
119,9,阅读,0.7,2026-04-22,初一下
120,9,阅读,1.1,2026-05-20,初一下
121,9,体育,1.3,2026-06-01,初一下
122,10,实践,0.7,2026-05-29,初一下
123,10,体育,0.8,2025-10-02,初一上
124,10,社团,1.6,2026-05-18,初一下
125,10,社团,4.0,2026-02-17,初一下
126,10,阅读,2.2,2025-09-29,初一上
127,10,体育,2.0,2026-04-21,初一下
128,10,体育,1.2,2025-12-04,初一上
129,10,实践,1.4,2026-04-02,初一下
130,10,体育,0.8,2025-11-19,初一上
131,10,社团,5.9,2025-12-07,初一上
132,10,体育,2.6,2025-09-19,初一上
133,10,体育,0.6,2026-07-03,初一下
134,10,实践,0.8,2026-03-18,初一下
135,10,阅读,1.9,2025-11-18,初一上
136,11,实践,5.8,2026-06-24,初一下
137,11,实践,1.6,2025-12-07,初一上
138,11,实践,4.0,2026-04-16,初一下
139,11,体育,1.2,2026-06-11,初一下
140,11,社团,1.0,2025-11-08,初一上
141,11,体育,5.1,2025-10-21,初一上
142,11,阅读,0.8,2026-04-26,初一下
143,11,体育,2.5,2026-04-28,初一下
144,11,体育,1.3,2026-05-17,初一下
145,11,体育,0.8,2026-06-04,初一下
146,11,阅读,1.2,2025-09-03,初一上
147,11,社团,6.1,2025-09-02,初一上
148,11,社团,0.9,2025-09-24,初一上
149,11,体育,6.6,2026-03-23,初一下
150,12,社团,3.6,2026-04-10,初一下
151,12,体育,1.5,2026-07-01,初一下
152,12,体育,1.9,2026-01-15,初一上
153,12,社团,0.7,2026-03-02,初一下
154,12,实践,3.5,2026-06-11,初一下
155,12,社团,0.9,2025-10-20,初一上
156,12,体育,1.4,2026-02-23,初一下
157,12,体育,4.2,2025-12-14,初一上
158,12,体育,0.7,2026-02-24,初一下
159,12,实践,5.3,2025-09-18,初一上
160,13,社团,1.5,2026-06-14,初一下
161,13,阅读,1.8,2025-09-04,初一上
162,13,体育,4.1,2026-04-01,初一下
163,13,实践,0.6,2026-05-11,初一下
164,13,实践,2.0,2026-03-19,初一下
165,13,体育,1.4,2026-04-03,初一下
166,13,体育,0.7,2026-04-22,初一下
167,13,社团,1.5,2026-05-26,初一下
168,13,体育,0.7,2026-05-11,初一下
169,13,体育,1.4,2026-03-23,初一下
170,13,实践,0.5,2025-12-31,初一上
171,14,实践,3.6,2026-05-05,初一下
172,14,体育,1.7,2026-04-29,初一下
173,14,体育,5.2,2026-04-04,初一下
174,14,社团,1.3,2025-11-20,初一上
175,14,实践,4.4,2025-12-14,初一上
176,14,体育,1.7,2025-10-29,初一上
177,14,实践,0.5,2025-12-18,初一上
178,14,阅读,1.7,2026-06-27,初一下
179,14,实践,1.2,2026-03-11,初一下
180,14,实践,4.2,2025-09-14,初一上
181,14,实践,3.7,2025-12-23,初一上
182,14,阅读,2.0,2025-12-29,初一上
183,14,社团,1.3,2025-10-03,初一上
184,15,阅读,4.0,2025-11-20,初一上
185,15,体育,0.7,2026-03-26,初一下
186,15,阅读,0.6,2025-10-25,初一上
187,15,社团,1.8,2026-03-31,初一下
188,15,实践,1.6,2026-05-18,初一下
189,15,阅读,4.0,2026-06-21,初一下
190,15,体育,0.9,2025-10-24,初一上
191,15,实践,0.6,2025-10-06,初一上
192,15,实践,2.2,2026-05-10,初一下
193,15,实践,0.6,2026-04-27,初一下
194,15,实践,1.3,2026-06-16,初一下
195,15,体育,2.6,2025-09-22,初一上
196,15,体育,4.0,2026-06-28,初一下
197,15,阅读,2.0,2025-09-17,初一上
198,15,实践,0.6,2026-02-25,初一下
199,15,体育,1.0,2026-03-06,初一下
200,15,阅读,0.6,2026-01-03,初一上
201,15,阅读,0.5,2025-09-30,初一上
202,16,体育,9.4,2026-06-21,初一下
203,16,体育,0.7,2026-01-11,初一上
204,16,社团,2.1,2026-04-04,初一下
205,16,体育,1.0,2026-01-06,初一上
206,16,阅读,2.3,2026-05-01,初一下
207,16,体育,0.8,2026-06-13,初一下
208,16,体育,1.0,2025-09-15,初一上
209,16,阅读,4.0,2026-03-18,初一下
210,16,社团,2.9,2025-11-27,初一上
211,16,体育,2.1,2025-10-15,初一上
212,16,阅读,1.4,2026-03-12,初一下
213,16,社团,2.0,2025-09-23,初一上
214,16,体育,1.8,2026-01-19,初一上
215,16,阅读,0.8,2025-10-13,初一上
216,17,社团,6.1,2026-03-04,初一下
217,17,实践,1.0,2026-05-05,初一下
218,17,体育,0.6,2026-07-01,初一下
219,17,社团,1.1,2025-09-28,初一上
220,17,社团,1.7,2025-09-04,初一上
221,17,阅读,0.6,2025-12-30,初一上
222,17,体育,1.8,2025-09-06,初一上
223,17,社团,1.0,2026-02-27,初一下
224,17,实践,0.6,2026-01-03,初一上
225,17,实践,1.5,2026-01-14,初一上
226,17,社团,2.1,2026-06-07,初一下
227,17,体育,2.1,2025-10-13,初一上
228,17,阅读,1.0,2026-01-06,初一上
229,17,实践,1.1,2026-01-10,初一上
230,18,体育,3.3,2025-12-31,初一上
231,18,体育,0.7,2026-04-25,初一下
232,18,体育,3.0,2026-05-28,初一下
233,18,阅读,0.7,2026-06-09,初一下
234,18,社团,0.9,2025-12-19,初一上
235,18,阅读,1.0,2026-05-28,初一下
236,18,社团,2.3,2026-04-27,初一下
237,18,实践,2.0,2026-01-09,初一上
238,18,实践,1.0,2026-01-07,初一上
239,18,体育,1.1,2025-12-24,初一上
240,18,社团,0.6,2026-06-23,初一下
241,19,阅读,1.7,2026-05-15,初一下
242,19,体育,1.2,2025-12-05,初一上
243,19,实践,2.2,2026-04-14,初一下
244,19,体育,6.1,2025-09-03,初一上
245,19,体育,5.1,2025-12-28,初一上
246,19,实践,0.8,2026-02-26,初一下
247,19,实践,1.5,2026-04-15,初一下
248,19,体育,1.2,2026-03-10,初一下
249,19,社团,0.6,2026-06-27,初一下
250,19,体育,1.4,2026-03-25,初一下
251,19,阅读,1.2,2025-11-09,初一上
252,19,实践,0.6,2026-05-29,初一下
253,19,体育,1.2,2026-05-21,初一下
254,19,体育,0.5,2025-10-03,初一上
255,19,阅读,2.1,2026-04-08,初一下
256,20,实践,4.9,2025-10-09,初一上
257,20,阅读,0.9,2026-05-29,初一下
258,20,实践,1.6,2026-01-12,初一上
259,20,体育,1.9,2025-12-29,初一上
260,20,实践,0.9,2025-10-27,初一上
261,20,实践,1.0,2026-04-02,初一下
262,20,实践,1.0,2025-11-26,初一上
263,20,社团,2.2,2025-09-27,初一上
264,20,实践,2.4,2025-10-30,初一上
265,20,社团,1.9,2025-12-30,初一上
266,20,实践,2.3,2025-09-02,初一上
267,20,体育,7.8,2026-03-24,初一下
268,20,社团,2.7,2025-11-04,初一上
269,20,体育,2.4,2025-10-23,初一上
270,20,实践,3.3,2026-02-18,初一下
271,21,体育,2.8,2026-06-20,初一下
272,21,体育,2.0,2025-11-08,初一上
273,21,实践,1.3,2026-04-13,初一下
274,21,阅读,1.3,2026-03-13,初一下
275,21,阅读,2.0,2026-03-17,初一下
276,21,社团,3.9,2026-06-03,初一下
277,21,实践,1.8,2026-07-04,初一下
278,21,体育,2.3,2025-12-08,初一上
279,21,体育,1.8,2026-05-21,初一下
280,21,社团,2.3,2026-05-05,初一下
281,21,实践,3.4,2026-03-24,初一下
282,21,体育,6.5,2025-12-04,初一上
283,22,阅读,1.9,2025-11-07,初一上
284,22,社团,2.3,2026-01-13,初一上
285,22,体育,2.7,2025-09-10,初一上
286,22,阅读,2.5,2025-12-26,初一上
287,22,体育,5.0,2026-06-28,初一下
288,22,体育,2.8,2025-10-25,初一上
289,22,体育,0.7,2025-12-05,初一上
290,22,阅读,0.5,2025-10-31,初一上
291,22,阅读,1.3,2025-09-25,初一上
292,22,社团,3.8,2026-06-03,初一下
293,22,阅读,0.5,2026-05-19,初一下
294,22,实践,0.9,2025-09-08,初一上
295,22,阅读,4.9,2025-11-24,初一上
296,22,社团,1.4,2025-12-11,初一上
297,22,社团,1.0,2026-06-07,初一下
298,23,社团,2.2,2026-04-04,初一下
299,23,阅读,4.1,2026-03-25,初一下
300,23,实践,2.3,2026-05-24,初一下
301,23,社团,3.0,2025-10-10,初一上
302,23,社团,0.6,2025-11-23,初一上
303,23,实践,3.7,2026-05-29,初一下
304,23,社团,1.4,2025-12-23,初一上
305,23,社团,2.2,2026-04-09,初一下
306,23,实践,1.2,2026-04-15,初一下
307,23,实践,1.5,2026-05-13,初一下
308,23,阅读,2.3,2026-02-17,初一下
309,23,社团,0.7,2025-11-29,初一上
310,23,体育,1.2,2026-04-30,初一下
311,23,阅读,4.5,2026-05-19,初一下
312,23,社团,4.2,2026-05-21,初一下
313,23,阅读,0.7,2025-09-20,初一上
314,23,实践,2.1,2026-03-02,初一下
315,23,体育,1.4,2026-04-12,初一下
316,24,体育,1.1,2026-04-13,初一下
317,24,阅读,1.4,2025-11-29,初一上
318,24,体育,3.2,2026-06-14,初一下
319,24,阅读,0.6,2025-10-18,初一上
320,24,阅读,1.8,2025-10-23,初一上
321,24,实践,1.2,2026-06-25,初一下
322,24,实践,2.6,2026-04-25,初一下
323,24,社团,3.1,2025-09-17,初一上
324,25,阅读,1.2,2026-06-10,初一下
325,25,体育,1.4,2025-12-30,初一上
326,25,体育,1.3,2026-05-19,初一下
327,25,体育,1.4,2026-03-11,初一下
328,25,阅读,3.2,2026-06-06,初一下
329,25,体育,1.5,2025-09-06,初一上
330,25,社团,0.6,2026-01-05,初一上
331,25,社团,3.3,2025-12-16,初一上
332,25,实践,1.6,2026-05-20,初一下
333,25,体育,0.7,2025-09-04,初一上
334,25,社团,1.0,2026-05-16,初一下
335,25,实践,1.9,2026-04-20,初一下
336,25,阅读,2.2,2026-06-03,初一下
337,25,社团,4.3,2026-05-03,初一下
338,26,实践,2.6,2025-11-24,初一上
339,26,实践,1.3,2026-06-07,初一下
340,26,阅读,2.7,2026-03-10,初一下
341,26,实践,2.6,2025-12-23,初一上
342,26,社团,3.3,2026-06-11,初一下
343,26,实践,1.4,2026-03-11,初一下
344,26,实践,1.4,2025-12-23,初一上
345,26,阅读,1.1,2026-04-19,初一下
346,26,实践,0.7,2026-05-17,初一下
347,26,实践,0.9,2025-12-13,初一上
348,26,体育,2.8,2026-04-11,初一下
349,26,社团,1.0,2025-12-11,初一上
350,27,阅读,1.4,2025-11-07,初一上
351,27,体育,0.6,2025-11-16,初一上
352,27,体育,1.5,2025-12-01,初一上
353,27,社团,1.8,2026-07-01,初一下
354,27,阅读,0.7,2026-05-11,初一下
355,27,阅读,1.0,2025-09-29,初一上
356,27,阅读,0.7,2025-09-27,初一上
357,27,体育,0.8,2026-05-26,初一下
358,27,实践,6.3,2025-10-31,初一上
359,27,实践,2.2,2026-03-04,初一下
360,28,社团,1.6,2025-10-25,初一上
361,28,体育,2.3,2026-05-30,初一下
362,28,体育,2.0,2026-06-08,初一下
363,28,体育,1.5,2026-06-13,初一下
364,28,阅读,1.0,2026-03-19,初一下
365,28,社团,1.3,2025-12-19,初一上
366,28,体育,1.0,2025-10-18,初一上
367,28,体育,1.4,2025-09-30,初一上
368,29,体育,1.4,2025-09-11,初一上
369,29,实践,6.4,2026-03-19,初一下
370,29,阅读,0.7,2026-06-29,初一下
371,29,实践,2.7,2025-10-26,初一上
372,29,社团,2.7,2025-12-05,初一上
373,29,体育,1.6,2026-01-18,初一上
374,29,社团,2.7,2026-05-29,初一下
375,29,实践,2.4,2025-09-26,初一上
376,29,阅读,2.5,2026-01-10,初一上
377,29,阅读,1.9,2026-05-07,初一下
378,29,阅读,0.8,2025-09-07,初一上
379,29,阅读,5.5,2025-11-26,初一上
380,29,实践,2.1,2026-04-06,初一下
381,30,体育,5.9,2025-10-19,初一上
382,30,实践,0.6,2026-05-22,初一下
383,30,实践,1.5,2025-12-01,初一上
384,30,体育,2.9,2026-03-18,初一下
385,30,实践,1.4,2025-10-27,初一上
386,30,实践,1.5,2026-07-02,初一下
387,30,实践,0.6,2026-03-08,初一下
388,30,体育,1.5,2026-06-22,初一下
389,30,社团,3.9,2026-01-02,初一上
390,30,实践,5.1,2026-01-16,初一上
391,30,阅读,1.2,2025-11-19,初一上
392,30,社团,1.0,2025-10-23,初一上
393,30,实践,2.0,2025-12-03,初一上
394,30,实践,3.7,2026-01-04,初一上
395,30,阅读,7.5,2025-12-18,初一上
396,30,阅读,1.8,2025-10-10,初一上
397,31,体育,3.8,2026-06-22,初一下
398,31,实践,1.8,2026-06-29,初一下
399,31,体育,0.9,2026-05-25,初一下
400,31,体育,1.5,2025-12-24,初一上
401,31,阅读,3.7,2026-07-04,初一下
402,31,体育,2.8,2025-12-09,初一上
403,31,体育,3.5,2026-03-15,初一下
404,31,阅读,2.1,2025-10-17,初一上
405,31,实践,2.6,2026-03-21,初一下
406,31,实践,0.8,2025-10-29,初一上
407,31,体育,1.4,2025-12-09,初一上
408,31,阅读,2.5,2026-03-06,初一下
409,31,实践,0.9,2026-05-08,初一下
410,31,实践,4.3,2026-03-11,初一下
411,31,社团,0.5,2025-09-29,初一上
412,31,阅读,0.9,2025-12-20,初一上
413,31,实践,2.2,2025-09-17,初一上
414,32,体育,1.1,2025-09-16,初一上
415,32,体育,0.7,2026-03-26,初一下
416,32,阅读,0.7,2025-09-30,初一上
417,32,实践,0.6,2026-05-14,初一下
418,32,阅读,1.3,2026-06-25,初一下
419,32,实践,2.7,2025-09-06,初一上
420,32,实践,2.1,2026-03-15,初一下
421,32,阅读,1.2,2026-07-06,初一下
422,32,阅读,0.6,2025-11-13,初一上
423,32,体育,1.0,2026-02-23,初一下
424,32,体育,0.8,2026-03-29,初一下
425,32,体育,1.0,2025-09-17,初一上
426,32,阅读,0.9,2025-09-13,初一上
427,32,阅读,4.0,2025-12-18,初一上
428,32,实践,1.0,2026-01-11,初一上
429,32,阅读,0.9,2025-12-13,初一上
430,33,实践,2.5,2025-11-05,初一上
431,33,实践,2.4,2025-10-31,初一上
432,33,实践,1.7,2026-06-04,初一下
433,33,实践,0.5,2026-04-24,初一下
434,33,体育,1.4,2026-05-17,初一下
435,33,阅读,5.9,2025-12-13,初一上
436,33,实践,1.6,2025-11-25,初一上
437,33,实践,0.5,2025-12-15,初一上
438,33,实践,1.1,2025-12-26,初一上
439,33,阅读,3.1,2026-05-14,初一下
440,33,阅读,2.9,2026-06-06,初一下
441,33,社团,1.4,2026-01-18,初一上
442,34,阅读,3.0,2026-04-02,初一下
443,34,体育,2.0,2026-04-05,初一下
444,34,体育,3.9,2026-06-12,初一下
445,34,阅读,1.7,2026-05-26,初一下
446,34,体育,5.5,2025-11-28,初一上
447,34,体育,5.6,2025-09-12,初一上
448,34,阅读,1.6,2025-12-10,初一上
449,34,阅读,1.9,2026-06-22,初一下
450,34,体育,1.1,2026-01-13,初一上
451,34,社团,0.9,2026-03-19,初一下
452,34,实践,1.1,2026-05-02,初一下
453,34,实践,5.3,2026-06-28,初一下
454,34,社团,2.6,2026-02-19,初一下
455,35,实践,10.7,2026-06-07,初一下
456,35,实践,1.0,2025-10-19,初一上
457,35,社团,1.9,2026-06-29,初一下
458,35,阅读,0.9,2025-11-09,初一上
459,35,社团,4.7,2026-07-06,初一下
460,35,社团,1.5,2026-06-19,初一下
461,35,体育,0.7,2025-10-02,初一上
462,35,社团,0.7,2026-05-21,初一下
463,35,体育,1.5,2026-03-28,初一下
464,35,阅读,1.7,2026-06-21,初一下
465,36,体育,2.2,2026-05-26,初一下
466,36,体育,3.8,2025-12-25,初一上
467,36,实践,1.2,2025-09-28,初一上
468,36,实践,2.0,2026-03-02,初一下
469,36,社团,1.4,2026-03-26,初一下
470,36,体育,1.1,2025-12-02,初一上
471,36,体育,0.7,2025-11-24,初一上
472,36,实践,1.3,2025-09-23,初一上
473,36,体育,2.2,2025-10-01,初一上
474,36,体育,0.6,2026-05-22,初一下
475,36,实践,0.9,2026-02-20,初一下
476,36,体育,3.5,2026-04-15,初一下
477,36,体育,0.6,2026-03-26,初一下
478,36,阅读,1.8,2025-10-09,初一上
479,36,实践,0.9,2025-10-02,初一上
480,36,体育,2.4,2025-09-22,初一上
481,36,体育,2.9,2025-11-09,初一上
482,36,实践,1.1,2026-04-14,初一下
483,37,实践,1.5,2025-11-07,初一上
484,37,体育,0.8,2025-12-29,初一上
485,37,阅读,2.5,2026-07-05,初一下
486,37,实践,1.8,2025-11-17,初一上
487,37,体育,0.7,2025-10-09,初一上
488,37,体育,0.8,2025-09-30,初一上
489,37,实践,1.0,2026-07-01,初一下
490,37,实践,1.4,2025-10-29,初一上
491,37,社团,3.2,2025-10-26,初一上
492,38,阅读,0.7,2026-04-12,初一下
493,38,阅读,3.9,2026-05-19,初一下
494,38,阅读,3.5,2026-06-11,初一下
495,38,阅读,1.0,2026-05-15,初一下
496,38,体育,5.0,2025-12-16,初一上
497,38,体育,1.3,2025-11-16,初一上
498,38,体育,1.4,2025-10-21,初一上
499,38,体育,1.4,2026-03-26,初一下
500,38,阅读,1.3,2026-05-06,初一下
501,38,社团,0.7,2026-04-04,初一下
502,38,实践,1.1,2025-11-22,初一上
503,38,体育,2.0,2025-11-23,初一上
504,38,社团,2.1,2025-09-18,初一上
505,38,实践,1.1,2026-06-30,初一下
506,38,社团,1.0,2025-09-07,初一上
507,39,体育,1.0,2026-01-15,初一上
508,39,体育,1.4,2026-01-17,初一上
509,39,体育,1.6,2026-05-03,初一下
510,39,体育,3.2,2026-06-24,初一下
511,39,阅读,2.0,2026-03-08,初一下
512,39,体育,0.5,2025-09-15,初一上
513,39,实践,1.2,2026-05-07,初一下
514,39,体育,2.0,2025-09-19,初一上
515,39,实践,3.9,2025-12-09,初一上
516,39,社团,1.0,2026-04-05,初一下
517,39,社团,6.5,2025-12-05,初一上
518,39,社团,0.5,2025-12-11,初一上
519,39,社团,0.6,2025-09-25,初一上
520,40,阅读,1.4,2026-05-06,初一下
521,40,社团,1.4,2026-04-09,初一下
522,40,体育,0.8,2025-09-18,初一上
523,40,实践,2.0,2026-03-12,初一下
524,40,体育,3.4,2025-12-02,初一上
525,40,实践,3.8,2025-10-29,初一上
526,40,体育,4.2,2025-11-10,初一上
527,40,体育,2.3,2026-03-30,初一下
528,40,实践,1.9,2026-06-15,初一下
529,40,体育,0.5,2025-09-24,初一上
530,40,社团,0.7,2025-09-12,初一上
531,40,体育,1.8,2025-11-17,初一上
532,40,体育,0.7,2025-11-15,初一上
533,40,体育,1.4,2026-06-23,初一下
534,40,实践,0.6,2026-07-04,初一下
535,40,阅读,1.0,2026-06-01,初一下
536,40,实践,2.8,2026-01-14,初一上
537,40,社团,0.9,2025-12-31,初一上
538,41,社团,1.6,2025-10-25,初一上
539,41,实践,2.6,2025-10-12,初一上
540,41,实践,1.0,2025-10-18,初一上
541,41,实践,0.9,2025-11-22,初一上
542,41,体育,1.7,2026-02-26,初一下
543,41,社团,0.6,2026-02-19,初一下
544,41,阅读,2.2,2026-06-11,初一下
545,41,社团,0.7,2025-10-01,初一上
546,41,体育,0.6,2026-06-30,初一下
547,41,社团,1.3,2025-12-11,初一上
548,41,实践,1.1,2026-05-06,初一下
549,41,体育,2.9,2026-06-16,初一下
550,41,体育,1.0,2026-04-22,初一下
551,41,实践,1.2,2025-12-27,初一上
552,41,阅读,0.5,2025-10-27,初一上
553,41,体育,0.6,2026-05-25,初一下
554,42,实践,1.6,2025-10-01,初一上
555,42,实践,1.7,2026-01-07,初一上
556,42,社团,1.4,2026-07-03,初一下
557,42,体育,3.2,2026-01-02,初一上
558,42,阅读,0.8,2026-06-08,初一下
559,42,社团,0.7,2025-12-19,初一上
560,42,实践,0.7,2026-04-12,初一下
561,42,体育,0.6,2025-10-21,初一上
562,42,实践,8.9,2025-11-16,初一上
563,42,社团,1.3,2026-06-06,初一下
564,42,体育,1.2,2025-09-10,初一上
565,42,实践,0.6,2026-05-29,初一下
566,42,体育,2.9,2026-02-24,初一下
567,42,阅读,1.5,2026-07-05,初一下
568,43,实践,0.6,2026-05-16,初一下
569,43,体育,7.5,2025-10-10,初一上
570,43,体育,3.3,2026-04-03,初一下
571,43,阅读,2.5,2025-09-08,初一上
572,43,体育,1.2,2026-04-17,初一下
573,43,实践,1.9,2026-03-10,初一下
574,43,社团,3.2,2026-02-20,初一下
575,43,阅读,1.2,2026-04-14,初一下
576,43,阅读,0.5,2026-04-21,初一下
577,43,实践,0.7,2025-09-22,初一上
578,43,体育,1.0,2026-05-13,初一下
579,43,实践,1.2,2026-05-19,初一下
580,43,阅读,2.2,2026-04-23,初一下
581,44,体育,1.0,2026-01-04,初一上
582,44,体育,1.4,2026-06-14,初一下
583,44,阅读,3.0,2026-06-29,初一下
584,44,体育,4.7,2026-06-17,初一下
585,44,体育,3.1,2026-05-20,初一下
586,44,实践,1.4,2025-12-02,初一上
587,44,社团,6.2,2026-03-06,初一下
588,44,实践,0.7,2025-11-19,初一上
589,44,社团,1.8,2026-01-03,初一上
590,44,阅读,1.4,2026-03-06,初一下
591,45,体育,1.2,2025-09-20,初一上
592,45,实践,2.3,2025-10-28,初一上
593,45,实践,2.1,2025-11-25,初一上
594,45,体育,0.5,2026-06-30,初一下
595,45,社团,1.1,2025-11-18,初一上
596,45,社团,1.0,2026-04-03,初一下
597,45,体育,0.8,2025-12-15,初一上
598,45,社团,1.2,2026-06-23,初一下
599,45,社团,0.5,2025-09-20,初一上
600,45,体育,2.2,2026-02-19,初一下
601,45,体育,1.7,2025-09-01,初一上
602,45,阅读,2.3,2026-03-12,初一下
603,45,阅读,2.2,2026-04-21,初一下
604,45,社团,6.1,2026-02-20,初一下
605,45,社团,5.0,2026-03-10,初一下
606,45,社团,2.0,2026-06-19,初一下
607,45,体育,1.3,2026-01-14,初一上
608,46,实践,0.8,2026-06-08,初一下
609,46,社团,0.8,2025-11-08,初一上
610,46,阅读,2.4,2026-06-16,初一下
611,46,阅读,2.7,2025-12-03,初一上
612,46,社团,3.0,2026-06-09,初一下
613,46,体育,2.5,2025-10-11,初一上
614,46,社团,3.5,2026-06-15,初一下
615,46,实践,1.4,2025-10-01,初一上
616,46,阅读,9.6,2025-11-25,初一上
617,46,社团,3.0,2026-03-12,初一下
618,46,体育,2.1,2026-06-23,初一下
619,46,体育,2.0,2025-10-17,初一上
620,46,体育,1.1,2026-02-17,初一下
621,46,体育,1.9,2026-06-26,初一下
622,46,体育,0.9,2026-05-31,初一下
623,46,阅读,0.7,2026-03-04,初一下
624,46,体育,4.3,2026-01-13,初一上
625,46,社团,7.6,2026-06-17,初一下
626,47,实践,4.6,2026-04-27,初一下
627,47,社团,2.1,2026-06-23,初一下
628,47,实践,5.0,2025-10-14,初一上
629,47,社团,1.3,2026-04-08,初一下
630,47,实践,0.7,2026-01-04,初一上
631,47,实践,1.7,2026-06-22,初一下
632,47,阅读,3.8,2026-05-16,初一下
633,47,实践,3.9,2026-04-24,初一下
634,47,实践,1.3,2026-06-28,初一下
635,47,实践,1.1,2026-05-26,初一下
636,47,实践,5.6,2026-04-23,初一下
637,48,阅读,0.6,2025-11-09,初一上
638,48,实践,0.8,2026-05-07,初一下
639,48,阅读,0.6,2025-11-06,初一上
640,48,体育,1.3,2026-02-22,初一下
641,48,实践,1.3,2025-12-22,初一上
642,48,实践,0.5,2026-04-28,初一下
643,48,体育,2.5,2026-01-02,初一上
644,48,实践,2.3,2025-12-05,初一上
645,48,实践,1.9,2026-01-15,初一上
646,48,实践,0.8,2025-10-21,初一上
647,48,阅读,0.6,2026-05-30,初一下
648,48,阅读,2.9,2025-10-18,初一上
649,48,体育,0.8,2025-11-03,初一上
650,48,体育,1.8,2026-05-24,初一下
651,48,社团,2.4,2026-06-30,初一下
652,48,社团,1.4,2025-11-10,初一上
653,48,体育,0.7,2025-12-31,初一上
654,49,社团,1.1,2025-09-12,初一上
655,49,体育,1.0,2025-12-14,初一上
656,49,实践,0.7,2026-06-28,初一下
657,49,体育,3.1,2026-01-15,初一上
658,49,社团,1.2,2026-06-06,初一下
659,49,阅读,1.4,2025-10-22,初一上
660,49,社团,0.9,2026-05-28,初一下
661,49,体育,5.5,2026-04-28,初一下
662,49,实践,1.0,2026-04-25,初一下
663,49,体育,1.5,2026-06-06,初一下
664,49,体育,2.4,2025-11-03,初一上
665,50,实践,9.0,2026-03-05,初一下
666,50,实践,5.6,2025-09-23,初一上
667,50,实践,1.2,2025-10-16,初一上
668,50,体育,2.2,2026-06-07,初一下
669,50,实践,4.5,2026-01-02,初一上
670,50,阅读,2.7,2025-11-23,初一上
671,50,体育,1.8,2025-12-10,初一上
672,50,体育,1.3,2026-06-28,初一下
673,50,体育,3.0,2026-06-14,初一下
674,50,体育,2.1,2026-06-16,初一下
675,50,实践,1.4,2026-01-11,初一上
676,51,实践,0.6,2025-11-27,初一上
677,51,实践,1.1,2025-11-28,初一上
678,51,体育,2.1,2025-12-14,初一上
679,51,体育,2.9,2025-10-18,初一上
680,51,体育,1.8,2026-02-23,初一下
681,51,实践,3.2,2026-07-01,初一下
682,51,社团,1.3,2026-05-12,初一下
683,51,阅读,2.8,2026-06-16,初一下
684,51,体育,0.9,2026-01-02,初一上
685,51,实践,1.1,2026-01-17,初一上
686,51,社团,1.4,2025-10-11,初一上
687,52,体育,2.0,2026-06-24,初一下
688,52,实践,2.7,2026-02-18,初一下
689,52,社团,0.7,2026-06-25,初一下
690,52,体育,0.6,2026-01-04,初一上
691,52,体育,2.8,2025-09-12,初一上
692,52,体育,2.6,2026-05-20,初一下
693,52,体育,1.9,2025-09-08,初一上
694,52,社团,4.2,2026-04-25,初一下
695,52,社团,0.6,2026-01-05,初一上
696,52,阅读,1.2,2025-12-26,初一上
697,52,社团,1.4,2026-01-16,初一上
698,52,体育,1.9,2026-06-08,初一下
699,52,阅读,1.6,2026-06-27,初一下
700,52,阅读,0.7,2025-09-03,初一上
701,52,实践,3.0,2025-11-05,初一上
702,52,实践,4.9,2026-06-14,初一下
703,52,体育,4.1,2025-12-20,初一上
704,53,阅读,1.7,2026-04-22,初一下
705,53,阅读,2.5,2025-09-22,初一上
706,53,体育,1.1,2026-06-22,初一下
707,53,体育,1.3,2026-06-24,初一下
708,53,体育,1.4,2026-04-23,初一下
709,53,体育,1.3,2026-02-26,初一下
710,53,体育,2.5,2026-04-12,初一下
711,53,体育,4.1,2025-10-22,初一上
712,53,体育,1.7,2025-09-09,初一上
713,53,体育,1.0,2026-05-22,初一下
714,53,社团,1.9,2026-02-17,初一下
715,53,实践,1.5,2026-03-27,初一下
716,53,社团,1.1,2026-03-01,初一下
717,54,阅读,1.4,2025-09-06,初一上
718,54,体育,1.9,2025-11-02,初一上
719,54,实践,2.5,2026-05-29,初一下
720,54,阅读,1.3,2026-04-24,初一下
721,54,实践,2.8,2025-11-02,初一上
722,54,阅读,1.6,2025-12-22,初一上
723,54,阅读,2.1,2025-11-30,初一上
724,54,阅读,2.5,2026-03-03,初一下
725,54,社团,0.8,2025-12-28,初一上
726,55,实践,1.1,2025-09-10,初一上
727,55,体育,0.8,2026-06-28,初一下
728,55,体育,1.3,2025-09-15,初一上
729,55,实践,0.9,2026-07-01,初一下
730,55,阅读,1.1,2025-09-09,初一上
731,55,体育,3.6,2025-09-15,初一上
732,55,阅读,3.0,2026-05-03,初一下
733,55,实践,2.8,2026-06-10,初一下
734,55,体育,0.7,2026-01-11,初一上
735,55,体育,2.5,2026-06-09,初一下
736,55,体育,1.3,2026-06-10,初一下
737,56,阅读,0.7,2026-03-25,初一下
738,56,社团,0.7,2026-01-10,初一上
739,56,阅读,0.6,2025-12-21,初一上
740,56,体育,2.0,2026-03-21,初一下
741,56,阅读,2.1,2026-03-13,初一下
742,56,阅读,0.9,2026-04-04,初一下
743,56,体育,2.4,2026-05-20,初一下
744,56,社团,3.1,2026-06-03,初一下
745,56,体育,1.5,2025-11-26,初一上
746,56,实践,3.9,2026-02-26,初一下
747,56,社团,1.6,2025-09-14,初一上
748,57,体育,4.7,2026-02-23,初一下
749,57,社团,0.6,2025-11-05,初一上
750,57,阅读,1.0,2026-05-31,初一下
751,57,实践,1.0,2026-02-26,初一下
752,57,体育,1.1,2025-11-25,初一上
753,57,体育,1.3,2025-12-23,初一上
754,57,阅读,1.4,2026-05-19,初一下
755,57,社团,0.6,2026-05-17,初一下
756,57,体育,0.6,2025-12-04,初一上
757,57,实践,1.5,2026-06-26,初一下
758,57,体育,1.0,2025-09-16,初一上
759,57,阅读,1.4,2025-10-10,初一上
760,57,体育,1.2,2026-06-08,初一下
761,57,阅读,3.3,2026-05-03,初一下
762,57,阅读,1.0,2026-06-11,初一下
763,57,体育,1.5,2026-06-22,初一下
764,58,社团,2.0,2025-09-05,初一上
765,58,实践,4.1,2026-03-03,初一下
766,58,社团,0.7,2026-05-11,初一下
767,58,实践,1.2,2026-04-29,初一下
768,58,体育,0.8,2026-06-02,初一下
769,58,体育,2.1,2026-04-24,初一下
770,58,社团,2.2,2025-12-21,初一上
771,58,实践,2.0,2026-03-21,初一下
772,58,阅读,2.1,2025-11-27,初一上
773,58,实践,0.7,2026-06-21,初一下
774,58,体育,0.5,2025-10-10,初一上
775,58,阅读,1.0,2026-05-20,初一下
776,59,体育,1.1,2026-05-21,初一下
777,59,实践,1.3,2025-10-22,初一上
778,59,实践,0.9,2026-03-14,初一下
779,59,实践,6.9,2026-02-28,初一下
780,59,社团,0.6,2025-11-26,初一上
781,59,体育,3.9,2026-05-20,初一下
782,59,阅读,1.1,2026-04-18,初一下
783,59,体育,0.7,2026-05-17,初一下
784,59,体育,1.8,2026-05-13,初一下
785,59,实践,0.8,2026-06-07,初一下
786,59,实践,2.6,2025-10-02,初一上
787,59,实践,1.7,2026-04-11,初一下
788,59,社团,2.8,2025-12-05,初一上
789,59,阅读,2.0,2026-06-02,初一下
790,59,社团,4.3,2026-06-26,初一下
791,59,体育,1.0,2025-12-01,初一上
792,59,体育,0.7,2025-11-17,初一上
793,60,体育,2.2,2025-09-18,初一上
794,60,社团,4.5,2026-02-25,初一下
795,60,实践,1.9,2026-02-22,初一下
796,60,体育,3.8,2025-09-09,初一上
797,60,体育,0.6,2026-05-22,初一下
798,60,社团,3.1,2025-09-21,初一上
799,60,社团,3.6,2025-09-28,初一上
800,60,体育,2.0,2026-04-09,初一下
801,60,社团,1.4,2025-09-12,初一上
802,60,体育,1.0,2025-12-13,初一上
803,60,体育,0.7,2026-02-28,初一下
804,60,阅读,5.4,2025-10-19,初一上
805,60,阅读,0.8,2025-10-26,初一上
806,60,阅读,2.1,2026-04-19,初一下
807,60,体育,0.5,2026-02-26,初一下
808,60,阅读,0.9,2025-09-01,初一上
809,60,实践,5.9,2026-01-18,初一上
810,61,阅读,2.0,2025-09-03,初一上
811,61,社团,1.9,2025-11-16,初一上
812,61,实践,1.2,2025-10-18,初一上
813,61,实践,0.5,2026-04-04,初一下
814,61,体育,2.3,2026-06-07,初一下
815,61,社团,2.3,2026-06-19,初一下
816,61,体育,3.7,2026-03-26,初一下
817,61,体育,2.4,2026-05-05,初一下
818,61,实践,1.2,2026-02-23,初一下
819,61,社团,1.6,2026-06-14,初一下
820,61,体育,1.0,2025-10-13,初一上
821,61,实践,2.1,2026-06-07,初一下
822,61,实践,1.3,2026-04-18,初一下
823,61,社团,0.7,2026-05-10,初一下
824,61,体育,4.6,2026-01-19,初一上
825,61,实践,0.9,2026-06-09,初一下
826,62,体育,4.6,2025-09-24,初一上
827,62,阅读,3.0,2026-05-11,初一下
828,62,体育,0.8,2026-05-30,初一下
829,62,社团,0.9,2026-03-24,初一下
830,62,阅读,0.9,2025-11-11,初一上
831,62,体育,0.5,2025-10-10,初一上
832,62,实践,1.7,2026-02-18,初一下
833,62,社团,1.9,2026-04-25,初一下
834,62,阅读,3.3,2026-05-26,初一下
835,62,实践,2.0,2026-06-28,初一下
836,62,阅读,1.3,2025-10-02,初一上
837,62,阅读,2.2,2025-10-06,初一上
838,63,实践,3.1,2025-10-23,初一上
839,63,体育,0.8,2026-06-21,初一下
840,63,阅读,0.5,2026-06-29,初一下
841,63,阅读,1.7,2026-06-22,初一下
842,63,实践,1.3,2025-09-14,初一上
843,63,阅读,3.6,2026-05-11,初一下
844,63,体育,2.1,2026-05-25,初一下
845,63,阅读,1.2,2026-06-11,初一下
846,63,体育,1.8,2026-05-22,初一下
847,63,实践,1.7,2026-06-24,初一下
848,63,体育,1.5,2026-02-16,初一下
849,63,体育,2.2,2025-11-30,初一上
850,63,社团,1.0,2026-03-05,初一下
851,63,阅读,1.4,2025-12-11,初一上
852,63,体育,5.9,2026-06-04,初一下
853,63,实践,1.0,2026-04-22,初一下
854,63,阅读,0.7,2026-04-11,初一下
855,64,实践,0.5,2026-06-12,初一下
856,64,体育,0.9,2025-12-04,初一上
857,64,体育,0.6,2025-09-13,初一上
858,64,社团,2.0,2025-11-23,初一上
859,64,体育,0.7,2025-09-24,初一上
860,64,社团,1.8,2026-02-21,初一下
861,64,体育,1.0,2026-05-31,初一下
862,64,体育,0.7,2026-03-13,初一下
863,64,体育,2.3,2025-10-28,初一上
864,64,体育,7.0,2026-07-06,初一下
865,64,体育,3.5,2026-02-28,初一下
866,64,体育,3.0,2025-11-07,初一上
867,64,阅读,2.7,2025-10-18,初一上
868,64,社团,1.2,2026-01-07,初一上
869,65,实践,0.8,2026-01-04,初一上
870,65,社团,0.7,2025-09-10,初一上
871,65,实践,1.9,2026-03-26,初一下
872,65,体育,2.7,2025-09-21,初一上
873,65,社团,7.1,2026-05-16,初一下
874,65,阅读,1.6,2026-05-02,初一下
875,65,阅读,1.4,2026-05-19,初一下
876,65,实践,1.1,2025-11-25,初一上
877,65,体育,1.3,2025-12-31,初一上
878,65,体育,1.1,2025-10-17,初一上
879,65,体育,1.2,2026-06-05,初一下
880,65,社团,2.5,2025-09-29,初一上
881,65,实践,1.4,2026-04-12,初一下
882,65,阅读,1.9,2026-06-24,初一下
883,65,社团,3.5,2025-09-12,初一上
884,66,实践,2.4,2025-12-12,初一上
885,66,体育,0.6,2026-04-30,初一下
886,66,社团,2.7,2026-04-08,初一下
887,66,阅读,6.0,2026-03-16,初一下
888,66,阅读,2.6,2026-06-10,初一下
889,66,社团,2.2,2025-10-10,初一上
890,66,体育,1.1,2025-11-12,初一上
891,66,社团,1.4,2025-09-22,初一上
892,66,体育,1.8,2025-12-23,初一上
893,66,实践,1.9,2026-04-20,初一下
894,66,实践,0.6,2025-10-16,初一上
895,66,实践,0.7,2026-06-04,初一下
896,67,社团,0.6,2025-09-14,初一上
897,67,实践,1.5,2025-12-13,初一上
898,67,体育,0.8,2026-03-02,初一下
899,67,体育,0.9,2025-12-26,初一上
900,67,体育,1.4,2026-03-16,初一下
901,67,社团,0.9,2025-09-02,初一上
902,67,社团,8.2,2026-06-07,初一下
903,67,社团,1.9,2026-02-26,初一下
904,67,社团,0.7,2026-02-16,初一下
905,67,体育,1.4,2026-06-14,初一下
906,67,社团,3.7,2025-09-19,初一上
907,67,体育,1.6,2025-09-22,初一上
908,67,体育,2.9,2025-12-08,初一上
909,67,社团,1.1,2026-04-08,初一下
910,68,实践,0.6,2026-03-08,初一下
911,68,社团,2.5,2026-05-11,初一下
912,68,实践,2.9,2026-03-02,初一下
913,68,阅读,3.5,2026-05-02,初一下
914,68,体育,2.3,2025-10-08,初一上
915,68,阅读,1.2,2026-01-14,初一上
916,68,体育,3.6,2025-09-09,初一上
917,68,阅读,2.7,2025-11-09,初一上
918,68,社团,1.0,2025-12-11,初一上
919,68,社团,2.5,2026-06-01,初一下
920,69,实践,1.1,2025-11-12,初一上
921,69,阅读,3.4,2026-05-20,初一下
922,69,阅读,1.8,2025-10-28,初一上
923,69,阅读,0.5,2026-04-08,初一下
924,69,阅读,3.1,2025-09-02,初一上
925,69,体育,0.6,2026-06-19,初一下
926,69,体育,0.5,2026-05-04,初一下
927,69,体育,1.2,2025-12-29,初一上
928,69,实践,0.8,2025-09-01,初一上
929,69,实践,0.9,2026-03-18,初一下
930,69,体育,1.2,2026-04-24,初一下
931,69,体育,0.6,2025-12-25,初一上
932,69,社团,1.2,2026-02-24,初一下
933,69,实践,0.9,2025-09-25,初一上
934,69,体育,0.8,2026-02-18,初一下
935,69,阅读,2.1,2026-06-08,初一下
936,70,体育,2.5,2025-12-30,初一上
937,70,体育,1.7,2025-12-24,初一上
938,70,阅读,1.3,2026-05-24,初一下
939,70,实践,1.8,2025-12-26,初一上
940,70,体育,0.7,2026-06-09,初一下
941,70,实践,1.8,2026-02-25,初一下
942,70,实践,1.6,2026-03-12,初一下
943,70,体育,0.7,2026-04-17,初一下
944,71,体育,2.3,2026-01-11,初一上
945,71,实践,2.4,2026-05-03,初一下
946,71,体育,1.7,2025-12-08,初一上
947,71,体育,0.9,2026-05-02,初一下
948,71,体育,5.2,2026-03-26,初一下
949,71,社团,3.0,2026-04-08,初一下
950,71,实践,0.9,2026-06-15,初一下
951,71,体育,1.4,2026-01-06,初一上
952,71,社团,1.0,2026-05-21,初一下
953,71,实践,1.9,2025-11-06,初一上
954,71,体育,4.3,2026-04-03,初一下
955,71,阅读,1.5,2025-12-30,初一上
956,71,体育,0.6,2026-06-04,初一下
957,71,阅读,2.7,2025-10-17,初一上
958,71,实践,2.8,2026-03-16,初一下
959,71,社团,3.4,2025-12-15,初一上
960,71,阅读,1.8,2025-10-03,初一上
961,72,阅读,3.9,2025-12-29,初一上
962,72,实践,2.5,2025-09-13,初一上
963,72,实践,2.6,2025-10-05,初一上
964,72,体育,1.2,2026-05-30,初一下
965,72,阅读,1.7,2026-01-14,初一上
966,72,社团,3.0,2025-11-28,初一上
967,72,实践,1.0,2026-06-15,初一下
968,72,阅读,2.0,2026-06-22,初一下
969,72,体育,4.7,2025-09-22,初一上
970,72,阅读,3.0,2026-06-14,初一下
971,72,实践,2.4,2025-12-08,初一上
972,72,体育,0.9,2025-09-26,初一上
973,72,实践,1.5,2025-11-25,初一上
974,72,阅读,1.5,2026-05-29,初一下
975,72,体育,2.1,2026-06-07,初一下
976,72,体育,1.1,2026-01-04,初一上
977,72,阅读,1.6,2026-04-08,初一下
978,72,实践,0.6,2026-05-19,初一下
979,73,阅读,0.6,2026-04-29,初一下
980,73,阅读,0.9,2025-11-30,初一上
981,73,体育,2.5,2025-09-13,初一上
982,73,阅读,1.1,2026-05-18,初一下
983,73,体育,0.6,2025-12-18,初一上
984,73,体育,1.9,2026-04-25,初一下
985,73,实践,1.8,2026-06-17,初一下
986,73,实践,3.8,2025-12-02,初一上
987,73,体育,2.4,2025-10-04,初一上
988,73,体育,0.7,2026-01-04,初一上
989,73,社团,2.6,2026-04-24,初一下
990,73,实践,1.9,2026-04-29,初一下
991,73,阅读,1.2,2026-06-11,初一下
992,73,阅读,2.8,2025-12-05,初一上
993,74,实践,3.6,2026-03-19,初一下
994,74,阅读,1.1,2025-12-07,初一上
995,74,实践,2.3,2026-03-16,初一下
996,74,阅读,1.7,2025-12-17,初一上
997,74,体育,0.6,2025-10-24,初一上
998,74,社团,2.7,2026-04-18,初一下
999,74,社团,3.1,2025-10-25,初一上
1000,74,阅读,2.4,2025-11-02,初一上
1001,74,阅读,2.1,2026-04-12,初一下
1002,74,实践,1.8,2025-11-22,初一上
1003,74,体育,1.5,2026-07-01,初一下
1004,74,体育,2.4,2026-01-10,初一上
1005,74,体育,0.7,2026-05-22,初一下
1006,74,体育,0.5,2025-10-31,初一上
1007,74,体育,0.9,2026-05-11,初一下
1008,74,阅读,0.5,2025-12-18,初一上
1009,74,实践,1.4,2025-09-14,初一上
1010,75,阅读,1.7,2025-11-14,初一上
1011,75,体育,1.8,2026-03-19,初一下
1012,75,社团,2.9,2026-04-16,初一下
1013,75,社团,3.8,2025-10-03,初一上
1014,75,社团,4.0,2025-10-27,初一上
1015,75,体育,0.5,2025-12-22,初一上
1016,75,体育,1.4,2026-06-26,初一下
1017,75,体育,1.2,2026-05-12,初一下
1018,75,阅读,0.6,2025-11-02,初一上
1019,75,阅读,1.0,2026-06-08,初一下
1020,76,实践,0.8,2025-11-17,初一上
1021,76,阅读,3.3,2026-04-09,初一下
1022,76,体育,3.9,2026-04-20,初一下
1023,76,体育,3.6,2025-09-18,初一上
1024,76,社团,0.5,2026-06-22,初一下
1025,76,阅读,3.1,2026-02-24,初一下
1026,76,阅读,4.7,2025-12-27,初一上
1027,76,实践,3.3,2025-09-13,初一上
1028,76,阅读,2.1,2026-06-27,初一下
1029,76,社团,5.6,2025-10-19,初一上
1030,76,体育,2.2,2026-05-22,初一下
1031,76,实践,3.9,2026-05-17,初一下
1032,76,阅读,1.5,2026-04-04,初一下
1033,77,体育,2.4,2025-09-18,初一上
1034,77,体育,1.1,2025-11-16,初一上
1035,77,体育,2.2,2026-01-03,初一上
1036,77,社团,2.9,2026-04-23,初一下
1037,77,实践,0.5,2025-11-29,初一上
1038,77,实践,0.9,2026-03-26,初一下
1039,77,实践,1.2,2025-09-01,初一上
1040,77,实践,1.6,2026-01-13,初一上
1041,77,社团,2.3,2026-01-08,初一上
1042,77,体育,0.6,2026-03-17,初一下
1043,77,社团,0.7,2025-10-10,初一上
1044,77,实践,1.3,2025-12-04,初一上
1045,77,体育,1.1,2026-05-09,初一下
1046,77,实践,0.7,2026-01-14,初一上
1047,77,阅读,2.8,2026-06-24,初一下
1048,77,体育,0.9,2025-09-26,初一上
1049,77,实践,1.2,2025-11-23,初一上
1050,78,体育,2.1,2025-09-01,初一上
1051,78,体育,2.0,2025-10-02,初一上
1052,78,社团,0.5,2025-11-27,初一上
1053,78,社团,2.2,2026-05-26,初一下
1054,78,阅读,9.3,2025-10-07,初一上
1055,78,实践,0.6,2025-11-12,初一上
1056,78,实践,2.2,2026-01-04,初一上
1057,78,体育,2.0,2025-12-23,初一上
1058,78,实践,0.8,2025-11-15,初一上
1059,78,阅读,3.2,2025-11-10,初一上
1060,78,社团,1.4,2026-05-25,初一下
1061,78,体育,1.2,2025-11-27,初一上
1062,78,实践,5.4,2026-06-16,初一下
1063,78,实践,1.4,2025-09-13,初一上
1064,78,体育,1.2,2026-02-28,初一下
1065,79,实践,0.5,2025-10-16,初一上
1066,79,社团,2.8,2025-10-14,初一上
1067,79,实践,7.4,2025-11-14,初一上
1068,79,体育,2.1,2026-01-03,初一上
1069,79,阅读,1.2,2026-05-29,初一下
1070,79,实践,0.5,2025-12-08,初一上
1071,79,体育,1.5,2025-11-26,初一上
1072,79,体育,2.0,2026-04-21,初一下
1073,79,体育,1.2,2026-01-14,初一上
1074,79,体育,6.0,2026-04-26,初一下
1075,79,实践,0.6,2025-10-20,初一上
1076,80,阅读,1.6,2026-03-17,初一下
1077,80,社团,1.1,2026-03-13,初一下
1078,80,社团,1.4,2026-06-17,初一下
1079,80,实践,0.6,2025-09-16,初一上
1080,80,体育,5.4,2026-04-02,初一下
1081,80,体育,1.3,2026-04-02,初一下
1082,80,实践,0.6,2025-09-22,初一上
1083,80,实践,6.9,2025-09-27,初一上
1084,80,体育,6.7,2026-03-28,初一下
1085,80,实践,1.6,2026-06-24,初一下
1086,80,阅读,2.3,2025-11-14,初一上
1087,81,体育,0.6,2026-03-31,初一下
1088,81,实践,0.9,2026-05-09,初一下
1089,81,体育,0.7,2025-09-02,初一上
1090,81,社团,2.0,2025-10-12,初一上
1091,81,社团,3.8,2025-09-28,初一上
1092,81,阅读,1.0,2026-05-04,初一下
1093,81,实践,2.7,2025-10-09,初一上
1094,81,阅读,0.6,2026-01-08,初一上
1095,81,阅读,1.3,2026-05-05,初一下
1096,82,阅读,0.7,2026-03-14,初一下
1097,82,社团,1.4,2026-05-06,初一下
1098,82,实践,2.8,2026-03-19,初一下
1099,82,社团,0.9,2026-04-05,初一下
1100,82,社团,1.8,2025-09-30,初一上
1101,82,体育,0.7,2025-09-25,初一上
1102,82,体育,1.1,2025-10-19,初一上
1103,82,社团,2.4,2026-01-11,初一上
1104,82,社团,2.7,2026-03-23,初一下
1105,82,实践,5.4,2025-09-27,初一上
1106,82,阅读,1.0,2026-05-30,初一下
1107,82,体育,2.7,2025-10-31,初一上
1108,82,社团,3.6,2026-04-03,初一下
1109,82,实践,1.3,2026-02-19,初一下
1110,83,体育,1.7,2025-11-20,初一上
1111,83,阅读,1.5,2025-11-04,初一上
1112,83,阅读,2.1,2025-11-01,初一上
1113,83,体育,1.5,2026-06-08,初一下
1114,83,体育,1.7,2025-12-24,初一上
1115,83,社团,2.5,2026-05-25,初一下
1116,83,实践,2.0,2025-11-19,初一上
1117,83,阅读,0.9,2025-10-21,初一上
1118,83,实践,1.6,2026-06-05,初一下
1119,83,体育,0.7,2026-06-16,初一下
1120,84,体育,0.5,2025-09-10,初一上
1121,84,社团,1.3,2026-03-06,初一下
1122,84,实践,0.6,2026-01-05,初一上
1123,84,实践,1.3,2025-11-12,初一上
1124,84,社团,1.0,2026-03-23,初一下
1125,84,体育,0.8,2026-04-27,初一下
1126,84,体育,1.1,2025-12-20,初一上
1127,84,阅读,2.1,2026-05-01,初一下
1128,84,体育,4.0,2025-12-21,初一上
1129,84,体育,4.5,2025-10-16,初一上
1130,84,阅读,2.1,2026-06-07,初一下
1131,84,体育,1.4,2025-11-21,初一上
1132,85,体育,4.3,2026-07-06,初一下
1133,85,阅读,1.2,2026-06-28,初一下
1134,85,实践,0.9,2026-01-01,初一上
1135,85,体育,1.1,2025-11-10,初一上
1136,85,实践,0.8,2025-10-30,初一上
1137,85,阅读,3.3,2026-06-12,初一下
1138,85,实践,1.1,2025-09-21,初一上
1139,85,阅读,2.9,2026-04-17,初一下
1140,85,实践,2.8,2025-09-21,初一上
1141,85,阅读,1.5,2026-04-04,初一下
1142,86,体育,1.5,2026-04-07,初一下
1143,86,体育,4.5,2026-06-12,初一下
1144,86,体育,9.7,2026-06-25,初一下
1145,86,阅读,6.1,2026-06-02,初一下
1146,86,阅读,3.7,2025-09-19,初一上
1147,86,体育,2.0,2026-01-18,初一上
1148,86,实践,0.9,2025-11-23,初一上
1149,86,实践,1.5,2026-03-06,初一下
1150,86,实践,1.5,2026-04-28,初一下
1151,86,体育,0.9,2026-04-28,初一下
1152,86,社团,3.6,2025-10-12,初一上
1153,86,体育,1.3,2026-05-12,初一下
1154,86,阅读,1.9,2026-03-13,初一下
1155,86,实践,2.7,2025-10-19,初一上
1156,86,实践,2.4,2025-11-23,初一上
1157,86,阅读,1.9,2025-11-29,初一上
1158,86,阅读,1.3,2026-03-12,初一下
1159,86,阅读,1.3,2026-04-10,初一下
1160,87,阅读,1.1,2026-01-04,初一上
1161,87,体育,1.1,2026-01-06,初一上
1162,87,阅读,4.4,2025-10-07,初一上
1163,87,实践,1.0,2025-11-06,初一上
1164,87,体育,4.1,2025-12-17,初一上
1165,87,阅读,2.4,2026-06-24,初一下
1166,87,社团,1.1,2026-02-26,初一下
1167,87,体育,4.9,2025-10-15,初一上
1168,87,阅读,7.0,2026-01-18,初一上
1169,87,实践,2.0,2025-10-06,初一上
1170,87,实践,0.9,2025-12-22,初一上
1171,87,社团,1.3,2026-01-13,初一上
1172,87,社团,5.2,2025-11-30,初一上
1173,87,社团,1.3,2026-06-09,初一下
1174,87,阅读,1.1,2026-03-23,初一下
1175,87,实践,2.6,2025-09-19,初一上
1176,87,体育,1.7,2025-12-22,初一上
1177,87,体育,1.9,2026-06-04,初一下
1178,88,实践,2.0,2026-03-29,初一下
1179,88,社团,4.3,2025-09-14,初一上
1180,88,实践,1.6,2026-05-12,初一下
1181,88,体育,1.3,2026-02-22,初一下
1182,88,体育,5.1,2025-10-31,初一上
1183,88,实践,0.6,2026-01-09,初一上
1184,88,体育,3.1,2025-11-02,初一上
1185,88,实践,1.4,2026-05-03,初一下
1186,88,体育,3.3,2026-03-11,初一下
1187,88,体育,1.5,2025-09-12,初一上
1188,88,社团,0.6,2025-09-18,初一上
1189,89,体育,0.8,2026-02-18,初一下
1190,89,体育,1.0,2025-10-03,初一上
1191,89,体育,0.7,2025-11-11,初一上
1192,89,社团,3.5,2025-11-19,初一上
1193,89,社团,0.9,2026-04-22,初一下
1194,89,体育,8.1,2025-10-23,初一上
1195,89,体育,1.0,2026-05-05,初一下
1196,89,社团,1.4,2025-09-27,初一上
1197,89,社团,3.9,2025-12-15,初一上
1198,89,阅读,2.0,2026-03-04,初一下
1199,89,社团,3.8,2025-09-06,初一上
1200,89,阅读,2.0,2026-05-28,初一下
1201,89,阅读,1.0,2025-09-17,初一上
1202,89,体育,1.3,2025-11-14,初一上
1203,89,体育,1.3,2025-10-22,初一上
1204,89,阅读,0.8,2025-10-31,初一上
1205,90,社团,1.1,2026-03-21,初一下
1206,90,实践,5.6,2026-01-04,初一上
1207,90,社团,0.7,2026-03-07,初一下
1208,90,体育,3.5,2026-06-12,初一下
1209,90,体育,2.6,2026-06-04,初一下
1210,90,社团,4.3,2026-06-08,初一下
1211,90,实践,2.9,2026-03-04,初一下
1212,90,体育,4.0,2026-01-07,初一上
1213,90,阅读,0.6,2026-06-14,初一下
1214,90,阅读,1.3,2025-10-03,初一上
1215,90,阅读,4.5,2026-01-16,初一上
1216,90,社团,0.9,2026-01-15,初一上
1217,90,实践,0.8,2025-12-26,初一上
1218,91,阅读,5.4,2026-01-06,初一上
1219,91,体育,1.1,2026-05-06,初一下
1220,91,体育,1.1,2025-11-03,初一上
1221,91,社团,1.9,2025-11-29,初一上
1222,91,体育,2.0,2026-05-08,初一下
1223,91,社团,3.9,2026-04-06,初一下
1224,91,阅读,0.6,2026-01-17,初一上
1225,91,体育,2.6,2026-04-18,初一下
1226,91,阅读,1.6,2026-03-23,初一下
1227,91,社团,2.1,2025-12-02,初一上
1228,91,社团,1.6,2026-05-05,初一下
1229,91,实践,2.7,2025-10-31,初一上
1230,91,阅读,2.7,2025-12-24,初一上
1231,91,实践,4.0,2025-11-20,初一上
1232,91,实践,4.7,2026-02-23,初一下
1233,91,体育,0.9,2026-04-15,初一下
1234,91,体育,6.8,2026-06-03,初一下
1235,91,阅读,1.8,2026-02-18,初一下
1236,92,实践,2.3,2026-05-13,初一下
1237,92,阅读,2.2,2025-11-21,初一上
1238,92,实践,3.5,2026-04-29,初一下
1239,92,体育,2.2,2025-12-25,初一上
1240,92,社团,3.1,2026-06-12,初一下
1241,92,社团,1.2,2026-06-24,初一下
1242,92,阅读,3.6,2025-10-05,初一上
1243,92,体育,1.6,2025-09-09,初一上
1244,92,阅读,1.0,2025-12-26,初一上
1245,92,体育,2.5,2025-09-03,初一上
1246,93,体育,0.8,2026-03-12,初一下
1247,93,实践,5.5,2025-11-19,初一上
1248,93,体育,3.7,2026-05-31,初一下
1249,93,实践,0.8,2026-03-08,初一下
1250,93,体育,1.2,2026-04-22,初一下
1251,93,体育,1.2,2026-03-26,初一下
1252,93,体育,0.7,2026-03-20,初一下
1253,93,社团,2.3,2026-05-03,初一下
1254,93,阅读,2.6,2026-03-03,初一下
1255,93,社团,1.1,2026-07-06,初一下
1256,93,社团,1.6,2026-06-16,初一下
1257,93,阅读,2.2,2025-09-30,初一上
1258,94,实践,2.5,2026-04-14,初一下
1259,94,社团,5.1,2025-12-28,初一上
1260,94,社团,2.3,2025-10-05,初一上
1261,94,体育,2.1,2026-05-23,初一下
1262,94,体育,1.7,2026-07-01,初一下
1263,94,体育,0.9,2026-04-22,初一下
1264,94,实践,2.1,2025-10-25,初一上
1265,94,阅读,2.2,2025-11-06,初一上
1266,95,社团,1.9,2025-11-12,初一上
1267,95,体育,7.0,2025-09-27,初一上
1268,95,社团,0.7,2025-09-16,初一上
1269,95,阅读,2.9,2026-01-09,初一上
1270,95,实践,1.6,2026-04-30,初一下
1271,95,社团,3.5,2025-10-05,初一上
1272,95,阅读,1.0,2025-09-22,初一上
1273,95,体育,1.6,2026-05-18,初一下
1274,95,社团,3.2,2026-05-22,初一下
1275,95,阅读,0.5,2026-01-09,初一上
1276,95,体育,4.7,2025-10-13,初一上
1277,96,社团,0.6,2026-04-10,初一下
1278,96,体育,0.9,2026-03-23,初一下
1279,96,实践,2.7,2026-03-11,初一下
1280,96,体育,0.5,2025-10-23,初一上
1281,96,体育,1.6,2025-09-19,初一上
1282,96,体育,0.9,2026-04-23,初一下
1283,96,实践,2.2,2025-09-18,初一上
1284,96,体育,0.9,2025-09-07,初一上
1285,96,阅读,0.7,2025-09-08,初一上
1286,96,体育,0.7,2026-02-18,初一下
1287,96,实践,3.4,2026-03-14,初一下
1288,96,实践,2.1,2025-12-12,初一上
1289,96,社团,1.2,2025-09-14,初一上
1290,96,体育,0.9,2025-12-02,初一上
1291,96,实践,1.6,2025-10-16,初一上
1292,97,实践,5.0,2025-11-07,初一上
1293,97,体育,3.1,2025-11-20,初一上
1294,97,体育,1.6,2026-03-18,初一下
1295,97,实践,1.2,2025-12-14,初一上
1296,97,实践,4.5,2025-11-20,初一上
1297,97,社团,1.1,2026-04-26,初一下
1298,97,实践,0.7,2025-12-15,初一上
1299,97,体育,2.4,2026-01-15,初一上
1300,97,实践,2.0,2026-05-11,初一下
1301,98,体育,1.1,2026-02-24,初一下
1302,98,实践,0.9,2025-10-20,初一上
1303,98,实践,1.6,2025-10-20,初一上
1304,98,体育,1.6,2026-05-21,初一下
1305,98,实践,2.4,2025-11-29,初一上
1306,98,社团,1.2,2025-10-23,初一上
1307,98,体育,1.0,2026-03-31,初一下
1308,98,阅读,0.9,2025-11-26,初一上
1309,98,社团,1.9,2026-01-05,初一上
1310,98,社团,1.0,2026-02-27,初一下
1311,98,体育,0.8,2026-06-26,初一下
1312,98,阅读,10.2,2025-12-25,初一上
1313,98,实践,0.7,2025-12-02,初一上
1314,99,实践,5.9,2025-09-09,初一上
1315,99,实践,1.5,2026-06-05,初一下
1316,99,实践,1.0,2026-03-01,初一下
1317,99,社团,1.5,2025-12-21,初一上
1318,99,体育,3.5,2025-12-08,初一上
1319,99,阅读,4.3,2025-12-09,初一上
1320,99,社团,1.7,2026-07-05,初一下
1321,99,社团,3.6,2026-03-20,初一下
1322,99,体育,2.0,2026-05-20,初一下
1323,99,实践,1.1,2026-04-10,初一下
1324,99,阅读,4.3,2026-06-14,初一下
1325,99,体育,1.8,2025-11-30,初一上
1326,100,实践,0.5,2025-10-07,初一上
1327,100,阅读,0.9,2026-06-15,初一下
1328,100,社团,0.8,2025-12-22,初一上
1329,100,阅读,1.3,2025-12-11,初一上
1330,100,体育,1.8,2025-12-02,初一上
1331,100,体育,0.6,2026-01-01,初一上
1332,100,实践,4.3,2026-04-08,初一下
1333,100,体育,5.4,2025-12-10,初一上
1334,100,体育,0.8,2025-10-26,初一上
1335,100,社团,0.9,2025-12-05,初一上
1336,100,实践,1.4,2025-10-30,初一上
1337,100,社团,1.3,2026-04-20,初一下
1338,100,体育,2.8,2026-04-25,初一下
1339,100,社团,5.4,2025-12-27,初一上
1340,100,体育,2.5,2026-03-27,初一下
1341,100,社团,0.8,2025-12-19,初一上
1342,100,阅读,2.9,2026-01-06,初一上
1343,100,实践,3.3,2026-06-02,初一下
1344,101,体育,2.4,2026-04-30,初一下
1345,101,实践,3.2,2025-12-22,初一上
1346,101,阅读,1.3,2026-01-14,初一上
1347,101,阅读,0.8,2025-10-04,初一上
1348,101,社团,4.4,2025-11-11,初一上
1349,101,阅读,1.6,2025-10-12,初一上
1350,101,实践,1.1,2025-10-24,初一上
1351,101,阅读,0.8,2026-03-21,初一下
1352,101,实践,1.1,2026-05-26,初一下
1353,101,体育,4.8,2025-12-28,初一上
1354,101,阅读,1.3,2026-04-26,初一下
1355,101,阅读,2.2,2025-11-10,初一上
1356,102,体育,1.4,2025-09-05,初一上
1357,102,实践,3.9,2026-02-17,初一下
1358,102,体育,3.4,2025-10-04,初一上
1359,102,社团,1.0,2025-09-10,初一上
1360,102,体育,1.5,2026-05-01,初一下
1361,102,阅读,1.6,2026-05-18,初一下
1362,102,体育,5.9,2026-01-13,初一上
1363,102,体育,5.5,2025-12-23,初一上
1364,103,社团,0.9,2025-12-17,初一上
1365,103,实践,1.3,2025-09-21,初一上
1366,103,体育,0.6,2026-03-18,初一下
1367,103,阅读,2.0,2025-09-04,初一上
1368,103,体育,1.0,2025-12-07,初一上
1369,103,体育,1.8,2026-01-04,初一上
1370,103,实践,3.1,2026-03-30,初一下
1371,103,体育,0.6,2025-11-05,初一上
1372,103,阅读,1.2,2025-11-04,初一上
1373,103,实践,0.8,2026-05-24,初一下
1374,103,体育,1.3,2026-04-12,初一下
1375,103,实践,1.4,2026-03-05,初一下
1376,103,阅读,4.3,2026-05-18,初一下
1377,103,社团,1.0,2026-04-20,初一下
1378,104,实践,0.7,2026-03-01,初一下
1379,104,社团,0.7,2026-04-10,初一下
1380,104,体育,2.7,2025-12-29,初一上
1381,104,阅读,1.4,2026-04-15,初一下
1382,104,体育,5.4,2025-10-04,初一上
1383,104,阅读,1.4,2026-04-06,初一下
1384,104,体育,6.0,2026-03-09,初一下
1385,104,阅读,1.9,2026-06-28,初一下
1386,104,阅读,3.4,2026-03-01,初一下
1387,105,阅读,2.0,2025-12-30,初一上
1388,105,社团,1.2,2025-10-15,初一上
1389,105,实践,0.6,2026-01-01,初一上
1390,105,社团,0.6,2025-10-11,初一上
1391,105,阅读,0.9,2026-01-12,初一上
1392,105,实践,1.5,2026-05-15,初一下
1393,105,体育,1.5,2025-11-02,初一上
1394,105,体育,2.0,2026-06-01,初一下
1395,105,社团,0.9,2025-10-04,初一上
1396,105,体育,2.2,2025-10-24,初一上
1397,106,实践,4.8,2025-10-21,初一上
1398,106,实践,2.7,2025-10-21,初一上
1399,106,实践,3.7,2026-01-13,初一上
1400,106,实践,1.5,2025-12-21,初一上
1401,106,社团,2.3,2025-11-12,初一上
1402,106,社团,2.2,2025-12-29,初一上
1403,106,社团,2.6,2026-02-19,初一下
1404,106,社团,0.8,2025-11-11,初一上
1405,106,社团,1.1,2025-10-27,初一上
1406,107,体育,1.1,2026-02-17,初一下
1407,107,社团,0.6,2026-03-12,初一下
1408,107,社团,1.2,2026-05-12,初一下
1409,107,社团,0.6,2025-11-15,初一上
1410,107,体育,1.1,2026-04-02,初一下
1411,107,阅读,0.7,2025-12-10,初一上
1412,107,社团,0.6,2026-05-01,初一下
1413,107,体育,2.2,2026-03-20,初一下
1414,108,体育,0.6,2026-05-29,初一下
1415,108,社团,2.4,2025-09-28,初一上
1416,108,体育,2.8,2026-05-25,初一下
1417,108,社团,5.6,2026-04-06,初一下
1418,108,体育,0.5,2026-04-08,初一下
1419,108,实践,0.9,2026-03-15,初一下
1420,108,体育,1.9,2026-05-23,初一下
1421,108,体育,0.6,2026-04-22,初一下
1422,108,实践,1.5,2025-12-23,初一上
1423,108,体育,4.4,2026-06-26,初一下
1424,108,阅读,11.7,2026-07-02,初一下
1425,108,实践,3.7,2026-06-10,初一下
1426,108,体育,3.4,2026-03-07,初一下
1427,108,体育,3.2,2025-09-14,初一上
1428,108,实践,4.8,2026-06-07,初一下
1429,109,阅读,1.4,2025-12-20,初一上
1430,109,实践,3.1,2026-05-18,初一下
1431,109,体育,1.6,2025-11-06,初一上
1432,109,体育,1.9,2025-12-22,初一上
1433,109,社团,0.6,2025-11-09,初一上
1434,109,体育,0.7,2026-02-16,初一下
1435,109,阅读,0.9,2026-02-26,初一下
1436,109,社团,2.8,2026-04-08,初一下
1437,109,实践,0.9,2026-05-15,初一下
1438,109,体育,2.6,2026-01-09,初一上
1439,109,社团,1.7,2026-05-22,初一下
1440,109,体育,4.5,2026-04-02,初一下
1441,109,体育,1.5,2026-03-23,初一下
1442,109,阅读,1.3,2025-10-27,初一上
1443,109,实践,0.6,2025-12-30,初一上
1444,110,实践,1.8,2026-06-25,初一下
1445,110,实践,0.7,2026-03-17,初一下
1446,110,体育,2.4,2026-04-16,初一下
1447,110,社团,2.0,2025-11-18,初一上
1448,110,实践,3.2,2025-11-27,初一上
1449,110,实践,0.7,2026-05-24,初一下
1450,110,实践,2.2,2025-09-02,初一上
1451,110,体育,2.0,2025-11-25,初一上
1452,110,体育,3.2,2026-07-03,初一下
1453,110,体育,1.2,2025-12-14,初一上
1454,110,实践,2.8,2025-10-23,初一上
1455,111,体育,3.6,2026-06-07,初一下
1456,111,实践,0.9,2026-06-09,初一下
1457,111,体育,0.5,2026-02-23,初一下
1458,111,实践,1.3,2026-02-27,初一下
1459,111,体育,1.8,2026-02-27,初一下
1460,111,阅读,1.0,2026-01-06,初一上
1461,111,体育,0.7,2026-05-23,初一下
1462,111,体育,0.8,2025-11-11,初一上
1463,112,体育,2.2,2026-03-09,初一下
1464,112,社团,0.8,2026-04-18,初一下
1465,112,实践,2.8,2026-06-07,初一下
1466,112,实践,1.4,2025-09-21,初一上
1467,112,阅读,5.1,2026-06-18,初一下
1468,112,体育,1.3,2026-05-04,初一下
1469,112,实践,2.0,2025-11-23,初一上
1470,112,社团,0.5,2026-05-22,初一下
1471,112,体育,0.9,2026-06-05,初一下
1472,112,实践,2.2,2026-01-13,初一上
1473,112,体育,3.8,2025-11-14,初一上
1474,113,阅读,3.9,2025-10-23,初一上
1475,113,体育,0.9,2026-01-13,初一上
1476,113,体育,1.9,2025-10-02,初一上
1477,113,社团,0.6,2026-02-22,初一下
1478,113,社团,2.0,2025-12-28,初一上
1479,113,体育,0.6,2025-10-25,初一上
1480,113,体育,1.1,2025-09-02,初一上
1481,113,体育,5.1,2026-04-26,初一下
1482,113,阅读,1.0,2026-05-16,初一下
1483,113,社团,3.9,2026-06-12,初一下
1484,113,社团,5.6,2026-03-06,初一下
1485,113,社团,4.7,2026-04-25,初一下
1486,113,阅读,0.8,2025-12-28,初一上
1487,113,阅读,1.8,2026-05-26,初一下
1488,113,体育,1.2,2025-11-15,初一上
1489,113,阅读,0.6,2026-06-02,初一下
1490,114,阅读,1.7,2026-05-29,初一下
1491,114,体育,2.8,2026-06-19,初一下
1492,114,体育,4.0,2026-02-27,初一下
1493,114,体育,1.7,2026-03-20,初一下
1494,114,阅读,2.3,2026-01-07,初一上
1495,114,阅读,0.8,2026-03-23,初一下
1496,114,社团,0.8,2026-05-06,初一下
1497,114,阅读,2.7,2026-05-09,初一下
1498,114,社团,0.9,2025-09-19,初一上
1499,114,实践,1.9,2026-05-20,初一下
1500,114,阅读,2.4,2025-11-13,初一上
1501,114,社团,1.7,2026-07-01,初一下
1502,114,实践,8.5,2026-01-07,初一上
1503,114,实践,2.2,2026-03-24,初一下
1504,114,实践,3.1,2026-05-19,初一下
1505,114,阅读,0.7,2026-04-27,初一下
1506,115,体育,1.6,2026-01-13,初一上
1507,115,社团,4.4,2026-04-27,初一下
1508,115,阅读,2.3,2025-09-16,初一上
1509,115,阅读,1.4,2026-06-18,初一下
1510,115,阅读,1.5,2025-11-18,初一上
1511,115,社团,1.2,2026-06-06,初一下
1512,115,阅读,0.6,2025-09-10,初一上
1513,115,阅读,1.2,2025-10-12,初一上
1514,115,社团,3.1,2025-11-05,初一上
1515,115,实践,1.2,2025-09-15,初一上
1516,116,体育,3.2,2025-12-12,初一上
1517,116,阅读,0.8,2026-04-21,初一下
1518,116,实践,0.6,2026-05-14,初一下
1519,116,实践,1.3,2026-05-08,初一下
1520,116,体育,1.3,2026-03-22,初一下
1521,116,实践,2.8,2026-05-18,初一下
1522,116,实践,3.5,2025-12-10,初一上
1523,116,体育,0.6,2025-11-27,初一上
1524,116,体育,2.2,2025-11-10,初一上
1525,116,实践,0.5,2025-12-15,初一上
1526,116,体育,2.2,2026-04-21,初一下
1527,117,社团,2.4,2026-06-06,初一下
1528,117,实践,1.5,2025-10-23,初一上
1529,117,体育,0.7,2026-07-03,初一下
1530,117,体育,1.4,2026-04-21,初一下
1531,117,社团,2.0,2025-12-28,初一上
1532,117,阅读,2.9,2025-11-23,初一上
1533,117,社团,2.7,2026-02-27,初一下
1534,117,阅读,3.3,2025-09-29,初一上
1535,117,社团,1.0,2026-03-21,初一下
1536,117,实践,2.0,2026-06-04,初一下
1537,117,阅读,1.0,2026-06-16,初一下
1538,117,体育,1.1,2026-03-31,初一下
1539,117,实践,1.6,2025-12-10,初一上
1540,118,实践,0.9,2025-09-15,初一上
1541,118,体育,1.4,2026-03-20,初一下
1542,118,社团,1.1,2025-10-19,初一上
1543,118,实践,0.7,2026-03-28,初一下
1544,118,实践,0.9,2025-10-03,初一上
1545,118,社团,2.1,2025-12-03,初一上
1546,118,阅读,0.8,2025-09-11,初一上
1547,118,体育,1.2,2026-05-17,初一下
1548,118,社团,2.4,2026-03-31,初一下
1549,118,阅读,1.2,2026-04-26,初一下
1550,118,阅读,0.8,2026-04-03,初一下
1551,118,实践,1.7,2025-09-10,初一上
1552,118,体育,2.2,2025-12-10,初一上
1553,118,实践,2.3,2026-06-04,初一下
1554,118,体育,5.3,2026-04-12,初一下
1555,118,实践,0.5,2025-10-25,初一上
1556,118,实践,3.8,2026-02-25,初一下
1557,118,社团,1.2,2025-11-13,初一上
1558,119,阅读,3.2,2026-03-04,初一下
1559,119,社团,4.6,2026-03-28,初一下
1560,119,体育,1.6,2025-10-07,初一上
1561,119,阅读,2.6,2026-07-01,初一下
1562,119,体育,2.5,2026-04-05,初一下
1563,119,体育,0.9,2026-02-28,初一下
1564,119,体育,0.5,2026-04-28,初一下
1565,119,阅读,4.7,2026-02-19,初一下
1566,119,体育,0.9,2025-11-03,初一上
1567,119,实践,0.9,2026-01-10,初一上
1568,119,阅读,3.2,2025-12-29,初一上
1569,120,体育,5.4,2025-10-31,初一上
1570,120,体育,2.4,2026-04-18,初一下
1571,120,体育,0.8,2026-01-04,初一上
1572,120,实践,1.2,2026-04-13,初一下
1573,120,体育,3.4,2026-06-07,初一下
1574,120,实践,1.3,2026-05-14,初一下
1575,120,体育,3.0,2026-06-08,初一下
1576,120,社团,4.0,2026-03-04,初一下
1577,121,体育,0.6,2025-11-08,初一上
1578,121,社团,0.5,2025-12-28,初一上
1579,121,实践,0.8,2025-10-06,初一上
1580,121,体育,0.7,2025-11-28,初一上
1581,121,体育,1.4,2025-09-26,初一上
1582,121,实践,3.1,2025-11-05,初一上
1583,121,体育,1.1,2025-11-03,初一上
1584,121,实践,0.8,2025-12-21,初一上
1585,121,体育,1.0,2025-12-30,初一上
1586,121,社团,1.1,2026-06-25,初一下
1587,121,社团,1.3,2025-11-13,初一上
1588,121,体育,1.0,2026-06-17,初一下
1589,121,阅读,1.2,2025-10-26,初一上
1590,121,阅读,1.2,2025-10-04,初一上
1591,121,实践,0.6,2025-10-27,初一上
1592,122,实践,2.8,2025-10-16,初一上
1593,122,阅读,0.7,2025-12-10,初一上
1594,122,体育,0.8,2026-03-10,初一下
1595,122,实践,2.0,2025-09-01,初一上
1596,122,体育,2.0,2026-04-21,初一下
1597,122,体育,2.6,2025-12-10,初一上
1598,122,阅读,2.5,2026-04-12,初一下
1599,122,社团,5.5,2026-04-25,初一下
1600,122,社团,1.5,2026-04-21,初一下
1601,122,实践,4.4,2025-10-12,初一上
1602,122,实践,2.1,2026-03-11,初一下
1603,122,实践,1.8,2026-03-25,初一下
1604,122,体育,0.6,2025-09-02,初一上
1605,122,阅读,0.8,2025-12-28,初一上
1606,122,社团,2.3,2025-10-13,初一上
1607,123,社团,2.8,2025-09-11,初一上
1608,123,社团,1.7,2025-09-12,初一上
1609,123,体育,1.2,2025-09-16,初一上
1610,123,社团,4.3,2026-04-11,初一下
1611,123,体育,5.3,2025-11-27,初一上
1612,123,阅读,0.7,2026-06-17,初一下
1613,123,实践,2.4,2026-05-11,初一下
1614,123,实践,2.9,2026-05-30,初一下
1615,123,实践,0.9,2026-06-01,初一下
1616,123,体育,1.5,2026-01-01,初一上
1617,123,社团,2.7,2025-11-19,初一上
1618,123,体育,3.8,2026-02-23,初一下
1619,123,实践,4.5,2025-11-14,初一上
1620,123,体育,0.6,2026-06-03,初一下
1621,123,实践,0.6,2025-10-27,初一上
1622,124,阅读,0.8,2026-06-01,初一下
1623,124,实践,1.1,2025-11-25,初一上
1624,124,社团,1.5,2025-12-29,初一上
1625,124,实践,0.9,2026-06-22,初一下
1626,124,实践,2.5,2025-11-20,初一上
1627,124,社团,3.2,2026-01-10,初一上
1628,124,实践,2.2,2026-03-15,初一下
1629,124,体育,0.8,2026-05-28,初一下
1630,124,实践,0.8,2026-05-18,初一下
1631,124,体育,1.4,2026-05-31,初一下
1632,125,实践,1.6,2025-09-23,初一上
1633,125,体育,1.0,2025-10-11,初一上
1634,125,实践,1.3,2025-10-03,初一上
1635,125,阅读,1.8,2026-03-11,初一下
1636,125,实践,1.2,2026-05-13,初一下
1637,125,实践,5.6,2026-06-18,初一下
1638,125,阅读,4.6,2026-04-07,初一下
1639,125,社团,1.2,2026-03-21,初一下
1640,125,体育,2.7,2026-01-03,初一上
1641,125,体育,0.9,2026-06-01,初一下
1642,125,实践,2.5,2025-11-09,初一上
1643,125,阅读,2.4,2025-11-12,初一上
1644,125,社团,0.9,2025-12-19,初一上
1645,126,体育,2.6,2025-11-19,初一上
1646,126,体育,0.5,2025-10-10,初一上
1647,126,实践,2.3,2025-12-04,初一上
1648,126,体育,0.7,2025-09-23,初一上
1649,126,体育,1.2,2026-05-27,初一下
1650,126,实践,0.8,2025-11-06,初一上
1651,126,体育,0.8,2025-12-27,初一上
1652,126,阅读,1.5,2026-05-11,初一下
1653,126,体育,4.7,2025-09-14,初一上
1654,126,体育,1.7,2026-07-03,初一下
1655,126,实践,1.0,2025-11-15,初一上
1656,126,社团,3.7,2026-05-30,初一下
1657,127,阅读,1.2,2026-04-10,初一下
1658,127,体育,0.6,2026-06-25,初一下
1659,127,实践,2.5,2025-12-01,初一上
1660,127,社团,0.8,2026-01-14,初一上
1661,127,体育,2.7,2026-05-12,初一下
1662,127,体育,2.7,2025-11-25,初一上
1663,127,社团,1.7,2026-03-30,初一下
1664,127,社团,1.8,2026-04-04,初一下
1665,127,阅读,1.1,2026-05-24,初一下
1666,127,阅读,0.6,2025-10-24,初一上
1667,127,体育,0.6,2025-11-23,初一上
1668,127,实践,1.0,2026-03-28,初一下
1669,127,实践,1.1,2026-04-19,初一下
1670,127,阅读,5.1,2026-06-01,初一下
1671,127,阅读,7.8,2025-12-31,初一上
1672,128,阅读,0.6,2026-06-02,初一下
1673,128,体育,0.9,2026-03-14,初一下
1674,128,体育,0.5,2025-11-30,初一上
1675,128,实践,1.9,2025-11-16,初一上
1676,128,阅读,2.4,2026-03-10,初一下
1677,128,体育,0.9,2025-12-06,初一上
1678,128,体育,0.7,2026-03-31,初一下
1679,128,实践,0.6,2026-06-29,初一下
1680,129,实践,2.2,2026-06-02,初一下
1681,129,实践,1.4,2025-10-29,初一上
1682,129,阅读,3.0,2026-04-26,初一下
1683,129,体育,2.3,2026-01-17,初一上
1684,129,实践,2.3,2025-10-31,初一上
1685,129,阅读,1.6,2026-01-18,初一上
1686,129,实践,2.5,2026-01-18,初一上
1687,129,实践,2.0,2025-10-02,初一上
1688,129,实践,1.0,2026-04-05,初一下
1689,129,阅读,5.6,2026-06-16,初一下
1690,129,实践,1.9,2026-03-05,初一下
1691,129,阅读,4.4,2025-10-23,初一上
1692,129,实践,5.4,2026-06-22,初一下
1693,129,社团,1.1,2025-09-01,初一上
1694,129,社团,3.9,2025-10-11,初一上
1695,129,社团,1.4,2025-09-08,初一上
1696,130,社团,3.9,2025-11-02,初一上
1697,130,体育,2.0,2026-04-12,初一下
1698,130,实践,1.0,2025-11-14,初一上
1699,130,体育,3.8,2025-10-16,初一上
1700,130,体育,2.8,2025-10-13,初一上
1701,130,体育,1.0,2026-02-27,初一下
1702,130,阅读,1.0,2025-11-02,初一上
1703,130,社团,3.4,2026-01-19,初一上
1704,130,体育,1.7,2026-06-19,初一下
1705,131,体育,1.1,2025-09-02,初一上
1706,131,体育,1.1,2025-09-27,初一上
1707,131,阅读,2.4,2025-12-28,初一上
1708,131,阅读,3.0,2026-05-14,初一下
1709,131,实践,1.9,2025-10-15,初一上
1710,131,实践,1.1,2026-05-06,初一下
1711,131,体育,1.4,2025-11-05,初一上
1712,131,实践,1.2,2026-01-09,初一上
1713,131,社团,1.9,2026-03-17,初一下
1714,131,体育,4.7,2026-03-06,初一下
1715,132,体育,2.0,2026-03-01,初一下
1716,132,社团,4.3,2025-10-31,初一上
1717,132,社团,5.9,2026-01-18,初一上
1718,132,体育,2.1,2025-11-12,初一上
1719,132,社团,1.5,2025-10-16,初一上
1720,132,阅读,5.5,2025-10-13,初一上
1721,132,实践,2.8,2025-12-07,初一上
1722,132,阅读,5.1,2025-09-07,初一上
1723,132,社团,1.9,2026-04-11,初一下
1724,132,体育,3.1,2025-11-07,初一上
1725,132,体育,0.8,2026-01-18,初一上
1726,132,实践,1.0,2025-10-06,初一上
1727,132,实践,4.2,2026-04-04,初一下
1728,133,社团,1.0,2025-09-26,初一上
1729,133,社团,1.2,2025-12-12,初一上
1730,133,阅读,2.3,2026-06-25,初一下
1731,133,体育,1.3,2025-09-29,初一上
1732,133,体育,4.1,2026-06-15,初一下
1733,133,体育,0.9,2026-03-22,初一下
1734,133,体育,1.8,2025-10-16,初一上
1735,133,社团,1.3,2026-03-12,初一下
1736,133,体育,1.5,2026-04-05,初一下
1737,133,体育,2.4,2026-04-22,初一下
1738,133,社团,1.5,2025-12-20,初一上
1739,133,实践,2.8,2026-04-16,初一下
1740,133,体育,0.7,2025-10-14,初一上
1741,133,实践,1.0,2025-09-11,初一上
1742,133,社团,3.6,2026-03-09,初一下
1743,134,阅读,0.9,2026-01-14,初一上
1744,134,实践,0.5,2026-06-24,初一下
1745,134,体育,1.4,2026-03-29,初一下
1746,134,阅读,1.1,2026-06-01,初一下
1747,134,体育,1.2,2026-06-10,初一下
1748,134,实践,1.2,2025-10-30,初一上
1749,134,体育,0.9,2026-06-25,初一下
1750,134,实践,2.8,2026-06-07,初一下
1751,134,体育,0.6,2026-06-21,初一下
1752,134,社团,1.6,2025-09-02,初一上
1753,134,实践,1.6,2025-09-07,初一上
1754,134,体育,0.6,2026-05-27,初一下
1755,134,体育,0.5,2026-05-02,初一下
1756,134,社团,1.6,2025-11-26,初一上
1757,134,实践,3.0,2025-11-22,初一上
1758,135,阅读,0.8,2025-10-04,初一上
1759,135,体育,0.6,2025-12-02,初一上
1760,135,社团,1.1,2025-09-24,初一上
1761,135,体育,1.3,2025-09-17,初一上
1762,135,体育,1.2,2025-11-05,初一上
1763,135,阅读,5.1,2025-12-19,初一上
1764,135,实践,0.6,2025-12-08,初一上
1765,135,体育,1.3,2025-09-19,初一上
1766,135,阅读,1.0,2025-12-03,初一上
1767,135,社团,1.4,2025-10-16,初一上
1768,135,阅读,1.1,2026-02-26,初一下
1769,135,体育,0.7,2026-05-07,初一下
1770,135,阅读,1.2,2025-09-17,初一上
1771,136,社团,3.1,2026-03-02,初一下
1772,136,阅读,1.5,2026-02-22,初一下
1773,136,体育,3.2,2026-05-03,初一下
1774,136,实践,1.3,2025-11-03,初一上
1775,136,实践,0.8,2025-09-16,初一上
1776,136,阅读,2.6,2025-09-26,初一上
1777,136,社团,3.0,2026-05-12,初一下
1778,136,阅读,2.3,2026-06-23,初一下
1779,136,体育,1.3,2026-06-14,初一下
1780,136,社团,2.5,2026-06-02,初一下
1781,136,实践,1.9,2025-11-26,初一上
1782,136,社团,2.9,2025-11-08,初一上
1783,136,社团,1.8,2026-02-23,初一下
1784,136,社团,3.7,2026-01-02,初一上
1785,136,社团,1.1,2025-10-10,初一上
1786,136,体育,2.5,2025-12-25,初一上
1787,136,阅读,1.2,2026-05-05,初一下
1788,136,体育,1.7,2026-03-07,初一下
1789,137,实践,1.4,2025-10-09,初一上
1790,137,社团,3.9,2025-11-30,初一上
1791,137,实践,4.1,2026-01-15,初一上
1792,137,体育,1.4,2026-06-30,初一下
1793,137,体育,1.4,2026-04-17,初一下
1794,137,体育,1.7,2026-06-24,初一下
1795,137,体育,0.7,2026-04-01,初一下
1796,137,阅读,3.7,2026-03-31,初一下
1797,137,社团,2.5,2025-10-26,初一上
1798,137,体育,1.4,2026-06-16,初一下
1799,137,社团,0.6,2025-10-12,初一上
1800,137,实践,1.3,2026-02-23,初一下
1801,137,社团,0.5,2026-01-07,初一上
1802,137,阅读,0.7,2026-06-04,初一下
1803,137,体育,3.6,2026-01-14,初一上
1804,138,实践,1.1,2025-12-16,初一上
1805,138,体育,5.1,2026-05-30,初一下
1806,138,体育,0.8,2025-10-10,初一上
1807,138,体育,1.7,2026-04-20,初一下
1808,138,社团,2.2,2026-04-14,初一下
1809,138,阅读,2.9,2025-11-19,初一上
1810,138,体育,0.7,2025-12-09,初一上
1811,138,阅读,1.9,2025-09-15,初一上
1812,138,社团,1.2,2025-12-15,初一上
1813,138,阅读,0.6,2026-04-06,初一下
1814,138,体育,1.1,2025-11-09,初一上
1815,138,体育,2.4,2025-09-30,初一上
1816,139,阅读,1.2,2026-04-03,初一下
1817,139,体育,1.0,2025-10-20,初一上
1818,139,社团,2.1,2026-06-13,初一下
1819,139,阅读,3.9,2025-11-12,初一上
1820,139,体育,0.9,2026-04-25,初一下
1821,139,阅读,2.7,2026-05-19,初一下
1822,139,体育,5.4,2025-11-18,初一上
1823,139,实践,0.5,2025-11-09,初一上
1824,139,社团,1.1,2026-03-25,初一下
1825,139,社团,8.2,2025-09-20,初一上
1826,139,实践,4.3,2025-12-29,初一上
1827,139,社团,1.5,2026-04-24,初一下
1828,140,体育,2.3,2026-04-26,初一下
1829,140,实践,1.3,2026-04-01,初一下
1830,140,体育,1.1,2026-05-26,初一下
1831,140,阅读,3.8,2026-04-02,初一下
1832,140,体育,1.3,2026-04-01,初一下
1833,140,实践,2.6,2026-06-08,初一下
1834,140,阅读,2.8,2025-11-22,初一上
1835,140,社团,6.1,2026-01-14,初一上
1836,140,体育,1.6,2026-05-22,初一下
1837,140,实践,0.8,2025-12-02,初一上
1838,140,实践,1.9,2025-09-01,初一上
1839,140,社团,0.6,2025-12-28,初一上
1840,140,社团,1.5,2026-03-18,初一下
1841,140,实践,3.5,2026-05-21,初一下
1842,140,体育,2.8,2026-01-14,初一上
1843,140,阅读,0.6,2025-11-11,初一上
1844,140,体育,1.6,2026-04-02,初一下
1845,141,实践,0.6,2025-11-18,初一上
1846,141,体育,2.8,2025-09-13,初一上
1847,141,实践,4.6,2025-11-08,初一上
1848,141,实践,1.0,2026-02-19,初一下
1849,141,阅读,2.4,2026-06-03,初一下
1850,141,体育,1.3,2026-03-17,初一下
1851,141,阅读,1.0,2025-12-06,初一上
1852,141,实践,1.3,2026-04-19,初一下
1853,141,体育,0.6,2026-05-06,初一下
1854,141,社团,0.8,2025-10-08,初一上
1855,141,体育,0.9,2026-01-11,初一上
1856,141,社团,1.0,2026-02-25,初一下
1857,141,体育,1.0,2026-05-13,初一下
1858,141,实践,1.2,2025-12-18,初一上
1859,141,阅读,3.0,2025-11-08,初一上
1860,141,社团,1.3,2026-03-09,初一下
1861,141,阅读,1.0,2026-02-18,初一下
1862,141,实践,2.9,2025-09-28,初一上
1863,142,体育,4.3,2026-06-26,初一下
1864,142,体育,1.1,2025-10-05,初一上
1865,142,实践,3.1,2025-10-15,初一上
1866,142,体育,5.6,2025-12-10,初一上
1867,142,体育,1.1,2025-11-07,初一上
1868,142,实践,0.7,2026-03-24,初一下
1869,142,实践,1.3,2026-02-25,初一下
1870,142,体育,0.7,2026-05-28,初一下
1871,142,实践,0.9,2026-06-11,初一下
1872,142,体育,2.1,2026-03-29,初一下
1873,143,实践,1.5,2026-03-31,初一下
1874,143,阅读,2.4,2026-01-15,初一上
1875,143,体育,1.3,2026-03-05,初一下
1876,143,体育,14.5,2026-05-21,初一下
1877,143,体育,1.8,2026-01-11,初一上
1878,143,体育,1.1,2026-04-26,初一下
1879,143,体育,0.9,2026-05-09,初一下
1880,143,社团,1.0,2026-06-07,初一下
1881,144,实践,0.9,2025-12-09,初一上
1882,144,实践,1.5,2026-06-07,初一下
1883,144,阅读,3.2,2025-12-30,初一上
1884,144,阅读,1.3,2026-03-13,初一下
1885,144,体育,1.1,2025-12-04,初一上
1886,144,体育,1.5,2025-11-09,初一上
1887,144,体育,1.2,2025-11-21,初一上
1888,144,社团,0.6,2025-11-11,初一上
1889,144,阅读,1.1,2025-09-15,初一上
1890,144,阅读,1.1,2025-11-27,初一上
1891,144,阅读,2.3,2026-02-22,初一下
1892,145,社团,0.8,2026-05-27,初一下
1893,145,实践,0.6,2026-01-03,初一上
1894,145,阅读,0.6,2026-03-08,初一下
1895,145,阅读,0.7,2025-09-23,初一上
1896,145,实践,0.5,2025-09-23,初一上
1897,145,社团,2.7,2026-03-21,初一下
1898,145,体育,5.1,2026-03-30,初一下
1899,145,阅读,0.7,2025-12-07,初一上
1900,145,体育,0.7,2026-04-30,初一下
1901,145,体育,1.9,2026-01-13,初一上
1902,146,实践,1.1,2026-05-30,初一下
1903,146,体育,1.9,2026-04-18,初一下
1904,146,体育,2.4,2026-03-28,初一下
1905,146,阅读,5.0,2026-04-19,初一下
1906,146,体育,3.8,2026-06-12,初一下
1907,146,体育,0.7,2026-02-25,初一下
1908,146,实践,0.6,2026-06-02,初一下
1909,146,阅读,0.6,2026-05-09,初一下
1910,147,实践,2.1,2025-09-22,初一上
1911,147,社团,1.4,2026-05-10,初一下
1912,147,实践,0.9,2025-10-11,初一上
1913,147,阅读,1.3,2026-04-01,初一下
1914,147,阅读,2.9,2026-06-05,初一下
1915,147,阅读,1.7,2026-03-29,初一下
1916,147,阅读,2.6,2025-12-11,初一上
1917,147,阅读,3.9,2026-04-22,初一下
1918,147,体育,2.1,2025-10-07,初一上
1919,147,体育,0.8,2025-10-28,初一上
1920,147,实践,0.8,2026-04-25,初一下
1921,147,实践,1.0,2025-12-22,初一上
1922,147,阅读,0.6,2025-09-16,初一上
1923,147,实践,3.6,2026-03-10,初一下
1924,147,社团,1.4,2026-03-09,初一下
1925,148,体育,1.0,2026-05-23,初一下
1926,148,社团,0.5,2025-11-25,初一上
1927,148,阅读,9.1,2025-11-12,初一上
1928,148,社团,3.1,2026-03-06,初一下
1929,148,体育,7.6,2026-03-21,初一下
1930,148,实践,0.8,2026-03-30,初一下
1931,148,社团,0.5,2025-11-09,初一上
1932,148,体育,1.2,2026-01-09,初一上
1933,148,实践,1.0,2026-03-24,初一下
1934,148,阅读,7.4,2025-12-11,初一上
1935,149,体育,0.6,2025-10-26,初一上
1936,149,实践,0.7,2025-11-13,初一上
1937,149,体育,0.6,2025-09-17,初一上
1938,149,社团,3.3,2026-03-09,初一下
1939,149,社团,1.3,2026-02-28,初一下
1940,149,社团,1.5,2025-10-22,初一上
1941,149,社团,1.0,2025-09-16,初一上
1942,149,社团,0.7,2026-05-01,初一下
1943,149,阅读,2.3,2026-03-10,初一下
1944,149,实践,4.4,2026-04-20,初一下
1945,149,实践,3.2,2026-06-06,初一下
1946,150,阅读,2.5,2025-09-18,初一上
1947,150,阅读,1.2,2025-11-01,初一上
1948,150,阅读,4.5,2026-06-20,初一下
1949,150,实践,4.4,2026-06-23,初一下
1950,150,体育,2.1,2026-06-14,初一下
1951,150,社团,1.3,2026-04-18,初一下
1952,150,阅读,2.4,2026-05-14,初一下
1953,150,体育,1.7,2026-05-23,初一下
1954,151,社团,1.1,2025-09-28,初一上
1955,151,体育,1.7,2025-10-06,初一上
1956,151,阅读,0.8,2026-04-09,初一下
1957,151,体育,2.2,2026-05-22,初一下
1958,151,体育,4.1,2025-10-31,初一上
1959,151,实践,1.6,2026-01-16,初一上
1960,151,体育,1.1,2025-10-20,初一上
1961,151,体育,5.4,2025-10-19,初一上
1962,151,实践,2.0,2025-10-23,初一上
1963,151,体育,1.6,2026-03-05,初一下
1964,151,社团,1.3,2026-06-29,初一下
1965,151,阅读,1.7,2026-05-13,初一下
1966,152,社团,1.5,2025-11-21,初一上
1967,152,体育,3.0,2025-11-16,初一上
1968,152,体育,3.9,2026-06-25,初一下
1969,152,社团,2.8,2026-06-07,初一下
1970,152,实践,1.1,2025-09-28,初一上
1971,152,社团,1.9,2026-04-30,初一下
1972,152,社团,4.4,2025-11-05,初一上
1973,152,体育,4.6,2025-12-26,初一上
1974,153,社团,4.1,2026-01-16,初一上
1975,153,体育,1.1,2026-07-01,初一下
1976,153,阅读,2.1,2025-11-16,初一上
1977,153,体育,1.7,2026-03-09,初一下
1978,153,阅读,1.5,2026-05-12,初一下
1979,153,实践,7.7,2025-11-10,初一上
1980,153,实践,1.1,2026-05-27,初一下
1981,153,体育,0.9,2026-05-03,初一下
1982,153,阅读,1.7,2026-04-21,初一下
1983,153,体育,0.6,2026-03-24,初一下
1984,153,阅读,2.5,2025-09-02,初一上
1985,153,实践,0.5,2025-11-06,初一上
1986,153,社团,0.8,2025-12-04,初一上
1987,153,阅读,6.7,2025-11-17,初一上
1988,153,社团,0.7,2026-01-13,初一上
1989,153,实践,0.6,2026-06-22,初一下
1990,153,体育,0.9,2026-05-11,初一下
1991,154,社团,0.9,2025-12-18,初一上
1992,154,体育,0.6,2026-03-24,初一下
1993,154,体育,1.0,2026-02-27,初一下
1994,154,阅读,1.5,2026-01-07,初一上
1995,154,实践,1.3,2025-09-15,初一上
1996,154,阅读,0.6,2026-03-07,初一下
1997,154,体育,1.1,2026-06-19,初一下
1998,154,体育,2.2,2026-01-05,初一上
1999,154,实践,1.3,2025-11-09,初一上
2000,154,体育,1.0,2026-02-26,初一下
2001,154,社团,0.7,2025-09-28,初一上
2002,154,体育,1.2,2026-03-13,初一下
2003,155,阅读,2.8,2026-04-02,初一下
2004,155,体育,1.3,2025-10-03,初一上
2005,155,社团,1.5,2026-06-21,初一下
2006,155,阅读,2.6,2026-03-11,初一下
2007,155,实践,0.7,2026-03-01,初一下
2008,155,阅读,3.7,2026-05-27,初一下
2009,155,社团,3.6,2025-11-28,初一上
2010,155,体育,1.3,2026-06-15,初一下
2011,155,社团,2.4,2025-11-23,初一上
2012,155,实践,1.5,2026-06-02,初一下
2013,155,社团,0.6,2026-03-08,初一下
2014,156,社团,0.7,2025-10-27,初一上
2015,156,实践,0.6,2025-11-25,初一上
2016,156,实践,0.6,2026-04-05,初一下
2017,156,实践,5.7,2025-10-04,初一上
2018,156,阅读,0.7,2026-05-22,初一下
2019,156,社团,0.7,2026-01-09,初一上
2020,156,阅读,2.6,2025-12-05,初一上
2021,156,社团,1.9,2026-05-30,初一下
2022,156,社团,3.5,2025-10-03,初一上
2023,156,体育,2.5,2025-10-08,初一上
2024,156,阅读,2.3,2026-06-11,初一下
2025,156,社团,2.0,2026-05-26,初一下
2026,156,体育,0.7,2026-05-04,初一下
2027,156,社团,2.4,2026-06-25,初一下
2028,157,阅读,2.0,2025-10-01,初一上
2029,157,社团,1.7,2026-01-02,初一上
2030,157,体育,2.6,2026-05-30,初一下
2031,157,阅读,0.7,2025-09-29,初一上
2032,157,实践,2.5,2026-05-26,初一下
2033,157,体育,3.6,2025-09-28,初一上
2034,157,体育,0.8,2026-01-07,初一上
2035,157,阅读,2.3,2026-04-19,初一下
2036,157,体育,3.8,2026-02-20,初一下
2037,157,体育,0.7,2026-05-15,初一下
2038,157,阅读,2.4,2025-12-09,初一上
2039,157,实践,2.1,2025-12-17,初一上
2040,157,体育,0.9,2025-10-15,初一上
2041,157,实践,1.0,2025-09-04,初一上
2042,157,实践,5.9,2026-04-05,初一下
2043,157,阅读,1.2,2026-06-02,初一下
2044,157,社团,5.5,2026-04-09,初一下
2045,157,体育,1.1,2026-06-21,初一下
2046,158,社团,0.6,2025-11-18,初一上
2047,158,阅读,3.0,2025-12-23,初一上
2048,158,体育,3.6,2026-05-24,初一下
2049,158,实践,0.9,2025-11-23,初一上
2050,158,社团,1.3,2025-10-29,初一上
2051,158,实践,1.1,2026-06-01,初一下
2052,158,体育,4.0,2025-09-30,初一上
2053,158,体育,1.0,2025-09-04,初一上
2054,158,体育,2.3,2026-01-17,初一上
2055,158,实践,2.1,2025-12-19,初一上
2056,158,体育,1.1,2026-06-25,初一下
2057,158,实践,1.2,2026-03-23,初一下
2058,158,体育,1.2,2025-11-25,初一上
2059,158,体育,1.1,2025-09-17,初一上
2060,158,体育,1.2,2025-09-25,初一上
2061,159,实践,1.0,2026-05-13,初一下
2062,159,社团,2.4,2025-10-20,初一上
2063,159,体育,1.4,2026-01-04,初一上
2064,159,社团,0.7,2025-10-15,初一上
2065,159,阅读,3.5,2026-02-23,初一下
2066,159,实践,1.6,2026-01-04,初一上
2067,159,体育,0.9,2026-04-12,初一下
2068,159,社团,4.8,2026-04-07,初一下
2069,159,社团,0.7,2025-10-22,初一上
2070,159,体育,0.9,2025-11-04,初一上
2071,159,阅读,1.1,2026-03-20,初一下
2072,159,实践,1.3,2026-05-11,初一下
2073,159,体育,2.4,2026-06-11,初一下
2074,159,体育,4.4,2025-11-27,初一上
2075,159,体育,1.3,2025-11-03,初一上
2076,159,体育,0.9,2025-12-04,初一上
2077,159,社团,1.3,2026-06-24,初一下
2078,159,实践,1.2,2026-03-03,初一下
2079,160,实践,2.5,2025-09-02,初一上
2080,160,体育,0.8,2025-11-23,初一上
2081,160,实践,3.1,2025-11-10,初一上
2082,160,社团,6.2,2026-06-09,初一下
2083,160,体育,1.3,2026-06-01,初一下
2084,160,实践,2.8,2026-03-10,初一下
2085,160,阅读,3.5,2025-12-12,初一上
2086,160,实践,0.8,2025-12-14,初一上
2087,160,阅读,1.2,2026-06-08,初一下
2088,160,社团,1.6,2026-05-15,初一下
2089,160,体育,0.8,2026-01-09,初一上
2090,160,阅读,0.6,2025-10-05,初一上
2091,160,实践,2.5,2026-03-15,初一下
2092,160,体育,0.6,2026-04-25,初一下
2093,160,社团,1.2,2025-10-04,初一上
2094,161,体育,6.2,2026-02-20,初一下
2095,161,实践,1.1,2025-09-24,初一上
2096,161,阅读,0.6,2026-05-15,初一下
2097,161,体育,2.7,2026-06-09,初一下
2098,161,阅读,0.5,2025-10-07,初一上
2099,161,阅读,0.8,2025-12-03,初一上
2100,161,体育,0.5,2025-12-08,初一上
2101,161,实践,0.8,2025-09-30,初一上
2102,161,社团,5.7,2026-03-10,初一下
2103,161,实践,0.9,2025-12-27,初一上
2104,161,实践,1.3,2025-12-16,初一上
2105,161,实践,2.0,2026-03-15,初一下
2106,161,体育,1.7,2026-04-15,初一下
2107,161,实践,0.8,2026-02-24,初一下
2108,161,实践,0.7,2026-07-02,初一下
2109,161,社团,1.3,2025-12-22,初一上
2110,161,社团,1.4,2025-09-01,初一上
2111,162,体育,0.7,2025-11-15,初一上
2112,162,实践,0.9,2026-06-24,初一下
2113,162,实践,1.4,2025-12-06,初一上
2114,162,实践,5.1,2026-06-03,初一下
2115,162,阅读,0.6,2026-02-16,初一下
2116,162,阅读,3.2,2026-03-13,初一下
2117,162,社团,3.5,2025-11-28,初一上
2118,162,实践,1.7,2026-05-10,初一下
2119,162,体育,2.5,2026-04-30,初一下
2120,162,实践,2.8,2025-12-14,初一上
2121,162,阅读,3.0,2026-06-18,初一下
2122,162,社团,1.0,2025-11-21,初一上
2123,162,实践,2.3,2026-05-27,初一下
2124,162,社团,0.5,2026-04-08,初一下
2125,162,体育,1.2,2025-09-20,初一上
2126,162,体育,4.9,2026-04-21,初一下
2127,162,体育,2.5,2025-11-27,初一上
2128,162,阅读,0.8,2026-06-04,初一下
2129,163,阅读,3.0,2026-03-20,初一下
2130,163,社团,1.7,2026-04-26,初一下
2131,163,实践,2.4,2026-06-26,初一下
2132,163,阅读,2.6,2025-09-09,初一上
2133,163,体育,0.6,2026-06-28,初一下
2134,163,社团,0.9,2025-11-18,初一上
2135,163,实践,2.7,2025-09-24,初一上
2136,163,社团,0.6,2026-05-25,初一下
2137,163,体育,1.1,2025-11-20,初一上
2138,163,实践,0.6,2026-02-19,初一下
2139,163,体育,0.8,2025-09-07,初一上
2140,163,实践,0.5,2025-09-15,初一上
2141,163,体育,0.5,2025-12-25,初一上
2142,163,阅读,3.6,2026-01-11,初一上
2143,163,体育,1.2,2026-04-22,初一下
2144,163,实践,0.8,2026-06-08,初一下
2145,164,阅读,1.7,2026-05-23,初一下
2146,164,阅读,1.8,2026-03-05,初一下
2147,164,体育,1.3,2025-10-07,初一上
2148,164,实践,1.3,2025-10-22,初一上
2149,164,实践,0.9,2025-11-29,初一上
2150,164,体育,1.2,2026-03-20,初一下
2151,164,阅读,2.7,2026-04-01,初一下
2152,164,实践,1.0,2026-03-05,初一下
2153,164,阅读,0.6,2025-09-23,初一上
2154,164,体育,0.6,2025-10-21,初一上
2155,164,体育,1.2,2026-05-03,初一下
2156,165,阅读,2.9,2025-10-29,初一上
2157,165,体育,1.2,2025-11-03,初一上
2158,165,阅读,0.7,2026-06-03,初一下
2159,165,体育,1.9,2026-05-26,初一下
2160,165,体育,1.8,2026-02-25,初一下
2161,165,阅读,1.8,2026-03-30,初一下
2162,165,阅读,1.5,2026-03-06,初一下
2163,165,阅读,5.3,2025-11-19,初一上
2164,166,阅读,3.4,2025-09-06,初一上
2165,166,阅读,1.1,2026-01-09,初一上
2166,166,实践,1.6,2025-12-14,初一上
2167,166,社团,1.6,2025-10-12,初一上
2168,166,体育,2.5,2025-12-24,初一上
2169,166,社团,1.2,2025-10-17,初一上
2170,166,体育,2.5,2026-05-24,初一下
2171,166,阅读,1.2,2026-01-09,初一上
2172,167,实践,4.1,2026-03-02,初一下
2173,167,社团,1.0,2026-06-08,初一下
2174,167,体育,1.1,2026-05-30,初一下
2175,167,体育,1.3,2026-06-22,初一下
2176,167,体育,1.1,2025-10-05,初一上
2177,167,体育,5.2,2025-09-09,初一上
2178,167,体育,1.8,2025-09-16,初一上
2179,167,实践,1.0,2026-01-14,初一上
2180,167,体育,1.2,2026-05-08,初一下
2181,167,实践,1.4,2026-04-26,初一下
2182,168,社团,2.2,2026-03-16,初一下
2183,168,阅读,1.3,2025-11-08,初一上
2184,168,实践,2.5,2026-04-01,初一下
2185,168,体育,3.2,2026-05-09,初一下
2186,168,实践,0.9,2026-06-15,初一下
2187,168,体育,2.7,2025-10-19,初一上
2188,168,体育,1.4,2026-04-29,初一下
2189,168,社团,1.0,2026-06-18,初一下
2190,169,阅读,1.9,2025-11-22,初一上
2191,169,体育,5.6,2025-12-17,初一上
2192,169,阅读,3.1,2025-09-29,初一上
2193,169,体育,0.7,2026-03-14,初一下
2194,169,社团,0.9,2025-09-29,初一上
2195,169,实践,3.0,2026-06-06,初一下
2196,169,社团,2.7,2026-04-20,初一下
2197,169,阅读,1.9,2026-01-18,初一上
2198,169,实践,1.2,2026-03-07,初一下
2199,169,体育,2.4,2026-06-13,初一下
2200,169,实践,1.1,2026-04-30,初一下
2201,169,实践,2.9,2026-06-22,初一下
2202,170,阅读,3.0,2025-09-18,初一上
2203,170,体育,1.8,2025-11-06,初一上
2204,170,社团,1.4,2026-05-09,初一下
2205,170,实践,1.4,2025-10-16,初一上
2206,170,实践,0.8,2026-05-08,初一下
2207,170,体育,0.9,2026-03-01,初一下
2208,170,阅读,1.5,2025-11-16,初一上
2209,170,体育,0.7,2026-05-23,初一下
2210,171,阅读,4.5,2026-05-13,初一下
2211,171,实践,0.8,2026-07-01,初一下
2212,171,实践,7.6,2025-12-13,初一上
2213,171,阅读,2.3,2026-01-16,初一上
2214,171,体育,2.2,2025-10-22,初一上
2215,171,阅读,0.6,2025-11-08,初一上
2216,171,实践,2.2,2025-12-28,初一上
2217,171,体育,1.4,2025-12-06,初一上
2218,171,实践,3.7,2026-01-13,初一上
2219,171,社团,0.9,2026-03-29,初一下
2220,171,体育,1.2,2026-06-14,初一下
2221,172,社团,2.1,2025-12-15,初一上
2222,172,阅读,7.7,2025-10-19,初一上
2223,172,体育,5.0,2025-10-10,初一上
2224,172,实践,0.8,2025-11-11,初一上
2225,172,体育,1.3,2025-10-15,初一上
2226,172,社团,1.2,2025-10-06,初一上
2227,172,体育,1.3,2025-12-10,初一上
2228,172,阅读,2.1,2025-11-29,初一上
2229,172,阅读,1.2,2025-11-04,初一上
2230,172,体育,2.0,2026-01-07,初一上
2231,172,阅读,0.8,2026-04-27,初一下
2232,172,社团,3.2,2026-05-21,初一下
2233,173,体育,0.7,2025-10-11,初一上
2234,173,社团,1.2,2025-12-20,初一上
2235,173,体育,3.5,2026-04-05,初一下
2236,173,社团,1.4,2026-05-04,初一下
2237,173,社团,2.7,2025-11-18,初一上
2238,173,实践,2.7,2026-07-05,初一下
2239,173,体育,4.0,2026-05-19,初一下
2240,173,体育,1.8,2026-03-13,初一下
2241,173,体育,1.1,2026-06-24,初一下
2242,173,实践,4.3,2026-03-23,初一下
2243,173,体育,0.6,2025-10-20,初一上
2244,173,体育,0.9,2025-12-03,初一上
2245,174,社团,2.0,2026-02-28,初一下
2246,174,体育,2.7,2025-10-24,初一上
2247,174,社团,1.2,2025-10-14,初一上
2248,174,实践,0.6,2026-07-05,初一下
2249,174,体育,0.6,2026-04-02,初一下
2250,174,体育,2.4,2026-05-28,初一下
2251,174,阅读,1.4,2026-04-11,初一下
2252,174,体育,1.3,2026-04-10,初一下
2253,175,社团,2.3,2025-10-31,初一上
2254,175,体育,0.8,2025-12-13,初一上
2255,175,实践,1.5,2026-02-28,初一下
2256,175,体育,1.1,2026-06-23,初一下
2257,175,体育,1.3,2026-03-08,初一下
2258,175,社团,1.4,2025-12-20,初一上
2259,175,阅读,0.9,2025-11-05,初一上
2260,175,实践,0.7,2025-09-09,初一上
2261,175,体育,0.6,2025-09-25,初一上
2262,176,阅读,5.8,2026-05-19,初一下
2263,176,阅读,3.7,2026-05-05,初一下
2264,176,社团,1.0,2025-11-14,初一上
2265,176,体育,0.6,2026-01-15,初一上
2266,176,社团,1.4,2026-06-12,初一下
2267,176,体育,11.8,2026-03-26,初一下
2268,176,实践,1.5,2025-11-30,初一上
2269,176,体育,8.0,2025-09-27,初一上
2270,177,体育,2.1,2025-12-07,初一上
2271,177,体育,1.2,2025-11-19,初一上
2272,177,社团,0.7,2026-03-06,初一下
2273,177,体育,2.4,2025-12-16,初一上
2274,177,阅读,2.5,2026-06-21,初一下
2275,177,实践,0.7,2026-05-08,初一下
2276,177,阅读,2.8,2026-04-13,初一下
2277,177,阅读,0.5,2025-09-20,初一上
2278,177,实践,0.6,2026-05-16,初一下
2279,177,体育,3.3,2025-10-16,初一上
2280,177,社团,1.7,2026-03-27,初一下
2281,177,体育,1.9,2026-01-13,初一上
2282,177,社团,3.3,2025-11-28,初一上
2283,177,体育,0.7,2026-04-22,初一下
2284,177,体育,2.1,2025-12-27,初一上
2285,177,体育,2.2,2025-09-18,初一上
2286,177,阅读,0.8,2025-12-28,初一上
2287,177,体育,1.9,2026-01-11,初一上
2288,178,体育,3.7,2026-01-06,初一上
2289,178,体育,1.7,2025-11-05,初一上
2290,178,阅读,1.5,2026-05-08,初一下
2291,178,实践,5.3,2026-04-22,初一下
2292,178,阅读,4.1,2025-10-14,初一上
2293,178,阅读,1.3,2025-11-14,初一上
2294,178,实践,0.8,2025-10-11,初一上
2295,178,社团,1.4,2025-10-17,初一上
2296,178,体育,1.1,2025-12-01,初一上
2297,178,社团,1.1,2025-09-13,初一上
2298,178,体育,2.2,2026-03-23,初一下
2299,178,体育,1.4,2025-12-22,初一上
2300,178,体育,4.4,2026-07-06,初一下
2301,179,体育,1.5,2025-10-05,初一上
2302,179,实践,0.8,2026-03-04,初一下
2303,179,社团,1.2,2025-11-15,初一上
2304,179,社团,1.1,2025-09-14,初一上
2305,179,体育,1.9,2025-10-14,初一上
2306,179,体育,0.9,2026-02-27,初一下
2307,179,体育,1.2,2026-01-03,初一上
2308,179,体育,2.1,2026-05-28,初一下
2309,180,实践,1.1,2026-05-17,初一下
2310,180,体育,4.2,2026-04-10,初一下
2311,180,体育,0.6,2026-03-27,初一下
2312,180,实践,2.8,2026-06-30,初一下
2313,180,体育,0.8,2025-10-19,初一上
2314,180,实践,2.4,2025-09-07,初一上
2315,180,实践,4.0,2026-04-22,初一下
2316,180,实践,0.5,2025-11-13,初一上
2317,180,阅读,1.0,2026-04-19,初一下
2318,180,体育,3.1,2025-09-12,初一上
2319,181,体育,4.0,2026-01-02,初一上
2320,181,体育,1.1,2026-04-30,初一下
2321,181,实践,1.4,2026-06-16,初一下
2322,181,实践,6.8,2025-09-28,初一上
2323,181,体育,2.4,2025-12-30,初一上
2324,181,阅读,1.3,2026-01-03,初一上
2325,181,实践,0.9,2026-02-18,初一下
2326,181,阅读,0.6,2025-10-22,初一上
2327,181,体育,5.6,2026-05-18,初一下
2328,181,体育,0.9,2026-07-01,初一下
2329,181,体育,1.7,2026-07-01,初一下
2330,181,阅读,1.6,2026-05-11,初一下
2331,181,实践,1.3,2026-04-10,初一下
2332,181,社团,2.9,2026-05-02,初一下
2333,181,体育,4.0,2026-05-23,初一下
2334,181,体育,1.0,2026-05-23,初一下
2335,182,社团,5.0,2025-09-28,初一上
2336,182,体育,5.3,2025-10-20,初一上
2337,182,社团,0.9,2026-06-28,初一下
2338,182,体育,1.1,2026-01-07,初一上
2339,182,体育,2.8,2025-12-01,初一上
2340,182,实践,2.9,2026-01-15,初一上
2341,182,社团,4.7,2026-02-17,初一下
2342,182,体育,3.1,2026-04-12,初一下
2343,183,体育,1.2,2026-06-29,初一下
2344,183,社团,1.8,2025-12-27,初一上
2345,183,社团,1.0,2026-03-26,初一下
2346,183,体育,1.5,2026-03-05,初一下
2347,183,阅读,2.5,2025-11-26,初一上
2348,183,阅读,1.0,2026-01-03,初一上
2349,183,社团,6.4,2026-04-25,初一下
2350,183,社团,1.1,2026-01-10,初一上
2351,183,体育,1.1,2025-10-27,初一上
2352,183,实践,5.7,2025-10-24,初一上
2353,183,社团,2.4,2026-04-18,初一下
2354,183,体育,0.8,2026-03-22,初一下
2355,183,阅读,2.6,2026-02-26,初一下
2356,183,体育,1.1,2026-04-05,初一下
2357,183,阅读,2.9,2025-12-29,初一上
2358,183,体育,0.7,2025-11-14,初一上
2359,183,体育,1.3,2025-09-24,初一上
2360,184,体育,1.6,2026-06-14,初一下
2361,184,实践,4.9,2025-11-10,初一上
2362,184,社团,0.9,2025-12-16,初一上
2363,184,阅读,5.7,2026-07-02,初一下
2364,184,社团,1.1,2025-11-19,初一上
2365,184,体育,1.9,2026-05-26,初一下
2366,184,阅读,0.8,2026-06-18,初一下
2367,184,体育,5.9,2026-04-16,初一下
2368,184,实践,1.4,2026-03-12,初一下
2369,185,阅读,0.7,2025-09-14,初一上
2370,185,实践,3.7,2025-11-15,初一上
2371,185,体育,1.3,2026-01-06,初一上
2372,185,体育,2.2,2026-06-05,初一下
2373,185,体育,0.6,2026-04-11,初一下
2374,185,实践,3.8,2025-12-31,初一上
2375,185,社团,0.9,2025-09-27,初一上
2376,185,实践,1.3,2026-06-12,初一下
2377,186,阅读,0.6,2025-10-01,初一上
2378,186,社团,4.9,2025-11-07,初一上
2379,186,实践,0.7,2026-06-08,初一下
2380,186,阅读,1.9,2026-06-11,初一下
2381,186,社团,2.3,2025-10-08,初一上
2382,186,社团,1.0,2026-05-10,初一下
2383,186,体育,2.3,2026-03-28,初一下
2384,186,社团,2.3,2025-10-07,初一上
2385,186,体育,1.9,2025-10-13,初一上
2386,187,实践,1.3,2026-05-21,初一下
2387,187,阅读,0.7,2025-12-29,初一上
2388,187,实践,1.9,2025-09-16,初一上
2389,187,社团,0.6,2026-04-11,初一下
2390,187,实践,0.8,2026-06-02,初一下
2391,187,体育,3.5,2025-10-02,初一上
2392,187,阅读,0.6,2026-05-21,初一下
2393,187,阅读,1.0,2026-06-22,初一下
2394,187,体育,1.5,2026-01-05,初一上
2395,187,实践,2.0,2025-12-21,初一上
2396,187,体育,4.5,2026-04-22,初一下
2397,187,社团,3.5,2025-11-09,初一上
2398,187,体育,1.6,2026-02-16,初一下
2399,187,阅读,1.7,2025-09-16,初一上
2400,187,阅读,2.5,2026-02-25,初一下
2401,188,社团,1.6,2026-05-05,初一下
2402,188,体育,2.5,2025-12-26,初一上
2403,188,体育,3.1,2025-11-08,初一上
2404,188,实践,1.1,2026-06-20,初一下
2405,188,体育,0.8,2025-12-05,初一上
2406,188,阅读,1.0,2026-01-01,初一上
2407,188,体育,1.2,2025-12-15,初一上
2408,188,实践,4.5,2026-05-09,初一下
2409,188,社团,0.6,2026-06-10,初一下
2410,188,实践,3.3,2026-06-26,初一下
2411,188,社团,1.6,2026-04-19,初一下
2412,188,阅读,0.7,2026-03-05,初一下
2413,188,社团,0.9,2025-11-22,初一上
2414,188,体育,1.0,2025-10-07,初一上
2415,188,阅读,1.3,2026-03-02,初一下
2416,189,阅读,6.2,2025-09-12,初一上
2417,189,社团,0.7,2026-03-18,初一下
2418,189,体育,0.5,2025-09-26,初一上
2419,189,体育,1.3,2026-05-28,初一下
2420,189,阅读,0.5,2026-06-15,初一下
2421,189,体育,0.7,2026-03-25,初一下
2422,189,阅读,1.2,2026-02-16,初一下
2423,189,社团,1.9,2026-03-16,初一下
2424,189,实践,1.4,2025-12-24,初一上
2425,189,阅读,1.1,2026-03-14,初一下
2426,189,体育,2.3,2026-06-06,初一下
2427,189,实践,1.6,2025-11-23,初一上
2428,189,体育,0.7,2025-12-15,初一上
2429,189,社团,1.3,2026-04-02,初一下
2430,190,体育,4.8,2026-04-20,初一下
2431,190,阅读,1.7,2025-12-11,初一上
2432,190,实践,1.1,2025-09-18,初一上
2433,190,阅读,0.9,2026-06-26,初一下
2434,190,体育,1.0,2026-06-03,初一下
2435,190,社团,2.9,2026-06-19,初一下
2436,190,体育,1.8,2025-11-25,初一上
2437,190,实践,0.8,2026-03-01,初一下
2438,190,社团,0.8,2026-05-25,初一下
2439,190,社团,0.8,2026-06-27,初一下
2440,190,实践,2.9,2025-09-12,初一上
2441,190,体育,2.8,2025-12-21,初一上
2442,190,实践,1.0,2025-12-10,初一上
2443,190,体育,1.1,2025-11-21,初一上
2444,190,阅读,2.9,2026-02-24,初一下
2445,191,实践,3.5,2025-10-16,初一上
2446,191,社团,0.9,2026-03-28,初一下
2447,191,体育,1.0,2025-12-15,初一上
2448,191,体育,1.2,2026-04-13,初一下
2449,191,阅读,2.9,2026-04-14,初一下
2450,191,实践,0.6,2026-01-07,初一上
2451,191,社团,3.3,2026-03-06,初一下
2452,191,体育,2.9,2026-07-06,初一下
2453,191,体育,1.2,2025-12-03,初一上
2454,191,实践,1.0,2025-11-01,初一上
2455,191,阅读,1.0,2025-11-25,初一上
2456,191,实践,2.3,2026-04-14,初一下
2457,191,阅读,1.8,2025-09-30,初一上
2458,191,社团,1.5,2025-12-06,初一上
2459,191,社团,2.6,2026-05-25,初一下
2460,191,实践,1.1,2026-05-18,初一下
2461,191,体育,2.4,2026-05-22,初一下
2462,191,体育,1.8,2025-12-14,初一上
2463,192,体育,0.7,2026-02-25,初一下
2464,192,体育,4.3,2026-07-02,初一下
2465,192,体育,3.1,2026-04-25,初一下
2466,192,阅读,0.8,2026-03-11,初一下
2467,192,阅读,0.6,2025-10-19,初一上
2468,192,实践,1.0,2026-07-05,初一下
2469,192,体育,0.6,2026-04-01,初一下
2470,192,实践,3.9,2026-05-28,初一下
2471,192,体育,2.7,2025-12-12,初一上
2472,193,体育,4.3,2026-03-07,初一下
2473,193,体育,0.9,2025-12-31,初一上
2474,193,社团,0.6,2026-05-12,初一下
2475,193,体育,0.7,2025-09-18,初一上
2476,193,阅读,0.7,2025-12-26,初一上
2477,193,体育,0.5,2025-11-08,初一上
2478,193,体育,0.7,2026-05-12,初一下
2479,193,实践,0.9,2025-09-17,初一上
2480,193,实践,1.8,2026-06-04,初一下
2481,193,实践,7.4,2025-09-29,初一上
2482,193,社团,3.6,2025-11-08,初一上
2483,194,实践,1.0,2026-02-26,初一下
2484,194,社团,4.5,2025-09-01,初一上
2485,194,阅读,4.2,2025-11-09,初一上
2486,194,体育,1.9,2025-10-13,初一上
2487,194,体育,2.4,2026-03-06,初一下
2488,194,阅读,0.7,2026-02-27,初一下
2489,194,实践,2.0,2026-04-20,初一下
2490,194,实践,3.7,2026-05-04,初一下
2491,194,体育,1.3,2025-10-05,初一上
2492,194,实践,1.3,2026-06-27,初一下
2493,194,体育,0.5,2026-01-03,初一上
2494,194,阅读,3.0,2025-09-03,初一上
2495,194,体育,1.9,2026-01-12,初一上
2496,194,实践,3.1,2025-11-22,初一上
2497,195,社团,1.1,2025-11-26,初一上
2498,195,阅读,0.8,2026-04-13,初一下
2499,195,实践,2.8,2026-06-28,初一下
2500,195,体育,1.4,2026-02-25,初一下
2501,195,阅读,1.4,2025-09-28,初一上
2502,195,实践,4.7,2025-09-18,初一上
2503,195,体育,2.1,2025-12-15,初一上
2504,195,体育,1.7,2026-05-04,初一下
2505,195,体育,2.2,2026-02-21,初一下
2506,195,体育,1.2,2025-09-20,初一上
2507,195,阅读,1.5,2025-11-14,初一上
2508,195,体育,0.8,2026-06-10,初一下
2509,195,实践,2.7,2026-04-23,初一下
2510,195,阅读,0.9,2026-01-08,初一上
2511,195,阅读,1.9,2025-10-09,初一上
2512,195,阅读,2.3,2026-06-30,初一下
2513,196,社团,1.8,2025-12-09,初一上
2514,196,体育,1.1,2025-10-09,初一上
2515,196,社团,4.1,2025-11-02,初一上
2516,196,实践,5.1,2025-09-21,初一上
2517,196,阅读,3.1,2026-06-06,初一下
2518,196,实践,2.8,2026-06-02,初一下
2519,196,实践,1.5,2026-06-22,初一下
2520,196,体育,0.9,2025-12-17,初一上
2521,196,实践,0.5,2026-05-17,初一下
2522,196,阅读,3.2,2026-06-27,初一下
2523,196,阅读,2.6,2025-10-25,初一上
2524,197,体育,1.1,2025-12-11,初一上
2525,197,阅读,1.2,2026-05-17,初一下
2526,197,体育,0.9,2026-01-14,初一上
2527,197,体育,1.9,2026-03-24,初一下
2528,197,体育,1.2,2026-04-05,初一下
2529,197,社团,1.2,2025-10-03,初一上
2530,197,阅读,1.3,2025-09-06,初一上
2531,197,社团,2.2,2026-03-25,初一下
2532,198,实践,2.9,2026-06-21,初一下
2533,198,实践,0.9,2026-05-09,初一下
2534,198,阅读,0.9,2026-03-18,初一下
2535,198,社团,1.3,2025-11-22,初一上
2536,198,体育,1.7,2025-11-02,初一上
2537,198,实践,1.9,2026-02-25,初一下
2538,198,社团,0.8,2025-12-04,初一上
2539,198,实践,2.6,2026-04-28,初一下
2540,198,阅读,0.8,2025-12-31,初一上
2541,198,阅读,2.2,2026-07-05,初一下
2542,198,实践,2.3,2025-10-15,初一上
2543,198,实践,0.6,2025-12-20,初一上
2544,199,社团,0.5,2026-05-13,初一下
2545,199,社团,0.8,2026-02-24,初一下
2546,199,体育,2.5,2025-10-05,初一上
2547,199,社团,1.2,2025-09-23,初一上
2548,199,实践,2.6,2026-06-23,初一下
2549,199,社团,3.3,2025-09-07,初一上
2550,199,体育,2.0,2026-03-21,初一下
2551,199,社团,0.9,2026-05-19,初一下
2552,199,阅读,2.8,2025-10-05,初一上
2553,199,体育,0.7,2026-04-30,初一下
2554,199,社团,7.1,2026-06-12,初一下
2555,199,体育,2.5,2025-12-03,初一上
2556,199,实践,0.8,2025-11-11,初一上
2557,199,社团,1.1,2025-11-12,初一上
2558,199,体育,1.0,2025-09-19,初一上
2559,199,体育,2.5,2025-10-26,初一上
2560,199,社团,5.5,2025-11-01,初一上
2561,200,实践,0.6,2026-06-16,初一下
2562,200,社团,1.1,2026-03-22,初一下
2563,200,阅读,1.4,2025-09-25,初一上
2564,200,社团,1.5,2025-09-16,初一上
2565,200,社团,3.0,2026-02-16,初一下
2566,200,阅读,1.5,2026-01-09,初一上
2567,200,体育,3.9,2026-04-20,初一下
2568,200,社团,1.8,2026-04-01,初一下
2569,200,阅读,1.2,2026-02-20,初一下
2570,201,阅读,0.6,2025-10-05,初一上
2571,201,社团,1.8,2026-04-11,初一下
2572,201,阅读,1.4,2025-10-04,初一上
2573,201,实践,2.1,2025-11-07,初一上
2574,201,实践,1.3,2025-12-02,初一上
2575,201,阅读,1.4,2026-06-18,初一下
2576,201,体育,2.2,2026-04-03,初一下
2577,201,实践,5.1,2026-06-12,初一下
2578,201,实践,2.2,2026-05-19,初一下
2579,202,阅读,1.5,2026-07-02,初一下
2580,202,体育,3.1,2026-07-04,初一下
2581,202,实践,1.0,2026-04-02,初一下
2582,202,阅读,2.1,2025-11-13,初一上
2583,202,社团,1.0,2026-05-11,初一下
2584,202,实践,1.5,2025-12-04,初一上
2585,202,体育,0.9,2026-06-10,初一下
2586,202,体育,0.8,2026-03-02,初一下
2587,202,实践,1.7,2026-04-19,初一下
2588,202,社团,0.6,2026-01-13,初一上
2589,202,社团,1.3,2026-04-18,初一下
2590,202,体育,4.1,2025-09-14,初一上
2591,202,阅读,2.4,2025-11-21,初一上
2592,202,体育,0.7,2026-05-31,初一下
2593,202,体育,2.3,2025-12-17,初一上
2594,203,阅读,0.8,2026-05-10,初一下
2595,203,社团,2.8,2025-09-17,初一上
2596,203,实践,2.0,2025-11-25,初一上
2597,203,社团,1.5,2026-04-01,初一下
2598,203,实践,0.9,2025-11-25,初一上
2599,203,阅读,1.4,2025-09-23,初一上
2600,203,社团,1.5,2026-06-13,初一下
2601,203,实践,2.6,2026-01-05,初一上
2602,203,社团,1.4,2026-06-04,初一下
2603,203,实践,1.5,2025-12-12,初一上
2604,203,社团,3.5,2026-01-08,初一上
2605,203,社团,4.3,2026-05-17,初一下
2606,203,阅读,2.1,2026-06-22,初一下
2607,203,阅读,0.8,2026-03-09,初一下
2608,203,体育,0.8,2026-03-27,初一下
2609,203,体育,2.1,2025-09-06,初一上
2610,203,阅读,1.7,2026-01-19,初一上
2611,203,阅读,3.4,2025-09-06,初一上
2612,204,体育,3.0,2026-05-09,初一下
2613,204,体育,4.4,2026-03-15,初一下
2614,204,社团,0.7,2026-02-26,初一下
2615,204,社团,1.2,2026-06-09,初一下
2616,204,社团,0.8,2025-09-04,初一上
2617,204,体育,1.7,2025-09-01,初一上
2618,204,体育,0.6,2026-05-17,初一下
2619,204,体育,2.1,2026-04-03,初一下
2620,205,体育,4.5,2025-09-12,初一上
2621,205,体育,5.9,2026-03-17,初一下
2622,205,实践,3.4,2026-03-19,初一下
2623,205,实践,0.7,2026-03-27,初一下
2624,205,体育,1.4,2026-03-04,初一下
2625,205,实践,2.0,2025-10-26,初一上
2626,205,阅读,1.3,2026-04-09,初一下
2627,205,实践,0.5,2025-11-23,初一上
2628,205,社团,1.3,2025-12-20,初一上
2629,205,阅读,2.7,2026-05-22,初一下
2630,205,体育,0.6,2026-06-19,初一下
2631,205,体育,0.6,2026-06-09,初一下
2632,206,体育,1.7,2026-03-11,初一下
2633,206,阅读,1.1,2026-02-16,初一下
2634,206,实践,1.7,2026-06-18,初一下
2635,206,社团,1.3,2025-10-17,初一上
2636,206,实践,0.9,2025-12-15,初一上
2637,206,体育,2.1,2025-09-10,初一上
2638,206,实践,4.9,2026-04-24,初一下
2639,206,体育,1.8,2026-05-27,初一下
2640,206,体育,2.2,2026-06-23,初一下
2641,206,体育,1.2,2026-06-17,初一下
2642,206,体育,2.8,2025-09-24,初一上
2643,207,体育,0.6,2025-12-02,初一上
2644,207,实践,1.3,2026-07-02,初一下
2645,207,体育,2.4,2026-05-24,初一下
2646,207,体育,0.6,2026-04-09,初一下
2647,207,社团,4.4,2026-02-18,初一下
2648,207,社团,3.5,2026-03-11,初一下
2649,207,实践,2.6,2026-01-06,初一上
2650,207,实践,0.9,2026-01-12,初一上
2651,207,阅读,0.6,2025-11-16,初一上
2652,207,体育,1.4,2026-05-25,初一下
2653,207,体育,1.2,2026-06-02,初一下
2654,207,体育,0.6,2025-10-17,初一上
2655,207,实践,1.8,2026-03-10,初一下
2656,207,实践,5.5,2026-04-09,初一下
2657,207,阅读,2.3,2026-04-17,初一下
2658,208,实践,3.8,2026-03-04,初一下
2659,208,社团,0.6,2026-05-27,初一下
2660,208,实践,0.9,2026-04-12,初一下
2661,208,实践,2.5,2025-09-16,初一上
2662,208,体育,2.4,2026-04-08,初一下
2663,208,阅读,0.7,2026-03-25,初一下
2664,208,体育,6.4,2025-09-14,初一上
2665,208,阅读,1.1,2026-03-07,初一下
2666,208,实践,1.1,2026-04-23,初一下
2667,209,社团,1.8,2025-09-24,初一上
2668,209,社团,3.5,2025-12-03,初一上
2669,209,阅读,1.5,2025-12-31,初一上
2670,209,实践,2.0,2025-12-16,初一上
2671,209,阅读,3.9,2026-03-28,初一下
2672,209,阅读,0.7,2026-03-29,初一下
2673,209,实践,2.4,2026-07-05,初一下
2674,209,实践,8.5,2026-06-08,初一下
2675,210,社团,1.4,2026-01-01,初一上
2676,210,体育,4.1,2025-09-13,初一上
2677,210,社团,0.7,2025-11-03,初一上
2678,210,社团,1.9,2025-09-27,初一上
2679,210,阅读,2.6,2025-10-03,初一上
2680,210,实践,7.0,2026-06-26,初一下
2681,210,社团,3.0,2025-12-30,初一上
2682,210,实践,0.7,2026-06-03,初一下
2683,210,阅读,2.3,2025-10-11,初一上
2684,210,实践,0.6,2025-11-03,初一上
2685,210,社团,1.7,2026-07-05,初一下
2686,210,实践,3.7,2026-03-07,初一下
2687,210,实践,1.0,2026-06-23,初一下
2688,210,体育,1.0,2026-03-09,初一下
2689,210,阅读,3.6,2025-09-18,初一上
2690,211,体育,0.6,2026-06-21,初一下
2691,211,阅读,1.0,2025-12-21,初一上
2692,211,阅读,2.9,2025-09-02,初一上
2693,211,体育,0.7,2025-10-08,初一上
2694,211,阅读,1.9,2025-10-28,初一上
2695,211,实践,0.5,2025-12-01,初一上
2696,211,实践,1.2,2026-01-18,初一上
2697,211,社团,2.7,2026-06-30,初一下
2698,211,阅读,3.0,2026-03-14,初一下
2699,211,实践,2.3,2026-04-06,初一下
2700,211,体育,0.8,2026-05-31,初一下
2701,211,阅读,2.5,2026-06-20,初一下
2702,211,体育,2.3,2025-12-15,初一上
2703,211,阅读,3.4,2026-06-23,初一下
2704,211,社团,4.3,2026-06-01,初一下
2705,211,体育,3.5,2026-05-19,初一下
2706,212,体育,2.1,2026-05-30,初一下
2707,212,阅读,2.7,2026-05-16,初一下
2708,212,实践,3.7,2025-11-26,初一上
2709,212,体育,1.4,2025-09-04,初一上
2710,212,实践,1.2,2026-07-01,初一下
2711,212,实践,0.9,2025-09-28,初一上
2712,212,体育,1.0,2025-12-17,初一上
2713,212,阅读,1.7,2026-06-21,初一下
2714,212,社团,0.7,2026-04-21,初一下
2715,212,阅读,2.9,2026-06-07,初一下
2716,212,社团,0.8,2025-10-25,初一上
2717,212,体育,1.2,2026-07-02,初一下
2718,212,社团,0.7,2026-05-23,初一下
2719,213,实践,3.4,2026-01-01,初一上
2720,213,实践,3.0,2025-10-10,初一上
2721,213,体育,1.1,2026-03-31,初一下
2722,213,实践,1.3,2025-09-20,初一上
2723,213,体育,3.8,2026-02-16,初一下
2724,213,体育,0.7,2025-10-26,初一上
2725,213,体育,5.0,2026-05-01,初一下
2726,213,社团,0.9,2026-01-19,初一上
2727,213,体育,2.1,2026-04-19,初一下
2728,213,阅读,1.3,2026-05-07,初一下
2729,213,实践,1.5,2025-11-22,初一上
2730,214,体育,0.6,2026-03-29,初一下
2731,214,体育,1.9,2025-11-09,初一上
2732,214,体育,3.4,2026-06-20,初一下
2733,214,阅读,1.4,2026-04-17,初一下
2734,214,体育,2.6,2026-05-23,初一下
2735,214,体育,1.1,2026-01-15,初一上
2736,214,社团,1.9,2026-03-17,初一下
2737,214,阅读,0.7,2025-12-22,初一上
2738,214,实践,3.7,2026-06-20,初一下
2739,214,阅读,4.8,2025-12-09,初一上
2740,215,社团,4.2,2026-04-24,初一下
2741,215,阅读,1.4,2026-05-26,初一下
2742,215,阅读,0.7,2025-12-21,初一上
2743,215,社团,1.5,2025-11-21,初一上
2744,215,社团,1.8,2025-11-26,初一上
2745,215,实践,1.8,2026-04-21,初一下
2746,215,社团,2.1,2026-06-18,初一下
2747,215,阅读,0.9,2026-04-28,初一下
2748,215,阅读,0.6,2025-12-22,初一上
2749,215,实践,1.3,2025-09-21,初一上
2750,215,实践,2.1,2025-10-27,初一上
2751,215,社团,1.0,2026-06-27,初一下
2752,215,体育,2.5,2026-06-09,初一下
2753,215,实践,2.8,2026-05-25,初一下
2754,216,实践,1.0,2025-10-03,初一上
2755,216,实践,1.9,2025-09-11,初一上
2756,216,体育,0.6,2025-09-16,初一上
2757,216,社团,1.4,2026-02-19,初一下
2758,216,阅读,0.9,2026-04-30,初一下
2759,216,社团,2.6,2026-03-17,初一下
2760,216,体育,1.6,2026-04-15,初一下
2761,216,社团,2.2,2026-05-09,初一下
2762,216,实践,1.2,2026-04-29,初一下
2763,217,体育,2.1,2026-03-14,初一下
2764,217,阅读,0.6,2025-10-19,初一上
2765,217,阅读,0.9,2025-11-03,初一上
2766,217,体育,1.1,2025-12-14,初一上
2767,217,实践,1.4,2026-04-17,初一下
2768,217,体育,2.8,2025-12-05,初一上
2769,217,体育,1.1,2025-12-04,初一上
2770,217,阅读,2.6,2026-05-07,初一下
2771,218,阅读,1.7,2026-04-05,初一下
2772,218,体育,2.1,2026-06-04,初一下
2773,218,社团,2.0,2025-09-13,初一上
2774,218,实践,1.0,2026-06-12,初一下
2775,218,社团,1.3,2026-01-10,初一上
2776,218,阅读,8.0,2025-12-21,初一上
2777,218,体育,0.6,2026-06-01,初一下
2778,218,社团,1.1,2026-01-06,初一上
2779,218,体育,1.3,2026-06-24,初一下
2780,218,社团,1.2,2026-05-12,初一下
2781,218,社团,1.3,2025-09-15,初一上
2782,218,阅读,3.2,2026-04-28,初一下
2783,218,阅读,6.2,2026-02-27,初一下
2784,218,社团,3.4,2026-03-23,初一下
2785,218,实践,1.0,2026-03-28,初一下
2786,218,体育,1.6,2025-09-21,初一上
2787,218,阅读,1.9,2025-12-23,初一上
2788,219,体育,0.5,2026-03-30,初一下
2789,219,体育,0.7,2026-05-07,初一下
2790,219,实践,2.0,2025-12-27,初一上
2791,219,社团,1.8,2026-01-08,初一上
2792,219,体育,2.1,2026-02-17,初一下
2793,219,社团,3.3,2026-05-11,初一下
2794,219,体育,1.2,2026-04-08,初一下
2795,219,社团,0.7,2025-12-03,初一上
2796,219,体育,1.8,2025-12-10,初一上
2797,219,阅读,3.2,2026-06-18,初一下
2798,219,阅读,0.9,2025-12-21,初一上
2799,219,阅读,1.3,2025-12-04,初一上
2800,219,社团,0.6,2025-12-26,初一上
2801,219,体育,1.4,2025-11-29,初一上
2802,219,社团,1.1,2025-10-19,初一上
2803,219,体育,2.1,2025-12-14,初一上
2804,219,阅读,1.2,2026-06-10,初一下
2805,220,体育,2.3,2026-04-14,初一下
2806,220,体育,0.8,2026-03-27,初一下
2807,220,体育,2.7,2025-11-13,初一上
2808,220,社团,1.2,2025-11-19,初一上
2809,220,体育,1.5,2025-10-28,初一上
2810,220,社团,0.9,2026-03-14,初一下
2811,220,体育,2.6,2026-04-18,初一下
2812,220,实践,1.0,2025-12-19,初一上
2813,220,社团,3.9,2025-09-10,初一上
2814,220,实践,1.3,2026-07-01,初一下
2815,221,体育,1.5,2026-06-04,初一下
2816,221,阅读,1.4,2026-06-01,初一下
2817,221,阅读,1.9,2025-12-12,初一上
2818,221,社团,1.9,2026-06-19,初一下
2819,221,实践,1.8,2026-05-16,初一下
2820,221,社团,0.8,2026-06-10,初一下
2821,221,实践,1.0,2025-11-23,初一上
2822,221,社团,1.7,2026-03-13,初一下
2823,221,体育,9.1,2025-11-21,初一上
2824,221,社团,1.2,2026-06-19,初一下
2825,221,体育,1.1,2025-11-30,初一上
2826,222,体育,1.2,2026-05-10,初一下
2827,222,体育,3.2,2026-03-26,初一下
2828,222,阅读,2.1,2025-11-27,初一上
2829,222,实践,4.0,2026-06-24,初一下
2830,222,社团,0.7,2026-05-19,初一下
2831,222,阅读,2.6,2026-03-26,初一下
2832,222,社团,1.3,2026-01-13,初一上
2833,222,体育,3.3,2025-10-10,初一上
2834,223,实践,0.9,2026-03-17,初一下
2835,223,体育,0.7,2025-11-27,初一上
2836,223,体育,2.5,2026-05-24,初一下
2837,223,社团,0.9,2026-03-10,初一下
2838,223,实践,1.5,2025-11-12,初一上
2839,223,阅读,0.9,2025-11-10,初一上
2840,223,实践,2.1,2026-05-18,初一下
2841,223,体育,1.7,2025-09-11,初一上
2842,223,体育,1.7,2025-11-19,初一上
2843,223,社团,2.3,2026-05-04,初一下
2844,223,体育,0.6,2025-10-06,初一上
2845,223,阅读,0.6,2026-01-01,初一上
2846,224,社团,0.7,2026-06-07,初一下
2847,224,实践,1.4,2026-06-25,初一下
2848,224,阅读,1.1,2025-10-28,初一上
2849,224,体育,1.0,2026-04-11,初一下
2850,224,阅读,3.7,2025-12-13,初一上
2851,224,体育,3.8,2026-06-20,初一下
2852,224,实践,0.9,2025-10-13,初一上
2853,224,阅读,3.1,2026-05-19,初一下
2854,225,实践,1.5,2026-05-29,初一下
2855,225,实践,3.1,2025-09-10,初一上
2856,225,体育,1.1,2025-09-09,初一上
2857,225,体育,1.4,2026-05-18,初一下
2858,225,阅读,0.8,2026-01-19,初一上
2859,225,体育,4.9,2025-11-09,初一上
2860,225,体育,1.1,2026-06-22,初一下
2861,225,实践,1.2,2025-11-20,初一上
2862,225,体育,2.1,2025-11-17,初一上
2863,225,阅读,0.7,2025-12-06,初一上
2864,225,体育,0.6,2025-12-22,初一上
2865,225,体育,1.5,2026-01-07,初一上
2866,225,阅读,1.3,2026-04-10,初一下
2867,226,社团,3.1,2025-10-29,初一上
2868,226,体育,0.6,2026-05-24,初一下
2869,226,阅读,0.6,2025-10-17,初一上
2870,226,实践,2.4,2025-12-03,初一上
2871,226,实践,2.2,2025-09-26,初一上
2872,226,实践,1.0,2026-04-21,初一下
2873,226,实践,0.9,2026-04-23,初一下
2874,226,实践,1.7,2026-05-25,初一下
2875,226,体育,2.0,2025-12-04,初一上
2876,227,体育,3.3,2026-06-21,初一下
2877,227,体育,1.2,2026-05-20,初一下
2878,227,体育,0.8,2025-09-16,初一上
2879,227,社团,0.6,2026-03-18,初一下
2880,227,体育,1.1,2026-04-16,初一下
2881,227,社团,1.1,2025-09-23,初一上
2882,227,社团,5.9,2026-06-22,初一下
2883,227,社团,1.0,2025-12-18,初一上
2884,227,实践,3.9,2025-11-11,初一上
2885,227,体育,3.2,2025-12-07,初一上
2886,227,实践,2.0,2025-11-07,初一上
2887,227,实践,0.8,2026-06-10,初一下
2888,227,社团,0.6,2025-12-16,初一上
2889,227,社团,0.6,2026-02-25,初一下
2890,227,阅读,0.5,2026-04-24,初一下
2891,228,社团,2.4,2026-05-21,初一下
2892,228,社团,1.3,2026-03-10,初一下
2893,228,体育,3.1,2025-10-27,初一上
2894,228,体育,1.4,2026-02-27,初一下
2895,228,阅读,2.9,2026-06-25,初一下
2896,228,阅读,2.3,2026-06-05,初一下
2897,228,体育,0.8,2025-09-06,初一上
2898,228,实践,0.9,2026-01-19,初一上
2899,228,社团,0.6,2025-12-23,初一上
2900,229,阅读,1.7,2026-04-23,初一下
2901,229,实践,1.3,2026-02-16,初一下
2902,229,阅读,3.7,2025-12-21,初一上
2903,229,体育,0.6,2025-10-19,初一上
2904,229,体育,11.8,2026-04-05,初一下
2905,229,社团,2.2,2026-03-27,初一下
2906,229,社团,3.3,2026-05-17,初一下
2907,229,阅读,0.9,2026-05-25,初一下
2908,229,社团,6.9,2025-10-21,初一上
2909,229,阅读,0.5,2025-12-20,初一上
2910,229,体育,1.1,2025-09-23,初一上
2911,230,社团,1.9,2026-01-02,初一上
2912,230,实践,1.4,2026-02-17,初一下
2913,230,实践,3.1,2026-05-29,初一下
2914,230,社团,3.3,2026-01-09,初一上
2915,230,体育,0.7,2026-06-30,初一下
2916,230,体育,2.5,2025-09-04,初一上
2917,230,阅读,2.1,2026-03-28,初一下
2918,230,体育,3.4,2026-03-06,初一下
2919,230,体育,1.0,2025-12-10,初一上
2920,230,实践,4.5,2025-10-23,初一上
2921,230,社团,0.6,2026-02-24,初一下
2922,231,体育,4.7,2025-11-14,初一上
2923,231,阅读,3.7,2026-07-03,初一下
2924,231,社团,0.9,2026-06-13,初一下
2925,231,实践,0.5,2026-03-26,初一下
2926,231,阅读,0.6,2026-04-25,初一下
2927,231,体育,3.2,2025-09-19,初一上
2928,231,社团,1.3,2025-12-16,初一上
2929,231,体育,2.1,2026-05-15,初一下
2930,231,体育,2.2,2026-03-28,初一下
2931,231,体育,2.3,2026-05-31,初一下
2932,231,社团,0.5,2026-02-17,初一下
2933,231,社团,0.6,2026-04-15,初一下
2934,231,实践,1.0,2026-06-04,初一下
2935,231,社团,2.5,2026-06-24,初一下
2936,231,体育,1.5,2025-10-18,初一上
2937,231,实践,1.5,2025-10-19,初一上
2938,231,体育,1.0,2025-12-11,初一上
2939,231,社团,2.4,2025-10-23,初一上
2940,232,社团,1.1,2026-03-12,初一下
2941,232,阅读,1.7,2025-09-27,初一上
2942,232,体育,2.4,2026-05-30,初一下
2943,232,体育,1.9,2026-07-04,初一下
2944,232,实践,1.0,2025-10-11,初一上
2945,232,阅读,1.7,2025-12-18,初一上
2946,232,社团,1.2,2026-01-16,初一上
2947,232,体育,0.6,2025-10-01,初一上
2948,232,体育,0.8,2026-01-07,初一上
2949,233,实践,2.3,2025-09-06,初一上
2950,233,阅读,1.5,2026-06-05,初一下
2951,233,阅读,0.9,2026-01-07,初一上
2952,233,实践,0.6,2026-04-03,初一下
2953,233,实践,1.4,2025-12-07,初一上
2954,233,体育,1.1,2026-03-03,初一下
2955,233,社团,1.2,2026-05-28,初一下
2956,233,实践,1.0,2025-10-07,初一上
2957,233,阅读,6.2,2026-04-01,初一下
2958,233,体育,3.0,2025-11-19,初一上
2959,233,社团,1.1,2026-03-21,初一下
2960,233,实践,1.7,2025-11-26,初一上
2961,233,社团,1.8,2026-01-19,初一上
2962,233,体育,0.9,2025-12-19,初一上
2963,233,实践,2.7,2025-11-02,初一上
2964,233,实践,3.5,2026-02-27,初一下
2965,234,体育,1.9,2026-05-17,初一下
2966,234,体育,3.5,2025-12-18,初一上
2967,234,体育,1.8,2026-06-03,初一下
2968,234,体育,1.8,2026-02-28,初一下
2969,234,实践,1.6,2025-12-17,初一上
2970,234,实践,1.3,2025-12-10,初一上
2971,234,实践,1.7,2025-09-30,初一上
2972,234,社团,5.0,2026-02-26,初一下
2973,234,阅读,3.6,2026-04-14,初一下
2974,234,社团,1.5,2026-04-07,初一下
2975,234,阅读,0.8,2026-01-13,初一上
2976,234,实践,1.3,2026-03-09,初一下
2977,234,体育,2.3,2026-04-07,初一下
2978,234,阅读,0.7,2025-10-20,初一上
2979,235,体育,1.1,2025-09-17,初一上
2980,235,实践,3.1,2025-10-14,初一上
2981,235,体育,1.4,2026-04-15,初一下
2982,235,实践,1.5,2025-11-24,初一上
2983,235,体育,1.2,2025-10-10,初一上
2984,235,实践,2.1,2025-10-15,初一上
2985,235,阅读,1.0,2025-12-26,初一上
2986,235,体育,0.6,2025-11-23,初一上
2987,235,实践,4.1,2026-02-25,初一下
2988,235,社团,0.7,2025-11-15,初一上
2989,235,阅读,2.4,2026-01-19,初一上
2990,235,实践,1.5,2026-06-21,初一下
2991,235,实践,2.6,2026-05-01,初一下
2992,235,社团,2.4,2025-09-22,初一上
2993,235,社团,2.0,2026-05-06,初一下
2994,235,体育,0.6,2026-04-25,初一下
2995,235,阅读,1.0,2026-07-05,初一下
2996,236,体育,1.3,2026-01-01,初一上
2997,236,实践,0.5,2026-05-19,初一下
2998,236,实践,5.6,2026-02-20,初一下
2999,236,阅读,0.9,2026-05-13,初一下
3000,236,阅读,7.8,2026-01-17,初一上
3001,236,体育,0.9,2026-05-19,初一下
3002,236,社团,2.3,2025-09-04,初一上
3003,236,社团,1.5,2026-06-14,初一下
3004,237,阅读,1.0,2026-06-24,初一下
3005,237,体育,2.5,2025-11-12,初一上
3006,237,体育,1.7,2025-10-24,初一上
3007,237,社团,2.1,2025-09-29,初一上
3008,237,体育,1.7,2026-06-03,初一下
3009,237,阅读,0.6,2026-04-24,初一下
3010,237,体育,5.8,2025-09-30,初一上
3011,237,体育,1.9,2025-09-22,初一上
3012,238,社团,2.7,2025-09-20,初一上
3013,238,体育,0.8,2026-04-27,初一下
3014,238,阅读,1.9,2025-12-08,初一上
3015,238,体育,2.2,2026-04-15,初一下
3016,238,实践,1.4,2025-09-30,初一上
3017,238,体育,1.1,2026-03-12,初一下
3018,238,体育,2.2,2026-03-01,初一下
3019,238,实践,5.4,2025-10-19,初一上
3020,238,社团,2.0,2025-09-02,初一上
3021,238,实践,2.0,2025-12-31,初一上
3022,238,实践,1.1,2025-12-24,初一上
3023,238,社团,0.8,2025-11-15,初一上
3024,239,社团,3.7,2026-06-08,初一下
3025,239,阅读,0.6,2025-12-01,初一上
3026,239,体育,2.2,2025-12-16,初一上
3027,239,实践,1.8,2025-12-03,初一上
3028,239,阅读,2.3,2026-03-10,初一下
3029,239,阅读,3.4,2026-06-06,初一下
3030,239,社团,2.8,2025-12-02,初一上
3031,239,阅读,1.5,2025-11-07,初一上
3032,239,阅读,1.2,2025-11-01,初一上
3033,239,阅读,1.3,2025-10-09,初一上
3034,239,体育,1.5,2026-01-13,初一上
3035,239,实践,2.4,2026-06-18,初一下
3036,239,实践,2.8,2025-09-14,初一上
3037,240,社团,1.2,2025-10-03,初一上
3038,240,阅读,1.3,2026-06-22,初一下
3039,240,体育,5.9,2026-03-29,初一下
3040,240,体育,3.5,2026-03-19,初一下
3041,240,体育,0.9,2026-06-30,初一下
3042,240,体育,1.4,2026-06-29,初一下
3043,240,实践,4.7,2025-12-12,初一上
3044,240,社团,0.7,2025-09-26,初一上
3045,240,体育,5.1,2026-03-15,初一下
3046,240,阅读,5.8,2026-03-17,初一下
3047,240,阅读,0.6,2025-09-18,初一上
3048,240,社团,0.9,2026-03-29,初一下
3049,240,体育,0.5,2026-03-17,初一下
3050,240,体育,3.8,2025-11-14,初一上
3051,241,体育,0.7,2026-05-06,初一下
3052,241,社团,1.0,2026-03-01,初一下
3053,241,体育,4.4,2026-06-17,初一下
3054,241,社团,1.2,2025-10-20,初一上
3055,241,体育,1.2,2026-02-17,初一下
3056,241,实践,1.1,2025-09-24,初一上
3057,241,实践,4.2,2026-05-30,初一下
3058,241,社团,6.9,2025-12-28,初一上
3059,241,实践,3.5,2025-12-09,初一上
3060,241,社团,0.9,2025-10-23,初一上
3061,241,实践,2.1,2025-09-30,初一上
3062,241,阅读,1.4,2025-10-03,初一上
3063,241,体育,3.2,2026-04-11,初一下
3064,241,实践,3.2,2025-09-24,初一上
3065,241,体育,1.7,2025-12-26,初一上
3066,241,社团,3.6,2025-09-08,初一上
3067,242,实践,1.0,2026-05-01,初一下
3068,242,社团,1.9,2025-12-12,初一上
3069,242,社团,5.2,2025-12-22,初一上
3070,242,实践,1.2,2025-11-14,初一上
3071,242,社团,3.6,2025-10-02,初一上
3072,242,体育,1.9,2026-04-28,初一下
3073,242,体育,1.7,2025-11-09,初一上
3074,242,体育,1.7,2025-11-17,初一上
3075,242,实践,3.7,2025-10-02,初一上
3076,242,阅读,2.3,2026-06-17,初一下
3077,242,阅读,1.2,2026-05-01,初一下
3078,243,社团,1.0,2026-03-13,初一下
3079,243,社团,4.6,2026-03-26,初一下
3080,243,体育,2.2,2025-11-11,初一上
3081,243,实践,3.0,2026-05-27,初一下
3082,243,体育,0.8,2026-03-25,初一下
3083,243,体育,3.5,2026-01-05,初一上
3084,243,实践,3.0,2026-06-04,初一下
3085,243,阅读,3.1,2026-05-10,初一下
3086,243,实践,0.5,2025-10-30,初一上
3087,243,实践,2.0,2025-12-20,初一上
3088,243,体育,1.5,2026-05-07,初一下
3089,243,体育,1.0,2025-12-20,初一上
3090,243,体育,5.1,2025-11-22,初一上
3091,243,实践,4.0,2026-03-14,初一下
3092,243,体育,1.3,2025-10-25,初一上
3093,243,体育,3.1,2026-03-14,初一下
3094,243,社团,1.6,2025-11-14,初一上
3095,243,实践,3.1,2026-04-18,初一下
3096,244,体育,1.9,2026-04-28,初一下
3097,244,阅读,3.4,2026-06-21,初一下
3098,244,实践,0.7,2026-06-23,初一下
3099,244,社团,2.5,2025-10-31,初一上
3100,244,实践,1.0,2026-04-14,初一下
3101,244,体育,1.0,2026-06-16,初一下
3102,244,社团,1.2,2025-12-20,初一上
3103,244,社团,0.7,2026-02-24,初一下
3104,244,实践,2.4,2025-12-19,初一上
3105,244,阅读,6.4,2026-03-27,初一下
3106,244,社团,1.2,2026-04-18,初一下
3107,244,社团,0.5,2026-01-02,初一上
3108,244,体育,1.2,2026-02-28,初一下
3109,244,实践,0.5,2026-02-17,初一下
3110,244,社团,1.8,2025-12-31,初一上
3111,244,实践,2.4,2025-09-22,初一上
3112,244,体育,1.0,2026-01-11,初一上
3113,244,阅读,0.8,2026-05-28,初一下
3114,245,阅读,0.6,2026-05-28,初一下
3115,245,社团,3.6,2025-12-11,初一上
3116,245,阅读,1.6,2025-10-15,初一上
3117,245,阅读,0.6,2026-03-07,初一下
3118,245,社团,1.1,2026-03-12,初一下
3119,245,阅读,1.4,2025-11-28,初一上
3120,245,体育,1.3,2026-02-25,初一下
3121,245,实践,3.5,2026-04-02,初一下
3122,245,实践,1.3,2026-06-27,初一下
3123,245,体育,1.0,2026-01-09,初一上
3124,245,社团,1.3,2025-12-10,初一上
3125,245,实践,1.2,2025-09-23,初一上
3126,245,体育,0.6,2025-10-09,初一上
3127,245,体育,7.3,2025-12-27,初一上
3128,245,体育,1.4,2026-03-23,初一下
3129,245,阅读,0.8,2025-10-12,初一上
3130,246,体育,1.5,2026-03-19,初一下
3131,246,体育,1.6,2026-04-01,初一下
3132,246,体育,1.3,2026-03-17,初一下
3133,246,社团,1.1,2026-03-11,初一下
3134,246,体育,2.3,2025-11-11,初一上
3135,246,体育,2.2,2026-01-06,初一上
3136,246,阅读,1.1,2026-04-05,初一下
3137,246,实践,1.7,2025-10-22,初一上
3138,246,社团,0.7,2026-06-21,初一下
3139,246,体育,1.5,2026-01-04,初一上
3140,246,实践,1.5,2026-04-03,初一下
3141,247,阅读,0.8,2026-03-04,初一下
3142,247,体育,0.8,2026-03-24,初一下
3143,247,体育,0.7,2026-02-28,初一下
3144,247,阅读,3.5,2026-03-22,初一下
3145,247,体育,2.5,2026-04-14,初一下
3146,247,社团,0.8,2025-12-03,初一上
3147,247,体育,3.2,2026-07-06,初一下
3148,247,社团,1.1,2026-06-22,初一下
3149,247,体育,1.1,2025-12-11,初一上
3150,248,阅读,0.6,2025-11-01,初一上
3151,248,体育,2.4,2026-03-14,初一下
3152,248,体育,0.9,2025-09-19,初一上
3153,248,阅读,1.4,2025-10-24,初一上
3154,248,社团,0.7,2025-09-28,初一上
3155,248,体育,2.8,2025-12-31,初一上
3156,248,阅读,1.5,2026-04-05,初一下
3157,248,体育,4.7,2026-02-27,初一下
3158,248,实践,0.9,2025-11-06,初一上
3159,248,实践,0.6,2026-04-28,初一下
3160,248,体育,1.1,2026-03-14,初一下
3161,248,阅读,1.6,2025-10-25,初一上
3162,249,实践,1.8,2026-03-03,初一下
3163,249,体育,3.1,2026-04-10,初一下
3164,249,体育,1.7,2025-11-03,初一上
3165,249,体育,0.8,2026-02-19,初一下
3166,249,体育,1.9,2026-06-08,初一下
3167,249,社团,0.8,2026-01-01,初一上
3168,249,体育,3.1,2025-10-02,初一上
3169,249,实践,0.6,2025-09-29,初一上
3170,249,实践,0.8,2026-04-04,初一下
3171,249,实践,1.3,2025-12-06,初一上
3172,250,体育,0.9,2026-04-16,初一下
3173,250,体育,1.7,2025-09-25,初一上
3174,250,实践,2.5,2025-10-24,初一上
3175,250,阅读,2.3,2026-03-03,初一下
3176,250,社团,0.7,2026-04-25,初一下
3177,250,社团,3.4,2026-03-31,初一下
3178,250,阅读,0.9,2026-05-20,初一下
3179,250,体育,0.7,2026-05-05,初一下
3180,250,社团,1.3,2025-12-22,初一上
3181,250,社团,0.6,2026-02-19,初一下
3182,250,体育,0.8,2025-11-22,初一上
3183,250,阅读,1.8,2025-12-01,初一上
3184,250,阅读,0.5,2026-06-25,初一下
3185,250,实践,1.4,2025-10-23,初一上
3186,250,体育,2.8,2026-03-13,初一下
3187,250,体育,1.0,2026-01-09,初一上
3188,250,社团,3.2,2025-10-16,初一上
3189,250,体育,5.4,2026-01-11,初一上
3190,251,体育,2.0,2026-05-02,初一下
3191,251,实践,3.7,2025-11-22,初一上
3192,251,阅读,3.2,2025-10-26,初一上
3193,251,社团,2.1,2025-12-24,初一上
3194,251,社团,1.1,2025-12-07,初一上
3195,251,阅读,1.1,2026-06-02,初一下
3196,251,阅读,3.3,2026-03-03,初一下
3197,251,体育,0.8,2026-04-11,初一下
3198,251,体育,3.4,2025-09-24,初一上
3199,251,社团,1.0,2025-09-18,初一上
3200,251,社团,3.0,2026-03-11,初一下
3201,251,社团,2.3,2025-11-25,初一上
3202,251,实践,1.3,2026-04-13,初一下
3203,252,阅读,0.6,2026-02-18,初一下
3204,252,社团,1.2,2026-01-03,初一上
3205,252,阅读,0.7,2025-09-08,初一上
3206,252,实践,1.2,2026-03-12,初一下
3207,252,体育,0.8,2025-09-14,初一上
3208,252,体育,7.0,2025-11-13,初一上
3209,252,社团,3.1,2026-06-28,初一下
3210,252,阅读,3.4,2025-09-12,初一上
3211,253,体育,2.1,2025-09-07,初一上
3212,253,体育,1.1,2026-04-13,初一下
3213,253,体育,1.5,2026-06-08,初一下
3214,253,体育,4.9,2025-10-04,初一上
3215,253,实践,2.3,2025-12-25,初一上
3216,253,体育,5.7,2025-09-09,初一上
3217,253,体育,1.7,2026-06-18,初一下
3218,253,阅读,0.5,2025-10-30,初一上
3219,253,实践,1.3,2026-05-09,初一下
3220,253,体育,2.2,2026-01-16,初一上
3221,253,社团,4.0,2025-12-16,初一上
3222,253,实践,3.5,2026-04-28,初一下
3223,253,体育,1.9,2026-06-07,初一下
3224,253,实践,2.7,2026-06-10,初一下
3225,253,实践,2.0,2025-12-24,初一上
3226,254,体育,2.2,2026-02-18,初一下
3227,254,体育,1.6,2025-09-13,初一上
3228,254,实践,1.0,2025-12-10,初一上
3229,254,体育,3.4,2026-05-07,初一下
3230,254,实践,1.6,2025-09-10,初一上
3231,254,阅读,1.0,2025-09-19,初一上
3232,254,实践,1.8,2025-11-05,初一上
3233,254,实践,2.8,2025-11-17,初一上
3234,254,实践,1.1,2025-11-29,初一上
3235,254,实践,1.8,2025-12-09,初一上
3236,254,阅读,2.3,2026-02-20,初一下
3237,254,社团,1.8,2025-11-05,初一上
3238,255,实践,5.1,2026-07-01,初一下
3239,255,社团,1.8,2025-11-15,初一上
3240,255,社团,1.8,2026-05-16,初一下
3241,255,体育,2.3,2025-12-02,初一上
3242,255,体育,0.8,2026-02-20,初一下
3243,255,体育,1.2,2026-03-24,初一下
3244,255,体育,2.2,2026-05-28,初一下
3245,255,体育,1.0,2026-03-22,初一下
3246,255,阅读,1.7,2026-06-09,初一下
3247,255,体育,1.8,2026-03-03,初一下
3248,255,社团,2.1,2025-10-20,初一上
3249,255,阅读,1.5,2025-12-30,初一上
3250,256,体育,1.0,2026-03-06,初一下
3251,256,体育,5.6,2026-04-22,初一下
3252,256,实践,2.1,2025-12-20,初一上
3253,256,体育,0.8,2026-06-19,初一下
3254,256,阅读,1.2,2026-05-26,初一下
3255,256,体育,1.4,2025-09-26,初一上
3256,256,实践,2.1,2025-10-29,初一上
3257,256,社团,2.5,2025-11-03,初一上
3258,256,阅读,6.2,2025-12-27,初一上
3259,256,社团,0.9,2026-06-16,初一下
3260,256,阅读,2.1,2025-10-12,初一上
3261,256,体育,0.9,2026-05-05,初一下
3262,256,阅读,1.0,2026-03-13,初一下
3263,256,阅读,0.6,2026-06-26,初一下
3264,256,体育,3.6,2026-05-01,初一下
3265,256,体育,5.2,2026-05-24,初一下
3266,256,实践,2.4,2026-04-29,初一下
3267,257,实践,1.5,2025-12-23,初一上
3268,257,阅读,2.3,2025-11-09,初一上
3269,257,阅读,4.0,2026-06-22,初一下
3270,257,实践,3.8,2025-12-27,初一上
3271,257,体育,0.8,2026-03-11,初一下
3272,257,体育,2.6,2026-05-03,初一下
3273,257,实践,0.7,2026-02-21,初一下
3274,257,社团,3.8,2025-11-19,初一上
3275,257,体育,2.6,2026-05-13,初一下
3276,257,实践,1.6,2026-05-30,初一下
3277,257,体育,1.9,2025-10-10,初一上
3278,257,体育,2.1,2026-06-24,初一下
3279,257,实践,0.6,2026-02-20,初一下
3280,258,实践,2.1,2026-01-16,初一上
3281,258,实践,0.6,2026-05-05,初一下
3282,258,社团,1.3,2026-06-07,初一下
3283,258,阅读,0.9,2026-06-06,初一下
3284,258,阅读,0.7,2026-05-29,初一下
3285,258,社团,0.6,2025-09-21,初一上
3286,258,实践,0.5,2025-10-19,初一上
3287,258,实践,0.8,2026-03-29,初一下
3288,258,社团,1.2,2026-04-21,初一下
3289,258,体育,0.9,2025-11-27,初一上
3290,258,社团,1.0,2025-09-29,初一上
3291,258,体育,1.4,2026-06-07,初一下
3292,258,体育,1.0,2026-02-19,初一下
3293,258,体育,1.9,2026-06-03,初一下
3294,258,体育,0.8,2026-05-08,初一下
3295,258,体育,0.9,2025-09-07,初一上
3296,258,社团,0.9,2026-06-07,初一下
3297,258,体育,4.6,2025-12-16,初一上
3298,259,体育,2.2,2025-09-22,初一上
3299,259,体育,1.1,2026-05-21,初一下
3300,259,体育,2.5,2026-04-22,初一下
3301,259,社团,3.2,2026-02-25,初一下
3302,259,实践,4.4,2026-06-13,初一下
3303,259,实践,0.6,2026-03-21,初一下
3304,259,实践,3.2,2026-05-26,初一下
3305,259,体育,3.3,2026-01-04,初一上
3306,259,社团,3.1,2026-04-25,初一下
3307,259,社团,1.6,2026-05-18,初一下
3308,259,实践,3.9,2026-05-13,初一下
3309,259,实践,2.1,2026-05-26,初一下
3310,259,体育,1.2,2026-04-10,初一下
3311,259,实践,1.2,2025-11-26,初一上
3312,259,实践,2.7,2026-04-04,初一下
3313,260,阅读,3.4,2026-06-16,初一下
3314,260,实践,0.9,2026-01-14,初一上
3315,260,体育,3.2,2025-12-31,初一上
3316,260,阅读,2.1,2026-05-10,初一下
3317,260,体育,2.2,2026-03-03,初一下
3318,260,体育,0.5,2026-03-28,初一下
3319,260,体育,2.4,2026-05-30,初一下
3320,260,社团,0.7,2025-10-31,初一上
3321,261,实践,1.3,2026-02-27,初一下
3322,261,实践,3.4,2026-01-02,初一上
3323,261,社团,1.5,2026-03-14,初一下
3324,261,实践,3.1,2026-05-17,初一下
3325,261,体育,4.1,2026-01-01,初一上
3326,261,社团,7.2,2026-06-15,初一下
3327,261,阅读,4.6,2026-03-23,初一下
3328,261,体育,3.9,2026-06-21,初一下
3329,261,社团,1.4,2025-12-17,初一上
3330,261,阅读,3.0,2026-03-04,初一下
3331,261,实践,1.8,2025-12-09,初一上
3332,261,实践,1.6,2025-12-19,初一上
3333,261,实践,1.0,2026-02-21,初一下
3334,261,体育,0.5,2026-04-01,初一下
3335,262,阅读,6.1,2025-10-26,初一上
3336,262,体育,1.2,2026-02-20,初一下
3337,262,体育,2.0,2025-10-24,初一上
3338,262,阅读,1.6,2026-05-03,初一下
3339,262,体育,2.6,2025-10-16,初一上
3340,262,阅读,0.9,2026-04-01,初一下
3341,262,社团,0.9,2026-04-29,初一下
3342,262,社团,1.5,2025-09-01,初一上
3343,262,社团,0.5,2025-12-07,初一上
3344,262,体育,2.3,2026-03-18,初一下
3345,262,社团,3.1,2025-10-15,初一上
3346,262,体育,2.7,2026-06-03,初一下
3347,262,社团,5.2,2026-02-26,初一下
3348,263,体育,1.3,2025-10-19,初一上
3349,263,体育,0.7,2025-09-16,初一上
3350,263,体育,4.2,2026-05-25,初一下
3351,263,社团,1.2,2026-06-06,初一下
3352,263,阅读,3.5,2026-03-27,初一下
3353,263,体育,1.8,2025-11-14,初一上
3354,263,社团,2.2,2025-10-24,初一上
3355,263,社团,2.7,2026-05-18,初一下
3356,263,体育,1.4,2026-03-28,初一下
3357,263,实践,1.3,2026-05-25,初一下
3358,263,阅读,2.3,2025-12-31,初一上
3359,264,体育,0.8,2025-12-01,初一上
3360,264,阅读,2.6,2025-11-24,初一上
3361,264,阅读,2.0,2026-04-07,初一下
3362,264,体育,1.8,2025-12-18,初一上
3363,264,阅读,3.4,2026-03-25,初一下
3364,264,体育,3.2,2026-05-05,初一下
3365,264,实践,1.1,2025-12-29,初一上
3366,264,体育,1.1,2025-12-11,初一上
3367,264,社团,1.0,2026-06-20,初一下
3368,264,实践,1.7,2026-01-09,初一上
3369,264,阅读,1.0,2026-03-08,初一下
3370,264,体育,1.2,2026-01-13,初一上
3371,264,社团,1.1,2026-06-09,初一下
3372,264,体育,0.9,2026-01-08,初一上
3373,264,体育,3.9,2026-06-18,初一下
3374,265,社团,1.3,2026-04-03,初一下
3375,265,社团,1.5,2026-03-13,初一下
3376,265,实践,2.1,2026-06-20,初一下
3377,265,体育,2.2,2025-09-20,初一上
3378,265,体育,0.7,2025-10-07,初一上
3379,265,社团,0.8,2025-11-13,初一上
3380,265,阅读,4.6,2025-11-07,初一上
3381,265,实践,1.7,2025-09-03,初一上
3382,265,体育,1.4,2026-03-14,初一下
3383,265,社团,2.4,2025-10-05,初一上
3384,265,阅读,1.8,2026-04-20,初一下
3385,265,实践,1.1,2025-12-26,初一上
3386,266,实践,1.6,2025-09-21,初一上
3387,266,体育,0.9,2025-12-04,初一上
3388,266,社团,2.1,2025-09-17,初一上
3389,266,社团,1.5,2025-09-08,初一上
3390,266,体育,2.2,2025-11-22,初一上
3391,266,阅读,2.0,2026-05-21,初一下
3392,266,体育,1.5,2026-06-09,初一下
3393,266,社团,2.8,2025-09-24,初一上
3394,267,社团,2.6,2026-01-06,初一上
3395,267,阅读,1.2,2025-09-02,初一上
3396,267,阅读,1.8,2025-09-27,初一上
3397,267,阅读,2.6,2026-04-11,初一下
3398,267,实践,3.2,2026-04-11,初一下
3399,267,阅读,1.5,2026-01-02,初一上
3400,267,体育,3.1,2025-09-22,初一上
3401,267,体育,0.9,2025-09-26,初一上
3402,267,实践,0.5,2026-03-31,初一下
3403,267,社团,0.6,2026-03-28,初一下
3404,267,社团,3.8,2025-10-11,初一上
3405,268,实践,0.9,2026-03-01,初一下
3406,268,阅读,1.3,2025-11-20,初一上
3407,268,体育,1.6,2025-11-09,初一上
3408,268,实践,0.5,2025-11-27,初一上
3409,268,社团,5.2,2025-11-10,初一上
3410,268,体育,1.0,2026-03-09,初一下
3411,268,社团,2.4,2025-09-08,初一上
3412,268,体育,2.0,2025-11-17,初一上
3413,268,阅读,3.2,2026-03-01,初一下
3414,268,社团,7.3,2025-11-20,初一上
3415,269,实践,1.3,2025-11-10,初一上
3416,269,阅读,2.9,2026-06-20,初一下
3417,269,阅读,1.4,2026-06-02,初一下
3418,269,体育,2.8,2025-11-23,初一上
3419,269,实践,0.6,2026-06-24,初一下
3420,269,实践,0.8,2026-05-23,初一下
3421,269,实践,1.0,2025-11-21,初一上
3422,269,阅读,1.2,2026-05-16,初一下
3423,269,体育,1.7,2025-11-09,初一上
3424,269,实践,5.9,2025-10-16,初一上
3425,269,社团,1.2,2026-05-29,初一下
3426,270,实践,0.9,2026-01-06,初一上
3427,270,社团,1.2,2026-03-15,初一下
3428,270,实践,2.4,2025-11-16,初一上
3429,270,阅读,0.8,2025-12-07,初一上
3430,270,阅读,3.5,2025-12-04,初一上
3431,270,社团,4.2,2025-09-20,初一上
3432,270,体育,1.2,2026-05-11,初一下
3433,270,阅读,1.2,2026-06-21,初一下
3434,270,社团,2.0,2025-10-14,初一上
3435,270,实践,0.7,2026-06-21,初一下
3436,270,实践,1.8,2026-05-10,初一下
3437,270,阅读,0.8,2025-11-07,初一上
3438,271,阅读,2.0,2025-11-28,初一上
3439,271,体育,3.5,2025-09-17,初一上
3440,271,体育,0.5,2026-03-19,初一下
3441,271,实践,1.1,2025-12-22,初一上
3442,271,阅读,2.2,2026-04-02,初一下
3443,271,阅读,1.3,2026-06-26,初一下
3444,271,实践,1.4,2026-06-09,初一下
3445,271,实践,2.0,2025-11-15,初一上
3446,271,阅读,1.6,2025-11-05,初一上
3447,271,社团,1.2,2025-12-15,初一上
3448,271,阅读,1.3,2025-11-15,初一上
3449,271,社团,1.6,2025-09-02,初一上
3450,272,实践,3.7,2025-09-13,初一上
3451,272,阅读,9.0,2026-04-21,初一下
3452,272,体育,0.8,2025-12-27,初一上
3453,272,阅读,1.9,2025-11-22,初一上
3454,272,体育,1.0,2025-09-08,初一上
3455,272,社团,2.0,2026-06-06,初一下
3456,272,实践,2.7,2025-09-21,初一上
3457,272,体育,3.7,2026-05-16,初一下
3458,272,社团,1.4,2026-01-16,初一上
3459,272,社团,1.5,2025-09-02,初一上
3460,272,阅读,0.8,2026-06-17,初一下
3461,272,体育,1.0,2026-04-02,初一下
3462,272,阅读,0.7,2026-05-21,初一下
3463,272,实践,4.8,2026-06-12,初一下
3464,272,社团,1.3,2026-03-14,初一下
3465,273,阅读,0.9,2025-09-29,初一上
3466,273,实践,4.3,2026-03-28,初一下
3467,273,社团,1.8,2026-04-02,初一下
3468,273,体育,2.0,2026-06-20,初一下
3469,273,社团,2.2,2025-10-21,初一上
3470,273,体育,1.7,2026-06-14,初一下
3471,273,体育,3.4,2026-03-01,初一下
3472,273,阅读,1.3,2025-10-14,初一上
3473,273,实践,1.7,2025-11-28,初一上
3474,273,体育,1.9,2026-04-30,初一下
3475,273,实践,1.9,2026-05-27,初一下
3476,273,体育,0.7,2025-09-24,初一上
3477,273,实践,2.3,2025-10-13,初一上
3478,273,体育,2.0,2026-05-30,初一下
3479,273,体育,1.8,2025-09-16,初一上
3480,273,阅读,1.5,2025-12-16,初一上
3481,274,阅读,1.8,2025-09-13,初一上
3482,274,实践,0.7,2026-04-18,初一下
3483,274,社团,1.4,2026-03-03,初一下
3484,274,体育,1.6,2025-12-05,初一上
3485,274,社团,5.1,2026-05-17,初一下
3486,274,阅读,1.0,2025-11-21,初一上
3487,274,实践,3.5,2025-12-10,初一上
3488,274,实践,7.0,2026-05-23,初一下
3489,274,实践,1.2,2025-12-21,初一上
3490,275,体育,3.5,2025-10-07,初一上
3491,275,阅读,2.3,2025-10-08,初一上
3492,275,实践,3.7,2025-11-23,初一上
3493,275,实践,3.1,2026-05-19,初一下
3494,275,社团,1.4,2026-01-19,初一上
3495,275,社团,3.0,2025-12-09,初一上
3496,275,实践,2.2,2026-02-20,初一下
3497,275,体育,3.0,2026-06-14,初一下
3498,275,实践,1.9,2026-01-06,初一上
3499,275,体育,2.2,2026-01-16,初一上
3500,275,实践,0.5,2025-11-13,初一上
3501,275,体育,1.0,2025-09-15,初一上
3502,275,实践,2.4,2025-09-02,初一上
3503,275,社团,2.0,2026-05-26,初一下
3504,276,社团,2.3,2026-06-02,初一下
3505,276,社团,0.9,2026-01-15,初一上
3506,276,实践,1.2,2026-02-25,初一下
3507,276,实践,2.0,2026-04-27,初一下
3508,276,体育,2.3,2025-12-30,初一上
3509,276,阅读,1.7,2026-02-17,初一下
3510,276,实践,0.6,2026-04-29,初一下
3511,276,阅读,0.7,2026-03-01,初一下
3512,276,实践,2.6,2026-04-19,初一下
3513,276,实践,1.1,2025-11-07,初一上
3514,276,体育,0.6,2026-02-19,初一下
3515,276,体育,1.9,2026-01-04,初一上
3516,276,阅读,2.2,2025-10-11,初一上
3517,277,社团,3.2,2026-01-17,初一上
3518,277,社团,1.4,2026-01-17,初一上
3519,277,实践,3.5,2026-04-03,初一下
3520,277,体育,1.3,2026-05-05,初一下
3521,277,实践,1.5,2025-12-07,初一上
3522,277,体育,3.5,2026-01-09,初一上
3523,277,实践,1.7,2026-01-07,初一上
3524,277,实践,1.0,2026-02-16,初一下
3525,277,实践,0.9,2026-03-29,初一下
3526,277,体育,3.2,2026-05-07,初一下
3527,277,阅读,2.5,2025-10-18,初一上
3528,277,实践,3.2,2025-12-04,初一上
3529,277,体育,5.2,2026-01-16,初一上
3530,277,社团,1.5,2026-03-06,初一下
3531,277,体育,4.2,2026-05-21,初一下
3532,278,体育,0.8,2026-02-19,初一下
3533,278,体育,1.0,2026-03-19,初一下
3534,278,体育,0.9,2025-10-01,初一上
3535,278,体育,1.0,2026-03-10,初一下
3536,278,实践,1.5,2025-12-01,初一上
3537,278,阅读,0.7,2025-11-14,初一上
3538,278,社团,2.7,2025-10-03,初一上
3539,278,实践,0.8,2025-09-01,初一上
3540,279,体育,4.5,2026-06-10,初一下
3541,279,实践,0.5,2026-01-09,初一上
3542,279,实践,2.0,2026-04-08,初一下
3543,279,阅读,0.9,2025-10-09,初一上
3544,279,社团,3.7,2026-04-02,初一下
3545,279,体育,0.9,2025-09-13,初一上
3546,279,阅读,4.4,2026-03-01,初一下
3547,279,实践,2.2,2026-06-01,初一下
3548,279,体育,1.1,2025-12-15,初一上
3549,279,实践,0.6,2025-12-22,初一上
3550,279,体育,1.2,2025-10-09,初一上
3551,279,社团,3.5,2026-03-19,初一下
3552,279,阅读,0.6,2026-01-01,初一上
3553,279,实践,2.9,2025-11-16,初一上
3554,279,社团,1.7,2025-10-06,初一上
3555,280,体育,0.8,2026-06-03,初一下
3556,280,实践,6.0,2025-12-04,初一上
3557,280,体育,0.6,2026-01-18,初一上
3558,280,体育,0.6,2026-03-15,初一下
3559,280,社团,1.0,2026-05-24,初一下
3560,280,阅读,3.1,2025-09-28,初一上
3561,280,实践,3.0,2026-07-06,初一下
3562,280,社团,2.2,2026-06-01,初一下
3563,280,体育,2.5,2025-11-01,初一上
3564,280,社团,1.1,2025-10-03,初一上
3565,280,阅读,3.7,2025-09-03,初一上
3566,280,体育,1.1,2026-03-27,初一下
3567,280,阅读,0.8,2025-11-01,初一上
3568,280,实践,0.8,2026-01-11,初一上
3569,280,实践,0.6,2025-09-27,初一上
3570,280,阅读,7.6,2026-02-17,初一下
3571,280,阅读,0.5,2025-11-23,初一上
3572,280,实践,1.5,2025-10-10,初一上
3573,281,体育,0.8,2026-06-05,初一下
3574,281,体育,1.8,2025-12-15,初一上
3575,281,实践,1.2,2025-12-01,初一上
3576,281,体育,0.5,2026-01-03,初一上
3577,281,实践,1.4,2026-01-14,初一上
3578,281,实践,3.0,2026-01-13,初一上
3579,281,实践,3.0,2025-10-22,初一上
3580,281,社团,0.8,2025-09-12,初一上
3581,281,体育,0.6,2026-02-23,初一下
3582,281,体育,1.5,2026-01-17,初一上
3583,281,社团,2.1,2025-11-15,初一上
3584,281,体育,2.0,2026-06-23,初一下
3585,281,体育,1.0,2025-12-29,初一上
3586,281,体育,0.9,2026-03-13,初一下
3587,281,体育,7.2,2026-03-23,初一下
3588,282,体育,0.8,2026-01-08,初一上
3589,282,社团,1.4,2025-12-18,初一上
3590,282,阅读,2.0,2026-02-18,初一下
3591,282,实践,2.2,2025-12-06,初一上
3592,282,实践,4.5,2026-06-25,初一下
3593,282,社团,3.7,2025-10-11,初一上
3594,282,体育,0.8,2026-02-28,初一下
3595,282,社团,0.7,2026-03-29,初一下
3596,282,实践,1.3,2026-03-31,初一下
3597,283,阅读,2.7,2026-01-14,初一上
3598,283,社团,3.1,2025-11-07,初一上
3599,283,社团,1.2,2026-01-18,初一上
3600,283,体育,1.0,2026-04-23,初一下
3601,283,社团,0.7,2026-07-01,初一下
3602,283,体育,2.4,2026-02-27,初一下
3603,283,社团,1.8,2026-07-02,初一下
3604,283,体育,2.7,2025-10-20,初一上
3605,283,阅读,5.3,2026-06-02,初一下
3606,283,体育,1.5,2026-07-04,初一下
3607,283,阅读,1.2,2026-06-13,初一下
3608,283,实践,2.4,2025-12-09,初一上
3609,283,实践,1.0,2025-10-17,初一上
3610,283,社团,1.9,2025-10-26,初一上
3611,283,体育,0.8,2026-01-08,初一上
3612,283,体育,1.7,2025-12-18,初一上
3613,284,阅读,1.2,2025-11-25,初一上
3614,284,社团,1.6,2025-12-22,初一上
3615,284,体育,4.1,2025-10-03,初一上
3616,284,实践,1.6,2026-06-30,初一下
3617,284,阅读,1.0,2026-02-21,初一下
3618,284,阅读,2.5,2026-03-08,初一下
3619,284,阅读,4.6,2026-05-08,初一下
3620,284,体育,1.0,2026-07-04,初一下
3621,284,阅读,1.8,2025-10-31,初一上
3622,284,社团,2.4,2026-04-08,初一下
3623,284,阅读,2.2,2025-11-12,初一上
3624,284,体育,0.7,2025-10-01,初一上
3625,284,阅读,10.1,2026-05-13,初一下
3626,284,社团,0.6,2026-03-23,初一下
3627,285,社团,3.0,2026-05-31,初一下
3628,285,阅读,0.5,2026-03-22,初一下
3629,285,实践,1.0,2026-01-14,初一上
3630,285,体育,1.4,2026-02-19,初一下
3631,285,体育,1.4,2026-06-29,初一下
3632,285,体育,0.8,2026-05-29,初一下
3633,285,实践,1.5,2026-02-19,初一下
3634,285,体育,3.2,2025-11-25,初一上
3635,285,体育,4.5,2026-06-10,初一下
3636,285,实践,3.2,2026-05-31,初一下
3637,285,社团,2.7,2026-03-23,初一下
3638,285,实践,1.1,2026-01-03,初一上
3639,286,阅读,1.7,2026-06-16,初一下
3640,286,实践,1.4,2026-02-27,初一下
3641,286,体育,0.6,2026-02-22,初一下
3642,286,体育,1.2,2025-11-20,初一上
3643,286,实践,0.9,2026-03-14,初一下
3644,286,阅读,0.8,2026-01-11,初一上
3645,286,体育,3.8,2025-12-22,初一上
3646,286,体育,1.1,2025-12-14,初一上
3647,286,阅读,1.7,2025-10-31,初一上
3648,286,社团,0.7,2025-10-22,初一上
3649,286,社团,2.8,2026-03-23,初一下
3650,286,阅读,0.6,2025-12-01,初一上
3651,286,阅读,1.1,2026-06-04,初一下
3652,286,体育,1.1,2026-04-04,初一下
3653,286,社团,0.7,2026-06-06,初一下
3654,286,体育,0.7,2025-09-16,初一上
3655,287,社团,1.2,2026-03-25,初一下
3656,287,社团,6.1,2026-04-16,初一下
3657,287,体育,1.9,2026-02-17,初一下
3658,287,阅读,1.6,2026-02-24,初一下
3659,287,阅读,0.9,2025-09-20,初一上
3660,287,体育,2.2,2025-12-19,初一上
3661,287,社团,5.9,2026-04-30,初一下
3662,287,实践,1.0,2026-02-25,初一下
3663,287,阅读,0.9,2026-03-07,初一下
3664,287,实践,5.4,2026-02-25,初一下
3665,287,阅读,3.5,2025-09-02,初一上
3666,288,阅读,1.3,2025-09-10,初一上
3667,288,社团,1.7,2025-09-25,初一上
3668,288,社团,3.2,2026-06-28,初一下
3669,288,阅读,1.3,2026-05-29,初一下
3670,288,实践,2.9,2026-01-04,初一上
3671,288,体育,1.0,2026-03-28,初一下
3672,288,实践,1.0,2025-11-20,初一上
3673,288,实践,1.6,2025-10-04,初一上
3674,289,阅读,0.9,2026-03-15,初一下
3675,289,社团,3.2,2025-12-24,初一上
3676,289,社团,0.6,2026-01-15,初一上
3677,289,实践,0.9,2026-03-04,初一下
3678,289,阅读,2.4,2026-01-05,初一上
3679,289,实践,1.6,2025-10-25,初一上
3680,289,体育,0.5,2026-02-16,初一下
3681,289,实践,1.4,2025-12-01,初一上
3682,289,体育,0.8,2025-09-06,初一上
3683,289,体育,1.4,2026-04-26,初一下
3684,289,实践,2.0,2025-10-08,初一上
3685,289,社团,0.8,2026-06-03,初一下
3686,289,实践,1.3,2026-04-19,初一下
3687,290,实践,0.9,2026-03-08,初一下
3688,290,阅读,1.2,2025-12-15,初一上
3689,290,实践,0.7,2025-10-11,初一上
3690,290,社团,1.7,2026-05-17,初一下
3691,290,体育,0.9,2026-01-19,初一上
3692,290,社团,3.2,2026-05-14,初一下
3693,290,阅读,2.4,2026-06-22,初一下
3694,290,社团,0.5,2026-04-04,初一下
3695,290,实践,2.2,2025-11-06,初一上
3696,290,实践,0.5,2025-11-28,初一上
3697,290,体育,0.6,2026-03-29,初一下
3698,290,实践,4.8,2025-10-29,初一上
3699,291,实践,2.4,2026-01-05,初一上
3700,291,体育,1.4,2026-04-28,初一下
3701,291,实践,0.6,2026-04-30,初一下
3702,291,体育,3.5,2025-10-29,初一上
3703,291,体育,1.6,2025-11-19,初一上
3704,291,实践,9.3,2026-06-12,初一下
3705,291,体育,1.9,2026-06-23,初一下
3706,291,实践,0.5,2026-03-01,初一下
3707,292,实践,0.9,2025-11-15,初一上
3708,292,实践,1.3,2025-09-03,初一上
3709,292,实践,1.5,2026-06-11,初一下
3710,292,体育,4.2,2025-09-06,初一上
3711,292,阅读,4.5,2025-12-23,初一上
3712,292,实践,3.9,2026-05-01,初一下
3713,292,阅读,1.1,2026-01-09,初一上
3714,292,实践,0.5,2025-11-03,初一上
3715,292,社团,0.9,2025-12-07,初一上
3716,292,实践,1.1,2026-03-21,初一下
3717,292,实践,0.8,2025-10-03,初一上
3718,292,实践,5.9,2025-12-18,初一上
3719,293,社团,3.6,2026-07-01,初一下
3720,293,实践,1.1,2026-04-15,初一下
3721,293,社团,0.8,2026-05-16,初一下
3722,293,实践,1.4,2026-05-16,初一下
3723,293,实践,6.2,2025-10-08,初一上
3724,293,实践,3.3,2025-11-13,初一上
3725,293,体育,2.6,2025-11-07,初一上
3726,293,社团,1.9,2026-03-02,初一下
3727,293,体育,2.4,2026-02-22,初一下
3728,293,体育,0.9,2025-12-16,初一上
3729,293,社团,2.3,2025-09-19,初一上
3730,293,阅读,1.2,2025-11-24,初一上
3731,293,阅读,0.6,2026-04-18,初一下
3732,294,实践,2.8,2025-10-17,初一上
3733,294,社团,1.8,2026-05-05,初一下
3734,294,实践,0.7,2025-09-25,初一上
3735,294,实践,0.7,2025-11-21,初一上
3736,294,实践,1.0,2026-04-24,初一下
3737,294,阅读,3.1,2026-06-25,初一下
3738,294,阅读,2.9,2025-12-28,初一上
3739,294,体育,2.9,2026-03-01,初一下
3740,294,阅读,0.7,2026-03-02,初一下
3741,294,实践,2.1,2026-02-23,初一下
3742,294,体育,1.5,2026-02-22,初一下
3743,294,体育,0.7,2026-02-21,初一下
3744,294,阅读,3.6,2026-03-21,初一下
3745,295,阅读,3.1,2026-02-26,初一下
3746,295,体育,1.2,2026-06-27,初一下
3747,295,社团,2.9,2025-12-22,初一上
3748,295,实践,1.8,2026-06-22,初一下
3749,295,阅读,3.5,2026-03-29,初一下
3750,295,实践,1.0,2025-12-21,初一上
3751,295,实践,1.0,2025-12-09,初一上
3752,295,体育,1.3,2026-01-11,初一上
3753,295,社团,0.8,2026-05-19,初一下
3754,295,社团,2.0,2026-04-25,初一下
3755,295,体育,0.9,2026-01-18,初一上
3756,295,实践,1.0,2026-01-08,初一上
3757,295,阅读,0.7,2026-06-11,初一下
3758,295,体育,4.1,2026-01-13,初一上
3759,296,社团,1.0,2026-06-10,初一下
3760,296,体育,0.8,2026-03-13,初一下
3761,296,阅读,1.4,2026-05-11,初一下
3762,296,体育,0.8,2025-10-20,初一上
3763,296,实践,0.8,2025-09-19,初一上
3764,296,社团,1.7,2026-04-15,初一下
3765,296,体育,1.0,2025-10-25,初一上
3766,296,阅读,2.7,2026-06-22,初一下
3767,296,体育,1.4,2026-05-25,初一下
3768,296,社团,1.3,2025-12-18,初一上
3769,297,实践,1.5,2026-05-18,初一下
3770,297,社团,2.8,2026-03-02,初一下
3771,297,阅读,0.5,2025-11-29,初一上
3772,297,体育,0.6,2025-10-03,初一上
3773,297,实践,1.5,2026-04-15,初一下
3774,297,实践,1.8,2025-12-17,初一上
3775,297,实践,0.6,2025-09-25,初一上
3776,297,体育,1.7,2025-11-24,初一上
3777,297,社团,1.2,2026-01-05,初一上
3778,298,实践,1.6,2026-05-08,初一下
3779,298,体育,0.7,2025-09-23,初一上
3780,298,阅读,3.3,2025-11-29,初一上
3781,298,社团,1.0,2025-11-06,初一上
3782,298,阅读,0.9,2026-01-16,初一上
3783,298,实践,5.3,2026-03-22,初一下
3784,298,体育,0.9,2025-12-23,初一上
3785,298,实践,4.7,2026-06-10,初一下
3786,298,实践,0.9,2025-09-25,初一上
3787,298,体育,1.7,2026-05-03,初一下
3788,298,实践,2.6,2026-04-25,初一下
3789,298,社团,0.9,2025-12-06,初一上
3790,298,体育,2.0,2026-05-07,初一下
3791,298,社团,8.3,2026-04-02,初一下
3792,299,体育,2.8,2026-01-17,初一上
3793,299,体育,3.6,2025-11-29,初一上
3794,299,体育,1.1,2025-10-01,初一上
3795,299,实践,2.8,2025-10-20,初一上
3796,299,实践,3.7,2026-01-15,初一上
3797,299,阅读,0.6,2026-06-11,初一下
3798,299,体育,1.5,2025-09-05,初一上
3799,299,社团,6.6,2026-05-17,初一下
3800,299,实践,2.4,2025-11-10,初一上
3801,299,体育,0.6,2026-05-22,初一下
3802,299,社团,2.6,2026-06-05,初一下
3803,299,实践,0.6,2025-12-14,初一上
3804,299,体育,1.0,2026-06-13,初一下
3805,299,阅读,1.5,2026-02-18,初一下
3806,299,社团,1.0,2025-11-25,初一上
3807,299,体育,0.5,2025-11-09,初一上
3808,299,社团,1.4,2025-11-09,初一上
3809,299,体育,2.5,2025-09-21,初一上
3810,300,实践,1.1,2026-05-19,初一下
3811,300,社团,1.8,2026-04-06,初一下
3812,300,社团,1.0,2026-01-01,初一上
3813,300,社团,0.6,2026-05-04,初一下
3814,300,阅读,5.1,2025-09-16,初一上
3815,300,社团,1.6,2026-02-16,初一下
3816,300,社团,5.8,2026-06-29,初一下
3817,300,阅读,7.0,2026-02-21,初一下
3818,301,体育,2.4,2025-12-06,初一上
3819,301,体育,0.7,2026-04-13,初一下
3820,301,实践,1.9,2026-04-13,初一下
3821,301,实践,4.1,2025-11-22,初一上
3822,301,社团,2.8,2025-11-15,初一上
3823,301,阅读,3.8,2026-01-18,初一上
3824,301,体育,0.6,2026-01-04,初一上
3825,301,阅读,2.8,2025-12-16,初一上
3826,301,阅读,2.0,2025-10-22,初一上
3827,301,实践,6.5,2025-12-06,初一上
3828,302,社团,1.7,2026-03-02,初一下
3829,302,体育,1.3,2026-03-03,初一下
3830,302,体育,2.6,2026-03-18,初一下
3831,302,实践,1.0,2025-12-27,初一上
3832,302,社团,4.4,2026-06-09,初一下
3833,302,体育,1.3,2026-04-08,初一下
3834,302,阅读,1.0,2025-11-12,初一上
3835,302,体育,2.5,2026-06-09,初一下
3836,302,实践,4.1,2025-12-09,初一上
3837,303,体育,0.7,2025-12-26,初一上
3838,303,社团,1.0,2026-05-30,初一下
3839,303,阅读,0.6,2026-07-03,初一下
3840,303,实践,1.3,2026-04-02,初一下
3841,303,实践,0.6,2026-04-21,初一下
3842,303,体育,2.8,2025-10-30,初一上
3843,303,实践,0.6,2025-09-10,初一上
3844,303,社团,2.3,2026-03-04,初一下
3845,303,体育,2.4,2026-04-22,初一下
3846,303,阅读,1.1,2026-05-12,初一下
3847,303,社团,2.2,2026-02-20,初一下
3848,303,社团,1.1,2025-10-20,初一上
3849,303,阅读,0.9,2025-12-08,初一上
3850,303,社团,1.0,2026-03-26,初一下
3851,303,阅读,3.1,2025-09-17,初一上
3852,303,社团,5.0,2026-05-24,初一下
3853,303,社团,1.1,2026-06-29,初一下
3854,303,体育,1.5,2025-11-10,初一上
3855,304,社团,1.1,2025-11-01,初一上
3856,304,实践,0.9,2026-03-08,初一下
3857,304,体育,0.7,2026-05-10,初一下
3858,304,体育,1.1,2025-11-11,初一上
3859,304,实践,1.8,2025-10-26,初一上
3860,304,体育,1.6,2025-12-05,初一上
3861,304,阅读,0.7,2026-04-17,初一下
3862,304,实践,2.8,2026-07-03,初一下
3863,305,实践,2.0,2025-09-07,初一上
3864,305,体育,1.2,2026-06-08,初一下
3865,305,阅读,3.3,2025-11-17,初一上
3866,305,阅读,1.6,2026-05-05,初一下
3867,305,社团,0.8,2026-04-24,初一下
3868,305,社团,4.3,2025-11-28,初一上
3869,305,体育,1.5,2025-11-24,初一上
3870,305,体育,1.2,2025-10-28,初一上
3871,305,实践,3.4,2026-03-27,初一下
3872,306,阅读,2.5,2026-06-29,初一下
3873,306,实践,1.0,2025-11-14,初一上
3874,306,实践,0.9,2026-03-08,初一下
3875,306,阅读,1.0,2026-06-05,初一下
3876,306,实践,1.1,2026-03-12,初一下
3877,306,阅读,1.1,2026-01-01,初一上
3878,306,阅读,1.5,2026-03-26,初一下
3879,306,社团,1.9,2026-03-29,初一下
3880,306,实践,0.9,2025-12-14,初一上
3881,306,阅读,1.4,2026-02-28,初一下
3882,306,体育,2.2,2025-11-27,初一上
3883,306,社团,1.4,2026-03-27,初一下
3884,306,实践,1.8,2026-02-18,初一下
3885,306,实践,0.6,2026-06-18,初一下
3886,306,体育,2.9,2026-05-09,初一下
3887,307,体育,1.3,2026-06-03,初一下
3888,307,实践,3.3,2026-03-13,初一下
3889,307,体育,1.3,2026-05-15,初一下
3890,307,体育,1.8,2025-10-17,初一上
3891,307,体育,0.7,2026-03-07,初一下
3892,307,体育,1.6,2025-09-22,初一上
3893,307,实践,1.1,2025-10-05,初一上
3894,307,实践,0.9,2026-04-16,初一下
3895,307,体育,4.2,2025-11-07,初一上
3896,307,体育,1.2,2025-10-08,初一上
3897,307,阅读,3.1,2026-06-20,初一下
3898,307,社团,3.1,2026-03-02,初一下
3899,307,实践,2.7,2026-05-05,初一下
3900,307,阅读,2.2,2025-12-18,初一上
3901,307,阅读,1.2,2025-10-31,初一上
3902,308,阅读,1.5,2025-10-24,初一上
3903,308,社团,5.9,2026-05-21,初一下
3904,308,社团,0.9,2025-10-11,初一上
3905,308,体育,2.1,2025-12-30,初一上
3906,308,体育,2.6,2026-02-19,初一下
3907,308,社团,0.8,2026-01-05,初一上
3908,308,体育,1.5,2025-10-01,初一上
3909,308,体育,0.7,2026-05-08,初一下
3910,308,阅读,1.6,2025-11-21,初一上
3911,308,体育,1.8,2025-10-27,初一上
3912,308,体育,0.8,2025-11-11,初一上
3913,308,实践,1.5,2025-11-04,初一上
3914,308,社团,0.6,2025-09-25,初一上
3915,308,阅读,4.1,2025-11-29,初一上
3916,308,实践,9.3,2026-06-06,初一下
3917,308,阅读,5.9,2026-06-07,初一下
3918,308,社团,1.8,2025-09-02,初一上
3919,309,体育,4.5,2026-01-11,初一上
3920,309,体育,1.8,2026-04-04,初一下
3921,309,体育,4.4,2026-05-15,初一下
3922,309,社团,1.3,2026-04-03,初一下
3923,309,体育,6.4,2025-12-25,初一上
3924,309,阅读,5.7,2025-12-19,初一上
3925,309,实践,4.5,2025-12-02,初一上
3926,309,阅读,1.6,2026-04-12,初一下
3927,309,体育,2.6,2026-02-20,初一下
3928,309,实践,0.7,2025-12-04,初一上
3929,309,实践,3.2,2026-07-03,初一下
3930,309,体育,2.0,2025-10-05,初一上
3931,309,实践,1.3,2026-03-24,初一下
3932,309,体育,6.3,2025-09-22,初一上
3933,309,实践,0.8,2026-06-13,初一下
3934,310,实践,3.5,2026-06-18,初一下
3935,310,体育,0.9,2026-05-24,初一下
3936,310,社团,3.0,2026-04-11,初一下
3937,310,实践,11.5,2026-03-10,初一下
3938,310,阅读,1.4,2025-12-22,初一上
3939,310,社团,3.3,2026-02-18,初一下
3940,310,体育,6.1,2025-11-25,初一上
3941,310,实践,3.7,2026-01-08,初一上
3942,310,实践,1.3,2026-01-17,初一上
3943,310,实践,2.5,2025-10-16,初一上
3944,310,实践,8.8,2025-10-28,初一上
3945,310,实践,0.5,2026-05-11,初一下
3946,310,实践,1.4,2026-05-20,初一下
3947,311,实践,1.1,2025-11-11,初一上
3948,311,社团,2.0,2026-04-22,初一下
3949,311,实践,5.7,2026-03-21,初一下
3950,311,体育,0.8,2026-03-19,初一下
3951,311,体育,3.1,2026-01-11,初一上
3952,311,体育,1.6,2025-12-24,初一上
3953,311,阅读,1.2,2025-12-06,初一上
3954,311,实践,3.1,2025-12-20,初一上
3955,311,体育,3.3,2025-11-07,初一上
3956,311,体育,2.4,2026-03-07,初一下
3957,311,体育,0.6,2025-12-08,初一上
3958,312,实践,3.6,2025-12-02,初一上
3959,312,体育,3.2,2026-05-12,初一下
3960,312,阅读,1.0,2026-04-02,初一下
3961,312,阅读,1.9,2026-02-24,初一下
3962,312,体育,4.1,2026-05-03,初一下
3963,312,体育,1.0,2025-10-06,初一上
3964,312,阅读,1.3,2025-11-21,初一上
3965,312,实践,0.6,2026-01-19,初一上
3966,312,社团,1.2,2026-01-19,初一上
3967,312,体育,1.3,2026-02-23,初一下
3968,312,体育,3.2,2025-09-24,初一上
3969,312,社团,0.5,2025-12-27,初一上
3970,312,阅读,1.6,2025-11-12,初一上
3971,312,实践,1.0,2025-10-23,初一上
3972,312,体育,1.9,2026-02-22,初一下
3973,312,体育,0.6,2025-12-15,初一上
3974,312,社团,1.4,2026-01-08,初一上
3975,312,体育,2.9,2026-06-25,初一下
3976,313,体育,0.8,2025-10-28,初一上
3977,313,实践,1.8,2025-09-20,初一上
3978,313,体育,1.3,2025-11-17,初一上
3979,313,实践,1.4,2026-01-10,初一上
3980,313,体育,1.2,2026-04-18,初一下
3981,313,体育,1.0,2025-12-30,初一上
3982,313,体育,0.7,2026-05-11,初一下
3983,313,社团,1.0,2026-06-27,初一下
3984,313,实践,7.4,2026-04-02,初一下
3985,313,阅读,4.9,2025-10-02,初一上
3986,313,实践,0.6,2025-09-17,初一上
3987,313,实践,0.7,2026-04-28,初一下
3988,314,体育,3.3,2025-12-24,初一上
3989,314,体育,0.8,2025-11-18,初一上
3990,314,实践,1.3,2025-11-02,初一上
3991,314,实践,0.6,2026-01-05,初一上
3992,314,体育,0.6,2026-06-30,初一下
3993,314,体育,1.9,2025-09-21,初一上
3994,314,社团,3.1,2026-03-30,初一下
3995,314,阅读,0.8,2025-12-16,初一上
3996,314,社团,1.8,2025-09-07,初一上
3997,314,社团,2.4,2026-03-17,初一下
3998,314,体育,5.8,2026-05-15,初一下
3999,314,体育,10.0,2025-12-26,初一上
4000,314,体育,1.1,2025-12-11,初一上
4001,314,体育,0.9,2025-09-27,初一上
4002,314,社团,2.0,2025-11-28,初一上
4003,315,体育,0.8,2026-01-18,初一上
4004,315,体育,1.1,2025-09-20,初一上
4005,315,实践,1.8,2025-12-24,初一上
4006,315,实践,0.6,2025-10-16,初一上
4007,315,社团,1.4,2025-09-24,初一上
4008,315,阅读,1.0,2026-02-17,初一下
4009,315,体育,0.6,2025-11-10,初一上
4010,315,体育,0.7,2026-05-26,初一下
4011,315,体育,1.1,2025-10-31,初一上
4012,315,实践,0.7,2026-02-25,初一下
4013,315,体育,2.2,2026-06-22,初一下
4014,316,实践,0.7,2026-04-15,初一下
4015,316,体育,0.9,2025-10-23,初一上
4016,316,阅读,1.3,2026-02-22,初一下
4017,316,体育,3.0,2025-12-12,初一上
4018,316,体育,1.7,2025-12-17,初一上
4019,316,阅读,2.1,2025-11-23,初一上
4020,316,实践,1.2,2025-09-10,初一上
4021,316,体育,1.1,2026-04-26,初一下
4022,316,阅读,2.4,2026-03-18,初一下
4023,316,实践,1.2,2026-04-19,初一下
4024,317,实践,2.0,2026-06-09,初一下
4025,317,社团,1.8,2025-09-15,初一上
4026,317,体育,6.3,2025-11-15,初一上
4027,317,阅读,0.9,2026-01-01,初一上
4028,317,体育,0.5,2026-03-11,初一下
4029,317,体育,1.6,2025-11-26,初一上
4030,317,阅读,0.9,2026-06-02,初一下
4031,317,体育,5.6,2026-04-18,初一下
4032,318,阅读,2.4,2025-09-03,初一上
4033,318,体育,1.0,2025-11-16,初一上
4034,318,社团,1.9,2025-12-10,初一上
4035,318,阅读,0.7,2025-12-06,初一上
4036,318,社团,3.5,2026-05-19,初一下
4037,318,实践,1.1,2025-09-24,初一上
4038,318,社团,4.3,2026-06-06,初一下
4039,318,体育,1.2,2025-10-02,初一上
4040,318,阅读,0.6,2026-05-27,初一下
4041,318,阅读,1.1,2026-02-17,初一下
4042,318,实践,2.7,2025-10-28,初一上
4043,319,体育,2.0,2025-09-25,初一上
4044,319,阅读,2.9,2026-05-16,初一下
4045,319,实践,2.2,2026-01-12,初一上
4046,319,实践,2.0,2025-12-13,初一上
4047,319,社团,0.9,2025-09-29,初一上
4048,319,阅读,2.0,2026-05-16,初一下
4049,319,阅读,4.6,2025-12-26,初一上
4050,319,实践,2.5,2026-03-18,初一下
4051,319,社团,0.7,2025-12-09,初一上
4052,319,阅读,1.4,2026-06-17,初一下
4053,319,阅读,3.0,2026-02-21,初一下
4054,319,体育,0.6,2026-05-29,初一下
4055,319,社团,0.7,2025-12-10,初一上
4056,319,实践,0.7,2025-10-08,初一上
4057,319,实践,1.0,2026-04-07,初一下
4058,319,体育,1.6,2026-05-15,初一下
4059,319,体育,1.9,2026-07-03,初一下
4060,320,阅读,1.1,2026-03-24,初一下
4061,320,实践,0.8,2026-03-17,初一下
4062,320,社团,1.0,2026-05-02,初一下
4063,320,实践,0.7,2026-04-12,初一下
4064,320,体育,2.0,2025-11-15,初一上
4065,320,实践,1.7,2026-05-21,初一下
4066,320,体育,0.8,2026-02-19,初一下
4067,320,实践,1.5,2025-09-13,初一上
4068,320,阅读,1.8,2025-09-05,初一上
4069,320,社团,1.0,2026-05-16,初一下
4070,320,实践,0.8,2026-06-16,初一下
4071,320,实践,3.3,2025-11-20,初一上
4072,320,社团,1.1,2026-04-22,初一下
4073,320,阅读,1.3,2025-12-24,初一上
4074,320,体育,8.6,2025-11-05,初一上
4075,320,社团,1.4,2025-12-15,初一上
4076,320,实践,1.2,2025-09-10,初一上
4077,320,体育,1.1,2026-01-12,初一上
4078,321,体育,0.9,2026-01-04,初一上
4079,321,体育,2.0,2025-12-19,初一上
4080,321,社团,2.5,2025-10-13,初一上
4081,321,体育,0.8,2025-12-02,初一上
4082,321,社团,1.8,2025-11-25,初一上
4083,321,体育,2.4,2026-04-08,初一下
4084,321,体育,1.8,2025-10-19,初一上
4085,321,实践,4.8,2026-03-11,初一下
4086,321,社团,1.8,2026-06-03,初一下
4087,321,社团,0.7,2025-10-18,初一上
4088,322,体育,5.7,2025-12-13,初一上
4089,322,阅读,2.5,2025-09-07,初一上
4090,322,体育,2.8,2025-12-18,初一上
4091,322,体育,1.7,2026-06-07,初一下
4092,322,社团,1.1,2025-10-05,初一上
4093,322,阅读,6.0,2025-12-07,初一上
4094,322,体育,2.8,2026-05-25,初一下
4095,322,体育,0.7,2026-05-31,初一下
4096,322,实践,1.2,2026-05-23,初一下
4097,322,阅读,3.9,2026-06-14,初一下
4098,322,社团,1.9,2026-05-24,初一下
4099,322,社团,0.7,2025-11-24,初一上
4100,322,阅读,0.7,2025-11-06,初一上
4101,322,阅读,0.7,2026-03-02,初一下
4102,322,社团,0.6,2025-11-18,初一上
4103,322,阅读,1.7,2025-10-10,初一上
4104,323,社团,2.2,2026-05-12,初一下
4105,323,体育,1.4,2025-09-03,初一上
4106,323,阅读,1.5,2025-10-18,初一上
4107,323,实践,0.6,2026-05-13,初一下
4108,323,社团,1.1,2026-01-16,初一上
4109,323,体育,2.2,2026-01-14,初一上
4110,323,体育,1.3,2025-11-29,初一上
4111,323,体育,0.9,2026-01-14,初一上
4112,323,体育,1.5,2025-09-11,初一上
4113,323,实践,0.7,2026-04-06,初一下
4114,323,体育,1.3,2025-12-20,初一上
4115,323,社团,1.8,2026-04-13,初一下
4116,323,实践,0.8,2026-01-17,初一上
4117,324,实践,3.6,2025-09-05,初一上
4118,324,体育,1.2,2026-02-19,初一下
4119,324,实践,0.6,2026-03-13,初一下
4120,324,体育,0.7,2026-02-24,初一下
4121,324,体育,2.7,2026-06-20,初一下
4122,324,社团,7.3,2026-05-05,初一下
4123,324,社团,0.6,2026-04-28,初一下
4124,324,实践,0.9,2025-12-21,初一上
4125,324,阅读,2.8,2025-11-19,初一上
4126,324,阅读,0.9,2026-01-09,初一上
4127,324,实践,3.0,2026-06-07,初一下
4128,325,体育,2.4,2025-12-31,初一上
4129,325,阅读,1.4,2025-10-13,初一上
4130,325,体育,0.6,2026-04-15,初一下
4131,325,实践,1.0,2026-02-26,初一下
4132,325,实践,1.1,2025-09-21,初一上
4133,325,体育,6.0,2025-11-23,初一上
4134,325,实践,4.4,2026-05-30,初一下
4135,325,社团,0.6,2026-03-15,初一下
4136,325,社团,3.2,2026-03-04,初一下
4137,325,体育,1.6,2025-11-18,初一上
4138,325,实践,1.6,2025-09-06,初一上
4139,325,阅读,2.1,2026-05-28,初一下
4140,325,阅读,4.4,2025-10-09,初一上
4141,325,体育,4.0,2026-05-25,初一下
4142,325,社团,2.2,2025-12-20,初一上
4143,326,实践,2.0,2025-12-19,初一上
4144,326,实践,0.8,2025-12-23,初一上
4145,326,阅读,0.6,2026-04-12,初一下
4146,326,阅读,3.1,2026-04-20,初一下
4147,326,社团,1.0,2025-09-18,初一上
4148,326,体育,1.8,2025-09-20,初一上
4149,326,阅读,3.3,2026-04-06,初一下
4150,326,体育,3.7,2026-03-07,初一下
4151,327,体育,2.1,2025-09-07,初一上
4152,327,阅读,0.7,2026-04-09,初一下
4153,327,阅读,1.9,2026-06-14,初一下
4154,327,实践,1.3,2026-04-15,初一下
4155,327,阅读,0.6,2026-05-06,初一下
4156,327,体育,7.1,2025-11-11,初一上
4157,327,体育,1.1,2026-05-16,初一下
4158,327,体育,1.6,2026-05-05,初一下
4159,327,实践,3.0,2026-04-06,初一下
4160,327,社团,1.6,2025-09-26,初一上
4161,327,实践,0.9,2026-06-27,初一下
4162,328,体育,0.8,2025-12-13,初一上
4163,328,体育,4.3,2026-06-06,初一下
4164,328,社团,1.3,2026-01-11,初一上
4165,328,社团,1.0,2025-11-07,初一上
4166,328,阅读,1.6,2026-01-09,初一上
4167,328,体育,0.9,2025-10-04,初一上
4168,328,实践,1.0,2026-04-29,初一下
4169,328,社团,2.6,2026-04-04,初一下
4170,328,阅读,2.8,2025-12-20,初一上
4171,328,体育,1.1,2025-12-29,初一上
4172,328,体育,0.6,2025-11-07,初一上
4173,328,体育,1.2,2026-02-24,初一下
4174,328,社团,2.2,2026-04-12,初一下
4175,328,社团,4.1,2026-04-08,初一下
4176,328,社团,2.5,2025-11-07,初一上
4177,328,实践,0.8,2025-09-24,初一上
4178,329,体育,1.5,2026-04-30,初一下
4179,329,社团,1.1,2026-06-01,初一下
4180,329,体育,2.3,2026-04-04,初一下
4181,329,体育,5.8,2026-04-07,初一下
4182,329,阅读,0.7,2026-03-12,初一下
4183,329,社团,1.0,2025-10-30,初一上
4184,329,实践,1.8,2026-03-21,初一下
4185,329,体育,0.8,2026-01-03,初一上
4186,329,体育,1.3,2025-09-20,初一上
4187,329,体育,3.0,2026-05-15,初一下
4188,329,实践,1.1,2025-10-18,初一上
4189,329,阅读,0.8,2026-06-24,初一下
4190,329,实践,1.1,2025-09-09,初一上
4191,329,体育,2.6,2025-09-23,初一上
4192,329,阅读,1.0,2025-12-11,初一上
4193,329,阅读,1.9,2026-03-04,初一下
4194,330,体育,3.0,2026-07-01,初一下
4195,330,体育,0.8,2025-09-01,初一上
4196,330,社团,3.2,2026-02-23,初一下
4197,330,体育,1.3,2025-09-23,初一上
4198,330,阅读,2.4,2026-06-19,初一下
4199,330,实践,3.8,2025-10-15,初一上
4200,330,社团,4.5,2025-12-23,初一上
4201,330,体育,1.2,2026-01-17,初一上
4202,330,社团,7.2,2026-04-14,初一下
4203,330,体育,1.7,2025-10-10,初一上
4204,330,实践,2.7,2025-12-24,初一上
4205,330,社团,1.3,2025-11-10,初一上
4206,330,社团,1.1,2026-05-16,初一下
4207,330,阅读,2.2,2025-11-21,初一上
4208,331,实践,0.8,2025-11-27,初一上
4209,331,社团,4.1,2026-03-28,初一下
4210,331,社团,3.9,2025-09-14,初一上
4211,331,体育,5.5,2026-06-23,初一下
4212,331,实践,1.2,2025-09-17,初一上
4213,331,实践,0.9,2026-05-25,初一下
4214,331,体育,1.2,2026-02-25,初一下
4215,331,体育,1.7,2025-11-10,初一上
4216,331,体育,0.6,2025-10-09,初一上
4217,331,社团,1.6,2025-11-05,初一上
4218,331,体育,0.5,2026-06-08,初一下
4219,332,实践,2.9,2026-04-04,初一下
4220,332,实践,1.4,2025-12-24,初一上
4221,332,体育,0.9,2026-03-05,初一下
4222,332,实践,0.6,2026-04-13,初一下
4223,332,体育,1.9,2025-12-25,初一上
4224,332,社团,1.5,2026-05-31,初一下
4225,332,体育,3.3,2025-12-16,初一上
4226,332,社团,4.3,2025-11-24,初一上
4227,332,社团,1.6,2025-11-01,初一上
4228,333,阅读,1.0,2026-06-02,初一下
4229,333,实践,0.8,2026-01-08,初一上
4230,333,体育,0.6,2026-05-17,初一下
4231,333,社团,1.4,2025-11-27,初一上
4232,333,社团,1.5,2026-06-11,初一下
4233,333,体育,0.9,2026-06-22,初一下
4234,333,社团,0.6,2026-03-23,初一下
4235,333,社团,2.5,2026-05-13,初一下
4236,333,阅读,1.7,2025-12-15,初一上
4237,333,实践,3.7,2026-01-16,初一上
4238,333,社团,2.8,2025-12-22,初一上
4239,333,实践,0.6,2026-05-06,初一下
4240,333,体育,2.0,2025-10-19,初一上
4241,333,体育,4.0,2026-02-25,初一下
4242,334,体育,2.1,2025-12-11,初一上
4243,334,体育,1.8,2025-09-01,初一上
4244,334,体育,4.0,2025-12-22,初一上
4245,334,社团,1.8,2026-04-10,初一下
4246,334,实践,4.8,2025-11-14,初一上
4247,334,社团,2.5,2025-10-28,初一上
4248,334,体育,0.8,2025-11-17,初一上
4249,334,体育,0.6,2026-01-04,初一上
4250,334,社团,3.4,2026-03-11,初一下
4251,334,社团,2.0,2025-12-21,初一上
4252,334,阅读,2.5,2026-01-10,初一上
4253,334,实践,0.6,2026-05-08,初一下
4254,335,实践,0.6,2025-10-31,初一上
4255,335,体育,3.8,2025-11-17,初一上
4256,335,社团,0.9,2025-10-13,初一上
4257,335,实践,2.8,2026-05-20,初一下
4258,335,阅读,0.6,2026-04-03,初一下
4259,335,阅读,2.2,2026-02-26,初一下
4260,335,实践,3.7,2025-12-13,初一上
4261,335,体育,1.9,2026-06-10,初一下
4262,335,社团,6.0,2026-05-20,初一下
4263,335,阅读,1.2,2026-06-17,初一下
4264,335,社团,0.5,2026-06-29,初一下
4265,335,阅读,2.5,2026-04-11,初一下
4266,335,体育,1.6,2025-09-19,初一上
4267,336,阅读,2.2,2026-06-18,初一下
4268,336,阅读,4.8,2026-01-12,初一上
4269,336,阅读,0.9,2026-03-17,初一下
4270,336,实践,0.8,2025-12-13,初一上
4271,336,实践,1.3,2025-09-08,初一上
4272,336,社团,1.8,2026-05-24,初一下
4273,336,实践,3.5,2025-12-14,初一上
4274,336,体育,1.8,2025-11-27,初一上
4275,337,实践,3.0,2025-10-29,初一上
4276,337,社团,1.9,2026-06-11,初一下
4277,337,社团,2.7,2026-06-13,初一下
4278,337,实践,3.0,2026-05-19,初一下
4279,337,体育,8.9,2026-05-27,初一下
4280,337,体育,2.2,2025-12-08,初一上
4281,337,社团,0.6,2025-11-08,初一上
4282,337,阅读,3.1,2025-12-16,初一上
4283,337,阅读,2.0,2025-12-05,初一上
4284,337,体育,0.9,2025-10-31,初一上
4285,337,体育,1.6,2025-11-19,初一上
4286,338,阅读,3.3,2026-06-30,初一下
4287,338,实践,0.8,2026-04-23,初一下
4288,338,阅读,2.1,2026-03-14,初一下
4289,338,社团,5.5,2025-12-09,初一上
4290,338,体育,1.8,2025-11-01,初一上
4291,338,阅读,6.9,2026-03-02,初一下
4292,338,实践,3.5,2025-10-11,初一上
4293,338,阅读,1.2,2025-09-06,初一上
4294,338,阅读,0.7,2026-05-02,初一下
4295,338,社团,2.7,2025-09-18,初一上
4296,338,实践,2.6,2025-09-22,初一上
4297,338,社团,3.0,2025-11-10,初一上
4298,338,体育,0.6,2026-05-11,初一下
4299,338,体育,5.9,2026-02-23,初一下
4300,338,阅读,0.9,2025-12-31,初一上
4301,338,体育,1.7,2025-11-27,初一上
4302,338,实践,0.8,2026-05-26,初一下
4303,339,社团,0.9,2026-05-24,初一下
4304,339,实践,0.7,2026-05-19,初一下
4305,339,体育,4.3,2025-10-03,初一上
4306,339,阅读,1.3,2025-11-09,初一上
4307,339,实践,1.3,2026-06-18,初一下
4308,339,体育,3.2,2025-12-29,初一上
4309,339,实践,0.8,2025-12-17,初一上
4310,339,实践,4.5,2026-05-07,初一下
4311,339,社团,0.6,2026-06-11,初一下
4312,339,体育,4.1,2025-10-04,初一上
4313,339,阅读,1.5,2025-11-18,初一上
4314,339,体育,0.9,2026-04-24,初一下
4315,339,实践,9.2,2025-10-12,初一上
4316,339,体育,1.2,2026-05-03,初一下
4317,339,体育,2.1,2026-01-14,初一上
4318,339,社团,1.3,2025-12-06,初一上
4319,340,社团,3.2,2026-03-19,初一下
4320,340,阅读,3.3,2025-11-22,初一上
4321,340,实践,1.0,2025-11-13,初一上
4322,340,体育,1.1,2025-11-12,初一上
4323,340,社团,2.1,2026-04-23,初一下
4324,340,社团,3.2,2026-04-28,初一下
4325,340,实践,2.8,2025-12-27,初一上
4326,340,社团,1.5,2025-12-25,初一上
4327,340,实践,6.9,2025-12-02,初一上
4328,340,阅读,0.7,2026-04-26,初一下
4329,340,阅读,2.2,2026-03-26,初一下
4330,340,阅读,1.4,2026-06-01,初一下
4331,340,体育,0.5,2025-09-16,初一上
4332,340,实践,1.4,2026-04-21,初一下
4333,340,社团,5.4,2026-03-29,初一下
4334,340,体育,2.4,2026-04-27,初一下
4335,340,实践,0.6,2025-12-26,初一上
4336,341,实践,1.5,2025-09-05,初一上
4337,341,实践,2.2,2026-07-02,初一下
4338,341,体育,3.1,2026-06-18,初一下
4339,341,体育,0.5,2026-02-16,初一下
4340,341,体育,1.4,2026-05-18,初一下
4341,341,实践,1.0,2025-09-28,初一上
4342,341,体育,2.3,2025-10-26,初一上
4343,341,社团,0.7,2025-11-22,初一上
4344,341,实践,2.2,2026-06-11,初一下
4345,341,实践,0.8,2026-05-04,初一下
4346,341,体育,1.5,2026-04-19,初一下
4347,341,体育,0.6,2026-01-01,初一上
4348,341,社团,3.2,2026-03-05,初一下
4349,342,社团,2.6,2025-11-17,初一上
4350,342,社团,1.0,2026-05-04,初一下
4351,342,阅读,0.8,2025-11-04,初一上
4352,342,阅读,2.7,2026-05-28,初一下
4353,342,实践,0.9,2026-04-27,初一下
4354,342,社团,1.1,2026-06-11,初一下
4355,342,社团,0.8,2025-11-20,初一上
4356,342,体育,1.0,2025-12-10,初一上
4357,342,体育,1.5,2026-04-25,初一下
4358,342,阅读,3.0,2025-11-05,初一上
4359,342,体育,2.6,2026-04-30,初一下
4360,342,社团,0.8,2025-10-04,初一上
4361,342,体育,1.5,2025-12-29,初一上
4362,342,实践,0.5,2026-03-31,初一下
4363,342,体育,0.6,2026-01-17,初一上
4364,342,实践,2.0,2025-09-20,初一上
4365,343,实践,1.6,2025-12-08,初一上
4366,343,阅读,4.6,2026-02-22,初一下
4367,343,实践,2.9,2026-05-17,初一下
4368,343,实践,0.9,2026-06-30,初一下
4369,343,体育,1.8,2026-06-03,初一下
4370,343,体育,6.1,2025-09-10,初一上
4371,343,体育,1.8,2025-10-14,初一上
4372,343,阅读,1.0,2025-10-19,初一上
4373,343,体育,1.7,2025-11-20,初一上
4374,343,体育,0.6,2025-11-16,初一上
4375,344,实践,0.6,2026-06-04,初一下
4376,344,实践,2.8,2026-03-11,初一下
4377,344,体育,3.3,2026-01-01,初一上
4378,344,体育,0.8,2026-04-07,初一下
4379,344,社团,0.6,2025-10-28,初一上
4380,344,社团,1.2,2025-11-24,初一上
4381,344,体育,2.4,2026-05-06,初一下
4382,344,实践,4.1,2025-09-06,初一上
4383,345,阅读,1.0,2026-03-01,初一下
4384,345,体育,1.5,2026-04-29,初一下
4385,345,体育,0.8,2025-09-04,初一上
4386,345,社团,0.8,2025-09-20,初一上
4387,345,社团,0.9,2026-03-04,初一下
4388,345,社团,1.4,2026-04-19,初一下
4389,345,实践,1.1,2025-12-14,初一上
4390,345,阅读,0.6,2026-03-23,初一下
4391,345,体育,0.7,2025-11-05,初一上
4392,346,实践,2.0,2026-01-09,初一上
4393,346,社团,2.0,2025-11-16,初一上
4394,346,实践,2.8,2025-11-25,初一上
4395,346,社团,2.2,2025-11-26,初一上
4396,346,社团,2.7,2026-04-03,初一下
4397,346,体育,5.5,2026-06-06,初一下
4398,346,实践,0.8,2026-01-15,初一上
4399,346,实践,2.6,2026-02-16,初一下
4400,346,体育,4.9,2026-06-26,初一下
4401,346,实践,0.6,2025-11-03,初一上
4402,346,体育,1.1,2026-06-12,初一下
4403,346,实践,5.4,2026-03-06,初一下
4404,346,社团,10.1,2025-11-05,初一上
4405,346,体育,1.0,2025-12-28,初一上
4406,346,体育,3.4,2026-03-10,初一下
4407,346,阅读,0.6,2026-02-20,初一下
4408,346,体育,1.4,2026-07-03,初一下
4409,346,阅读,1.1,2025-11-06,初一上
4410,347,实践,1.8,2026-03-15,初一下
4411,347,阅读,3.5,2025-11-29,初一上
4412,347,体育,0.7,2026-04-12,初一下
4413,347,体育,2.3,2026-03-27,初一下
4414,347,阅读,2.2,2026-04-18,初一下
4415,347,体育,2.7,2025-10-30,初一上
4416,347,体育,1.6,2025-11-20,初一上
4417,347,阅读,0.9,2026-05-23,初一下
4418,348,体育,0.6,2025-09-28,初一上
4419,348,实践,5.8,2026-02-28,初一下
4420,348,实践,0.6,2026-06-23,初一下
4421,348,体育,1.8,2025-09-04,初一上
4422,348,实践,1.0,2026-04-05,初一下
4423,348,体育,2.4,2025-09-10,初一上
4424,348,体育,0.6,2025-11-09,初一上
4425,348,体育,2.4,2025-10-18,初一上
4426,348,阅读,1.0,2025-12-09,初一上
4427,348,体育,1.8,2025-09-07,初一上
4428,348,实践,1.2,2026-05-20,初一下
4429,348,实践,0.8,2026-05-15,初一下
4430,349,实践,1.1,2025-09-08,初一上
4431,349,实践,2.2,2026-03-08,初一下
4432,349,体育,0.5,2026-06-09,初一下
4433,349,社团,1.6,2026-07-01,初一下
4434,349,社团,0.8,2026-01-14,初一上
4435,349,体育,1.8,2025-11-27,初一上
4436,349,实践,3.0,2026-04-03,初一下
4437,349,社团,1.6,2025-12-24,初一上
4438,349,体育,1.3,2025-09-04,初一上
4439,349,实践,1.9,2025-12-20,初一上
4440,349,体育,0.9,2026-06-29,初一下
4441,349,体育,0.5,2026-05-30,初一下
4442,349,阅读,2.5,2025-12-25,初一上
4443,349,体育,3.1,2026-05-14,初一下
4444,350,体育,2.3,2025-10-04,初一上
4445,350,体育,4.7,2026-01-03,初一上
4446,350,阅读,0.6,2026-03-20,初一下
4447,350,阅读,0.6,2025-11-04,初一上
4448,350,体育,1.4,2026-02-28,初一下
4449,350,体育,2.0,2026-04-30,初一下
4450,350,体育,1.7,2025-09-06,初一上
4451,350,体育,1.2,2026-04-23,初一下
4452,350,社团,1.2,2026-06-18,初一下
4453,350,阅读,1.3,2026-04-05,初一下
4454,350,社团,0.5,2025-09-11,初一上
4455,350,社团,1.9,2025-11-16,初一上
4456,350,实践,0.9,2026-04-25,初一下
4457,350,体育,1.0,2026-01-01,初一上
4458,351,阅读,3.1,2026-03-06,初一下
4459,351,体育,2.0,2026-06-06,初一下
4460,351,社团,1.7,2025-12-10,初一上
4461,351,体育,1.2,2025-09-08,初一上
4462,352,实践,1.4,2026-01-13,初一上
4463,352,阅读,3.0,2026-04-02,初一下
4464,352,社团,1.2,2025-11-24,初一上
4465,352,体育,1.0,2026-02-27,初一下
4466,352,阅读,1.2,2026-01-05,初一上
4467,352,体育,1.1,2026-01-19,初一上
4468,353,体育,2.2,2025-12-10,初一上
4469,353,实践,5.9,2025-12-20,初一上
4470,353,体育,0.5,2026-03-06,初一下
4471,353,实践,2.0,2025-09-11,初一上
4472,353,社团,1.5,2025-12-27,初一上
4473,353,阅读,5.3,2026-02-22,初一下
4474,353,社团,1.2,2025-09-27,初一上
4475,353,体育,0.6,2025-12-26,初一上
4476,354,实践,1.3,2025-10-28,初一上
4477,354,体育,0.8,2026-05-29,初一下
4478,354,阅读,0.9,2025-09-06,初一上
4479,354,社团,3.8,2026-06-19,初一下
4480,355,体育,1.6,2026-05-27,初一下
4481,355,体育,4.1,2026-06-07,初一下
4482,355,体育,1.2,2026-05-14,初一下
4483,355,体育,2.4,2025-09-27,初一上
4484,355,体育,2.9,2026-03-01,初一下
4485,355,实践,0.6,2026-05-16,初一下
4486,355,实践,4.3,2026-03-10,初一下
4487,356,阅读,0.6,2025-10-13,初一上
4488,356,社团,0.5,2025-11-17,初一上
4489,356,实践,2.8,2025-12-11,初一上
4490,356,实践,1.0,2025-09-26,初一上
4491,356,实践,1.4,2026-06-09,初一下
4492,356,阅读,1.0,2025-12-13,初一上
4493,356,阅读,2.5,2025-09-01,初一上
4494,356,社团,1.3,2025-12-26,初一上
4495,357,实践,1.8,2025-11-14,初一上
4496,357,体育,2.5,2026-05-14,初一下
4497,357,社团,1.2,2026-05-08,初一下
4498,358,社团,0.6,2026-06-18,初一下
4499,358,社团,3.7,2025-09-26,初一上
4500,358,体育,1.3,2026-04-14,初一下
4501,358,实践,1.6,2025-11-18,初一上
4502,358,社团,6.0,2026-05-13,初一下
4503,358,体育,1.0,2025-12-02,初一上
4504,358,实践,0.7,2026-06-25,初一下
4505,359,体育,2.1,2025-10-20,初一上
4506,359,实践,1.0,2026-01-15,初一上
4507,359,阅读,3.4,2025-11-29,初一上
4508,359,阅读,3.6,2026-01-12,初一上
4509,359,实践,0.7,2026-04-24,初一下
4510,359,实践,6.7,2026-04-27,初一下
4511,359,体育,2.7,2026-05-31,初一下
4512,359,体育,0.6,2026-05-09,初一下
4513,359,社团,7.2,2026-01-12,初一上
4514,360,阅读,0.6,2026-03-23,初一下
4515,360,实践,0.7,2026-05-04,初一下
4516,360,体育,0.9,2026-05-12,初一下
4517,360,实践,2.0,2025-12-17,初一上
4518,360,体育,4.0,2026-02-26,初一下
4519,360,体育,0.9,2026-05-23,初一下
4520,360,实践,1.2,2026-06-08,初一下
4521,360,体育,0.7,2026-03-14,初一下
4522,360,体育,1.8,2026-05-13,初一下
4523,360,社团,2.6,2025-10-04,初一上
4524,361,实践,1.5,2026-01-01,初一上
4525,361,实践,1.0,2026-05-22,初一下
4526,361,社团,1.1,2026-05-03,初一下
4527,361,社团,3.2,2025-11-30,初一上
4528,362,体育,3.0,2026-03-20,初一下
4529,362,体育,2.2,2026-04-30,初一下
4530,362,社团,1.8,2025-12-09,初一上
4531,362,体育,0.9,2025-10-19,初一上
4532,362,体育,3.4,2025-09-28,初一上
4533,362,社团,1.8,2025-09-26,初一上
4534,363,阅读,3.5,2025-09-26,初一上
4535,363,阅读,0.8,2026-06-13,初一下
4536,363,阅读,2.0,2026-06-09,初一下
4537,363,实践,2.2,2025-09-25,初一上
4538,364,体育,1.6,2026-06-14,初一下
4539,364,阅读,0.5,2025-10-14,初一上
4540,364,体育,1.4,2026-07-06,初一下
4541,364,实践,1.7,2025-09-03,初一上
4542,364,实践,1.9,2025-10-01,初一上
4543,364,体育,1.1,2025-09-02,初一上
4544,364,阅读,3.4,2026-02-16,初一下
4545,364,体育,1.8,2025-11-25,初一上
4546,365,社团,4.7,2026-02-18,初一下
4547,365,实践,1.9,2026-01-17,初一上
4548,365,实践,2.0,2025-12-18,初一上
4549,365,阅读,3.1,2026-03-30,初一下
4550,365,阅读,3.0,2026-06-15,初一下
4551,365,阅读,1.5,2026-03-16,初一下
4552,365,体育,0.6,2025-11-29,初一上
4553,365,实践,2.8,2025-09-16,初一上
4554,366,体育,2.4,2025-09-14,初一上
4555,366,阅读,4.3,2026-04-15,初一下
4556,366,实践,1.3,2026-05-19,初一下
4557,366,实践,2.0,2026-06-27,初一下
4558,366,体育,1.8,2026-04-24,初一下
4559,366,体育,1.4,2025-12-21,初一上
4560,366,社团,1.8,2025-09-07,初一上
4561,367,社团,1.4,2026-02-26,初一下
4562,367,体育,0.8,2026-06-14,初一下
4563,367,阅读,1.6,2025-11-10,初一上
4564,367,社团,0.8,2025-09-19,初一上
4565,367,体育,2.0,2025-12-31,初一上
4566,367,阅读,2.6,2026-06-27,初一下
4567,367,实践,0.8,2025-10-15,初一上
4568,367,社团,0.9,2026-01-05,初一上
4569,367,体育,1.0,2026-02-21,初一下
4570,368,社团,1.0,2026-05-11,初一下
4571,368,实践,2.9,2026-01-19,初一上
4572,368,体育,1.2,2025-09-01,初一上
4573,369,阅读,1.4,2025-09-02,初一上
4574,369,体育,6.8,2026-05-15,初一下
4575,369,实践,2.3,2025-09-11,初一上
4576,369,体育,1.0,2026-05-05,初一下
4577,369,体育,0.9,2025-12-02,初一上
4578,370,实践,0.5,2025-09-25,初一上
4579,370,社团,0.7,2025-09-10,初一上
4580,370,实践,1.9,2025-11-07,初一上
4581,370,体育,12.3,2026-02-27,初一下
4582,370,阅读,2.2,2026-03-28,初一下
4583,370,体育,1.2,2026-02-19,初一下
4584,371,社团,4.9,2026-05-29,初一下
4585,371,社团,0.8,2026-02-27,初一下
4586,371,阅读,1.6,2025-09-14,初一上
4587,371,体育,3.0,2026-05-14,初一下
4588,372,体育,3.1,2025-11-19,初一上
4589,372,体育,4.5,2026-04-07,初一下
4590,372,体育,0.6,2025-09-17,初一上
4591,372,阅读,6.0,2025-12-10,初一上
4592,372,阅读,1.0,2025-10-21,初一上
4593,372,体育,0.5,2026-06-30,初一下
4594,373,阅读,9.6,2025-09-21,初一上
4595,373,体育,3.8,2025-09-28,初一上
4596,373,体育,0.8,2026-05-24,初一下
4597,373,阅读,0.9,2025-11-07,初一上
4598,373,社团,2.4,2026-01-12,初一上
4599,374,体育,4.8,2026-01-17,初一上
4600,374,实践,2.3,2025-12-16,初一上
4601,374,实践,1.0,2025-12-24,初一上
4602,374,社团,1.9,2025-09-08,初一上
4603,375,体育,0.6,2025-10-14,初一上
4604,375,体育,0.9,2025-10-29,初一上
4605,375,体育,4.8,2026-01-05,初一上
4606,375,实践,1.0,2026-06-11,初一下
4607,375,体育,1.2,2026-03-15,初一下
4608,375,体育,1.6,2026-05-16,初一下
4609,375,实践,1.1,2026-04-17,初一下
4610,375,体育,0.7,2026-04-08,初一下
4611,375,体育,1.4,2026-05-21,初一下
4612,375,社团,0.5,2025-10-17,初一上
4613,375,社团,1.2,2025-09-27,初一上
4614,376,体育,1.0,2025-10-04,初一上
4615,376,实践,2.0,2025-09-12,初一上
4616,376,实践,0.8,2026-05-02,初一下
4617,376,社团,2.3,2026-04-28,初一下
4618,376,体育,1.3,2026-05-23,初一下
4619,376,社团,1.5,2026-04-19,初一下
4620,377,体育,1.2,2026-05-16,初一下
4621,377,社团,0.7,2025-12-31,初一上
4622,377,体育,0.7,2026-04-07,初一下
4623,377,体育,0.8,2026-04-19,初一下
4624,377,体育,2.0,2026-04-22,初一下
4625,378,实践,1.0,2025-10-28,初一上
4626,378,实践,1.9,2025-09-02,初一上
4627,378,实践,0.9,2026-06-17,初一下
4628,378,体育,2.5,2026-04-25,初一下
4629,378,社团,0.9,2026-01-08,初一上
4630,379,社团,3.7,2026-06-08,初一下
4631,379,阅读,1.8,2025-11-28,初一上
4632,379,社团,1.1,2026-04-08,初一下
4633,379,社团,4.8,2025-12-27,初一上
4634,379,体育,0.7,2026-05-30,初一下
4635,379,体育,5.5,2025-09-27,初一上
4636,380,实践,0.6,2026-03-29,初一下
4637,380,体育,1.8,2026-03-31,初一下
4638,380,实践,2.9,2025-11-04,初一上
4639,380,体育,2.6,2026-02-20,初一下
4640,380,体育,2.3,2025-12-12,初一上
4641,380,阅读,0.5,2026-03-04,初一下
4642,380,阅读,1.1,2025-09-10,初一上
4643,380,体育,1.1,2025-11-03,初一上
4644,380,社团,0.6,2025-11-17,初一上
4645,380,阅读,2.6,2026-02-28,初一下
4646,380,实践,0.9,2026-07-06,初一下
4647,381,体育,5.3,2026-03-31,初一下
4648,381,体育,2.1,2025-10-09,初一上
4649,381,阅读,2.0,2026-03-21,初一下
4650,381,阅读,0.6,2025-09-04,初一上
4651,381,实践,0.8,2025-09-25,初一上
4652,381,实践,1.1,2026-03-21,初一下
4653,381,阅读,1.0,2026-07-05,初一下
4654,381,体育,1.0,2026-04-24,初一下
4655,381,体育,1.0,2026-05-12,初一下
4656,381,体育,2.3,2026-01-04,初一上
4657,381,体育,2.1,2025-10-30,初一上
4658,382,体育,0.5,2026-02-16,初一下
4659,382,社团,0.8,2025-12-10,初一上
4660,382,社团,2.6,2026-04-17,初一下
4661,383,体育,1.7,2026-05-03,初一下
4662,383,实践,1.1,2026-06-24,初一下
4663,383,社团,3.4,2026-03-04,初一下
4664,383,体育,1.5,2026-03-28,初一下
4665,383,体育,1.7,2026-04-04,初一下
4666,383,阅读,2.6,2026-07-01,初一下
4667,383,实践,1.5,2026-04-07,初一下
4668,383,体育,0.7,2025-10-21,初一上
4669,383,体育,0.8,2026-04-12,初一下
4670,384,阅读,3.1,2026-05-06,初一下
4671,384,体育,2.8,2026-03-27,初一下
4672,384,实践,0.5,2026-01-12,初一上
4673,384,体育,1.7,2026-04-15,初一下
4674,384,实践,1.3,2026-04-05,初一下
4675,384,阅读,0.7,2026-06-13,初一下
4676,385,实践,1.5,2025-11-08,初一上
4677,385,体育,4.7,2026-01-09,初一上
4678,385,社团,1.5,2026-05-15,初一下
4679,385,实践,1.9,2026-04-03,初一下
4680,385,社团,4.2,2026-02-19,初一下
4681,385,阅读,0.9,2026-01-02,初一上
4682,385,阅读,1.4,2025-12-17,初一上
4683,385,实践,0.9,2025-12-21,初一上
4684,386,社团,7.8,2026-06-13,初一下
4685,386,社团,0.5,2025-10-15,初一上
4686,386,阅读,3.3,2025-09-29,初一上
4687,386,体育,1.3,2025-12-04,初一上
4688,386,阅读,6.3,2026-05-04,初一下
4689,386,实践,1.4,2025-10-07,初一上
4690,387,实践,2.0,2026-05-31,初一下
4691,387,实践,1.8,2025-11-15,初一上
4692,387,实践,0.7,2026-05-03,初一下
4693,387,实践,5.0,2025-10-24,初一上
4694,387,体育,2.0,2025-09-12,初一上
4695,387,体育,1.0,2025-11-25,初一上
4696,387,体育,1.1,2026-02-23,初一下
4697,387,实践,0.5,2025-10-18,初一上
4698,387,实践,0.9,2026-05-20,初一下
4699,387,实践,1.3,2026-05-29,初一下
4700,388,社团,1.0,2025-10-05,初一上
4701,388,阅读,0.8,2025-12-05,初一上
4702,388,体育,1.9,2026-03-14,初一下
4703,388,体育,1.8,2026-01-09,初一上
4704,388,实践,3.8,2025-09-07,初一上
4705,388,社团,1.6,2025-09-14,初一上
4706,388,阅读,1.7,2025-12-22,初一上
4707,388,体育,0.9,2026-04-06,初一下
4708,388,社团,4.0,2025-11-15,初一上
4709,388,阅读,5.8,2026-02-23,初一下
4710,388,阅读,1.5,2025-12-16,初一上
4711,389,体育,0.6,2025-12-20,初一上
4712,389,阅读,1.0,2025-11-08,初一上
4713,389,体育,0.5,2025-11-07,初一上
4714,389,体育,0.8,2026-05-15,初一下
4715,389,体育,0.5,2025-11-25,初一上
4716,390,阅读,2.1,2026-06-16,初一下
4717,390,实践,3.1,2025-11-05,初一上
4718,390,社团,3.5,2026-05-21,初一下
4719,390,阅读,1.0,2026-04-24,初一下
4720,390,体育,1.7,2025-09-10,初一上
4721,390,体育,2.3,2025-11-05,初一上
4722,390,体育,2.5,2026-03-19,初一下
4723,390,阅读,0.6,2026-01-06,初一上
4724,391,社团,0.9,2026-01-19,初一上
4725,391,体育,1.2,2026-05-31,初一下
4726,391,体育,1.0,2025-09-26,初一上
4727,391,阅读,2.8,2025-10-31,初一上
4728,391,体育,0.7,2025-09-26,初一上
4729,391,阅读,4.3,2026-01-08,初一上
4730,391,体育,3.4,2025-10-13,初一上
4731,392,社团,1.6,2026-05-03,初一下
4732,392,实践,3.1,2026-05-30,初一下
4733,392,阅读,1.2,2026-06-18,初一下
4734,392,实践,0.8,2026-07-02,初一下
4735,392,社团,1.1,2025-09-22,初一上
4736,392,实践,0.5,2025-11-25,初一上
4737,392,阅读,6.1,2025-10-14,初一上
4738,392,体育,2.7,2026-06-15,初一下
4739,392,阅读,0.5,2026-04-26,初一下
4740,392,实践,3.1,2026-02-20,初一下
4741,392,体育,0.8,2026-05-25,初一下
4742,393,体育,4.5,2026-03-02,初一下
4743,393,社团,0.8,2026-04-20,初一下
4744,393,实践,0.9,2025-12-09,初一上
4745,393,体育,4.6,2026-02-20,初一下
4746,393,体育,1.5,2025-12-24,初一上
4747,393,阅读,0.7,2026-05-10,初一下
4748,393,体育,1.7,2025-10-06,初一上
4749,393,阅读,1.9,2025-12-17,初一上
4750,393,体育,2.2,2025-09-06,初一上
4751,393,体育,1.4,2026-02-22,初一下
4752,394,阅读,2.6,2025-11-27,初一上
4753,394,社团,2.4,2025-09-10,初一上
4754,394,体育,0.5,2026-01-19,初一上
4755,394,社团,1.3,2026-02-27,初一下
4756,394,实践,1.2,2025-11-29,初一上
4757,394,阅读,5.1,2025-11-13,初一上
4758,394,实践,0.6,2025-10-03,初一上
4759,395,体育,1.0,2026-06-01,初一下
4760,395,实践,0.7,2026-03-22,初一下
4761,395,阅读,0.5,2025-12-25,初一上
4762,395,社团,1.9,2025-10-01,初一上
4763,395,阅读,2.4,2025-11-11,初一上
4764,395,实践,1.2,2026-06-22,初一下
4765,396,社团,3.4,2026-03-03,初一下
4766,396,阅读,0.6,2026-06-04,初一下
4767,396,阅读,1.5,2026-05-10,初一下
4768,396,体育,3.3,2025-11-20,初一上
4769,397,体育,3.1,2025-10-24,初一上
4770,397,实践,1.6,2025-09-01,初一上
4771,397,体育,6.5,2025-09-01,初一上
4772,397,阅读,0.5,2026-03-24,初一下
4773,397,体育,3.2,2026-01-07,初一上
4774,397,体育,3.8,2026-04-18,初一下
4775,397,社团,1.5,2025-12-28,初一上
4776,398,社团,2.4,2025-12-21,初一上
4777,398,实践,1.9,2026-03-20,初一下
4778,398,体育,0.8,2026-06-15,初一下
4779,398,体育,1.7,2025-11-27,初一上
4780,398,体育,1.2,2026-05-24,初一下
4781,398,体育,2.6,2025-10-17,初一上
4782,398,实践,3.3,2026-03-11,初一下
4783,398,实践,1.8,2026-04-06,初一下
4784,399,体育,1.4,2026-01-10,初一上
4785,399,体育,2.3,2026-03-14,初一下
4786,399,阅读,1.1,2026-04-22,初一下
4787,399,体育,1.6,2026-02-20,初一下
4788,399,体育,0.7,2025-10-11,初一上
4789,400,体育,2.4,2025-09-06,初一上
4790,400,体育,0.8,2026-05-06,初一下
4791,400,实践,2.0,2026-05-21,初一下
4792,400,体育,3.4,2026-04-12,初一下
4793,400,社团,0.7,2025-11-16,初一上
4794,400,实践,3.5,2025-10-30,初一上
4795,401,阅读,2.5,2026-04-03,初一下
4796,401,体育,1.3,2026-03-07,初一下
4797,401,体育,1.8,2026-01-01,初一上
4798,401,体育,1.2,2025-12-29,初一上
4799,401,实践,2.0,2025-09-11,初一上
4800,401,体育,1.1,2025-12-01,初一上
4801,401,体育,1.2,2026-01-10,初一上
4802,401,阅读,3.3,2026-04-18,初一下
4803,401,体育,0.6,2025-10-16,初一上
4804,401,阅读,1.3,2026-04-21,初一下
4805,401,体育,2.5,2026-01-09,初一上
4806,402,体育,0.7,2026-02-27,初一下
4807,402,社团,2.1,2026-05-18,初一下
4808,402,社团,2.7,2025-09-15,初一上
4809,402,实践,2.3,2025-11-22,初一上
4810,402,体育,1.9,2026-05-08,初一下
4811,402,体育,2.9,2025-10-27,初一上
4812,403,实践,2.1,2025-11-10,初一上
4813,403,体育,7.3,2026-04-24,初一下
4814,403,实践,0.7,2026-06-02,初一下
4815,403,体育,2.5,2026-06-11,初一下
4816,403,体育,0.7,2025-12-09,初一上
4817,403,社团,3.6,2025-11-06,初一上
4818,403,阅读,3.4,2026-01-05,初一上
4819,404,体育,0.6,2025-10-05,初一上
4820,404,阅读,1.0,2026-05-03,初一下
4821,404,社团,0.5,2025-10-20,初一上
4822,404,实践,1.8,2025-10-03,初一上
4823,404,体育,3.0,2026-06-03,初一下
4824,404,实践,1.2,2026-05-23,初一下
4825,405,实践,2.1,2026-04-03,初一下
4826,405,体育,1.9,2025-11-07,初一上
4827,405,实践,0.8,2026-02-18,初一下
4828,405,体育,0.9,2025-12-29,初一上
4829,406,社团,2.8,2026-07-06,初一下
4830,406,社团,1.0,2026-04-23,初一下
4831,406,实践,2.3,2025-11-17,初一上
4832,406,阅读,4.3,2026-04-22,初一下
4833,406,阅读,1.5,2026-06-20,初一下
4834,406,体育,1.5,2026-05-05,初一下
4835,406,实践,3.1,2025-09-29,初一上
4836,407,实践,1.6,2026-03-07,初一下
4837,407,社团,0.9,2025-12-11,初一上
4838,407,社团,0.5,2025-12-18,初一上
4839,407,实践,0.5,2026-05-06,初一下
4840,407,社团,0.5,2026-01-07,初一上
4841,407,社团,1.2,2026-04-03,初一下
4842,407,阅读,3.4,2026-03-20,初一下
4843,408,社团,2.5,2025-10-28,初一上
4844,408,阅读,2.2,2025-09-17,初一上
4845,408,体育,4.4,2026-04-03,初一下
4846,408,社团,1.9,2025-09-29,初一上
4847,408,实践,1.9,2025-12-25,初一上
4848,408,实践,1.6,2025-12-21,初一上
4849,408,实践,0.8,2025-10-24,初一上
4850,408,实践,5.9,2025-12-10,初一上
4851,409,阅读,5.3,2026-03-10,初一下
4852,409,体育,5.6,2025-09-26,初一上
4853,409,实践,0.6,2026-05-13,初一下
4854,409,体育,1.3,2025-11-14,初一上
4855,409,体育,1.4,2026-03-12,初一下
4856,410,阅读,1.4,2026-06-07,初一下
4857,410,体育,0.6,2025-09-08,初一上
4858,410,实践,1.1,2026-06-01,初一下
4859,410,社团,1.3,2026-02-22,初一下
4860,410,实践,2.3,2026-03-07,初一下
4861,410,阅读,1.2,2025-10-15,初一上
4862,411,实践,1.5,2025-09-27,初一上
4863,411,阅读,5.2,2025-10-31,初一上
4864,411,体育,4.5,2025-11-19,初一上
4865,411,社团,0.9,2025-09-02,初一上
4866,411,实践,5.0,2025-09-21,初一上
4867,411,体育,1.5,2026-03-18,初一下
4868,411,阅读,1.5,2026-06-02,初一下
4869,411,社团,1.6,2025-12-01,初一上
4870,412,体育,1.8,2025-10-31,初一上
4871,412,体育,0.9,2026-01-04,初一上
4872,412,阅读,3.1,2026-02-20,初一下
4873,412,阅读,0.7,2026-05-28,初一下
4874,412,体育,1.4,2025-09-07,初一上
4875,412,体育,1.3,2025-12-17,初一上
4876,413,体育,0.9,2025-09-01,初一上
4877,413,体育,0.6,2025-12-05,初一上
4878,413,实践,0.6,2026-05-12,初一下
4879,413,阅读,1.8,2026-02-23,初一下
4880,413,社团,4.4,2026-05-15,初一下
4881,413,阅读,0.8,2025-11-16,初一上
4882,413,阅读,0.8,2025-12-13,初一上
4883,413,体育,1.1,2026-03-29,初一下
4884,414,体育,0.8,2025-10-31,初一上
4885,414,体育,1.4,2025-12-11,初一上
4886,414,阅读,0.6,2026-01-08,初一上
4887,414,实践,3.7,2025-11-06,初一上
4888,414,阅读,0.5,2026-04-23,初一下
4889,414,社团,2.6,2026-02-19,初一下
4890,414,阅读,2.0,2026-01-10,初一上
4891,415,体育,0.9,2025-12-26,初一上
4892,415,实践,4.7,2026-04-22,初一下
4893,415,体育,1.7,2025-11-29,初一上
4894,415,社团,3.4,2025-11-10,初一上
4895,415,体育,1.0,2025-11-21,初一上
4896,415,阅读,1.4,2025-09-19,初一上
4897,415,实践,1.9,2025-11-02,初一上
4898,415,体育,2.3,2025-09-10,初一上
4899,415,体育,0.8,2025-10-05,初一上
4900,415,社团,5.2,2026-04-21,初一下
4901,416,体育,2.3,2025-09-15,初一上
4902,416,阅读,5.0,2026-03-21,初一下
4903,416,体育,0.8,2025-11-25,初一上
4904,416,体育,1.6,2026-04-22,初一下
4905,416,体育,1.9,2026-01-06,初一上
4906,416,阅读,0.6,2025-09-25,初一上
4907,416,体育,1.2,2026-03-28,初一下
4908,416,体育,6.3,2026-06-01,初一下
4909,416,实践,2.3,2025-10-04,初一上
4910,416,阅读,1.0,2025-12-09,初一上
4911,417,体育,0.9,2026-04-13,初一下
4912,417,阅读,0.8,2026-05-26,初一下
4913,417,体育,0.6,2026-06-25,初一下
4914,417,阅读,0.6,2026-01-03,初一上
4915,417,实践,1.6,2025-11-27,初一上
4916,417,实践,1.1,2025-12-21,初一上
4917,417,阅读,2.4,2026-05-28,初一下
4918,417,实践,2.9,2026-05-11,初一下
4919,418,社团,1.4,2025-12-05,初一上
4920,418,阅读,2.4,2025-11-19,初一上
4921,418,社团,0.7,2026-06-04,初一下
4922,418,体育,0.8,2026-03-12,初一下
4923,418,阅读,1.6,2026-05-05,初一下
4924,418,实践,1.2,2026-04-24,初一下
4925,418,阅读,6.0,2025-10-12,初一上
4926,418,实践,2.2,2025-10-10,初一上
4927,418,阅读,2.6,2025-12-27,初一上
4928,419,社团,1.5,2026-03-15,初一下
4929,419,体育,3.2,2025-10-26,初一上
4930,419,体育,0.8,2025-10-06,初一上
4931,419,实践,1.2,2026-02-20,初一下
4932,419,社团,2.1,2025-09-30,初一上
4933,419,体育,1.5,2025-10-24,初一上
4934,420,体育,2.1,2026-03-22,初一下
4935,420,体育,0.8,2025-10-03,初一上
4936,421,阅读,0.5,2025-11-12,初一上
4937,421,体育,2.2,2025-12-01,初一上
4938,421,体育,1.8,2026-03-20,初一下
4939,421,体育,2.3,2025-09-25,初一上
4940,421,实践,2.0,2025-10-07,初一上
4941,421,阅读,2.1,2026-05-21,初一下
4942,421,社团,2.6,2026-04-17,初一下
4943,421,体育,0.6,2026-04-10,初一下
4944,421,社团,1.6,2025-11-17,初一上
4945,421,社团,3.2,2026-04-11,初一下
4946,421,体育,3.2,2025-12-14,初一上
4947,421,社团,0.9,2025-12-20,初一上
4948,422,实践,1.2,2026-03-03,初一下
4949,422,实践,4.5,2026-06-22,初一下
4950,422,阅读,2.8,2025-11-22,初一上
4951,422,体育,0.6,2026-05-29,初一下
4952,423,体育,0.9,2026-01-11,初一上
4953,423,实践,1.8,2025-12-01,初一上
4954,423,社团,1.4,2026-01-06,初一上
4955,423,社团,0.8,2025-10-10,初一上
4956,424,社团,1.1,2025-12-14,初一上
4957,424,实践,0.6,2026-01-13,初一上
4958,424,社团,1.3,2026-06-21,初一下
4959,424,阅读,2.2,2026-06-14,初一下
4960,424,体育,1.2,2026-04-19,初一下
4961,424,社团,0.9,2026-01-11,初一上
4962,425,社团,1.6,2025-11-19,初一上
4963,425,体育,2.3,2026-02-22,初一下
4964,425,实践,5.4,2025-09-19,初一上
4965,425,体育,1.2,2025-11-07,初一上
4966,425,实践,1.0,2025-10-09,初一上
4967,425,社团,1.2,2025-10-17,初一上
4968,426,实践,5.1,2026-03-27,初一下
4969,426,体育,1.2,2025-10-18,初一上
4970,426,社团,2.4,2026-03-01,初一下
4971,426,社团,3.0,2025-12-17,初一上
4972,426,实践,1.0,2025-12-27,初一上
4973,426,社团,1.0,2026-05-23,初一下
4974,426,实践,0.7,2025-09-28,初一上
4975,426,体育,1.0,2025-12-15,初一上
4976,427,社团,1.0,2025-11-25,初一上
4977,427,体育,1.5,2026-05-28,初一下
4978,427,阅读,2.8,2025-09-27,初一上
4979,427,社团,1.1,2025-09-09,初一上
4980,427,实践,7.4,2026-02-24,初一下
4981,427,社团,1.3,2026-04-04,初一下
4982,428,实践,1.5,2025-11-26,初一上
4983,428,实践,3.2,2026-03-08,初一下
4984,428,社团,2.7,2026-02-24,初一下
4985,428,阅读,3.0,2025-09-12,初一上
4986,429,阅读,10.6,2025-10-01,初一上
4987,429,体育,3.5,2025-09-17,初一上
4988,429,实践,0.7,2026-02-24,初一下
4989,429,体育,3.4,2026-04-10,初一下
4990,429,社团,1.2,2026-05-20,初一下
4991,429,体育,2.0,2026-03-25,初一下
4992,429,社团,1.1,2026-06-15,初一下
4993,429,体育,2.0,2025-11-09,初一上
4994,429,体育,0.7,2025-12-11,初一上
4995,429,社团,4.5,2026-04-04,初一下
4996,430,社团,1.0,2026-06-16,初一下
4997,430,体育,0.7,2025-10-04,初一上
4998,430,体育,3.0,2025-11-16,初一上
4999,430,社团,2.7,2025-10-09,初一上
5000,431,阅读,1.9,2025-11-24,初一上
5001,431,体育,2.3,2025-10-23,初一上
5002,431,体育,3.3,2026-04-17,初一下
5003,432,体育,1.3,2026-05-15,初一下
5004,432,阅读,1.5,2026-06-12,初一下
5005,432,实践,0.6,2026-03-07,初一下
5006,432,社团,7.3,2026-03-25,初一下
5007,432,体育,1.8,2026-03-24,初一下
5008,432,体育,0.6,2026-01-04,初一上
5009,433,体育,0.5,2026-05-27,初一下
5010,433,体育,1.8,2025-11-30,初一上
5011,433,实践,1.7,2026-05-26,初一下
5012,433,实践,1.4,2026-01-17,初一上
5013,433,实践,3.0,2026-01-02,初一上
5014,433,体育,0.6,2025-09-07,初一上
5015,433,阅读,1.0,2025-10-18,初一上
5016,433,体育,1.8,2026-06-20,初一下
5017,433,体育,1.4,2026-05-31,初一下
5018,433,社团,0.9,2025-11-11,初一上
5019,433,实践,3.1,2026-02-25,初一下
5020,434,实践,2.0,2026-05-31,初一下
5021,434,体育,2.6,2026-04-20,初一下
5022,434,实践,1.6,2026-05-28,初一下
5023,434,体育,3.0,2026-03-24,初一下
5024,434,阅读,0.8,2025-11-28,初一上
5025,434,阅读,1.8,2025-12-16,初一上
5026,435,阅读,1.1,2026-05-27,初一下
5027,435,体育,1.4,2026-06-08,初一下
5028,435,实践,3.6,2026-04-25,初一下
5029,435,体育,6.1,2026-04-04,初一下
5030,435,阅读,0.8,2026-03-22,初一下
5031,436,体育,6.6,2025-12-11,初一上
5032,436,体育,2.4,2025-10-28,初一上
5033,436,体育,0.7,2026-06-04,初一下
5034,436,实践,1.7,2025-09-24,初一上
5035,436,社团,2.6,2025-10-25,初一上
5036,436,社团,1.8,2026-02-16,初一下
5037,437,体育,1.1,2025-12-06,初一上
5038,437,阅读,1.1,2025-12-07,初一上
5039,437,体育,0.9,2026-03-23,初一下
5040,437,社团,1.9,2026-05-23,初一下
5041,438,体育,0.8,2025-09-08,初一上
5042,438,社团,2.5,2026-04-22,初一下
5043,438,体育,2.3,2025-12-26,初一上
5044,438,体育,1.2,2025-10-16,初一上
5045,438,实践,3.0,2026-05-10,初一下
5046,438,阅读,2.5,2026-01-08,初一上
5047,438,体育,1.3,2026-04-17,初一下
5048,438,阅读,2.5,2026-06-17,初一下
5049,438,实践,3.1,2025-09-07,初一上
5050,439,阅读,0.5,2025-12-07,初一上
5051,439,体育,2.5,2026-04-07,初一下
5052,439,体育,1.0,2026-04-19,初一下
5053,439,阅读,0.9,2026-05-09,初一下
5054,439,阅读,2.5,2026-03-25,初一下
5055,439,实践,3.2,2025-12-11,初一上
5056,440,体育,0.7,2025-12-19,初一上
5057,440,实践,0.9,2026-05-21,初一下
5058,440,阅读,0.8,2025-11-17,初一上
5059,440,体育,1.6,2025-10-22,初一上
5060,440,实践,1.9,2026-06-28,初一下
5061,440,体育,1.2,2026-06-02,初一下
5062,440,阅读,1.3,2026-04-14,初一下
5063,441,阅读,0.6,2026-06-05,初一下
5064,441,社团,0.8,2025-11-09,初一上
5065,441,体育,1.3,2025-12-20,初一上
5066,441,阅读,5.2,2026-04-07,初一下
5067,441,社团,2.0,2025-09-28,初一上
5068,441,实践,2.5,2025-09-30,初一上
5069,441,体育,1.7,2026-05-20,初一下
5070,442,社团,1.4,2026-05-31,初一下
5071,442,阅读,0.8,2025-10-26,初一上
5072,442,体育,1.3,2026-06-25,初一下
5073,443,体育,0.9,2026-06-27,初一下
5074,443,实践,2.3,2026-05-12,初一下
5075,443,实践,1.2,2026-06-03,初一下
5076,443,社团,0.9,2025-12-28,初一上
5077,443,阅读,0.5,2025-12-21,初一上
5078,444,社团,10.1,2025-12-28,初一上
5079,444,阅读,0.7,2026-06-29,初一下
5080,444,社团,0.8,2025-11-19,初一上
5081,444,体育,1.0,2025-11-07,初一上
5082,445,阅读,2.6,2025-10-22,初一上
5083,445,体育,8.6,2025-12-25,初一上
5084,446,实践,0.6,2025-12-02,初一上
5085,446,阅读,2.1,2025-11-09,初一上
5086,446,阅读,1.3,2025-09-17,初一上
5087,446,阅读,5.7,2026-03-26,初一下
5088,446,体育,4.9,2026-03-01,初一下
5089,446,体育,1.7,2026-05-08,初一下
5090,446,阅读,2.4,2025-10-24,初一上
5091,446,社团,0.8,2025-09-02,初一上
5092,446,实践,1.3,2026-05-18,初一下
5093,446,实践,5.0,2025-09-17,初一上
5094,446,阅读,3.3,2025-11-17,初一上
5095,446,实践,0.6,2025-11-28,初一上
5096,446,体育,2.3,2026-04-18,初一下
5097,447,阅读,3.1,2026-04-07,初一下
5098,447,体育,1.3,2026-04-19,初一下
5099,447,体育,1.4,2025-10-24,初一上
5100,447,体育,0.7,2025-10-06,初一上
5101,447,社团,0.7,2026-02-26,初一下
5102,447,体育,4.8,2025-12-18,初一上
5103,447,实践,2.0,2025-12-13,初一上
5104,448,实践,5.1,2026-02-26,初一下
5105,448,实践,1.4,2026-03-13,初一下
5106,448,体育,0.7,2026-03-11,初一下
5107,448,阅读,1.9,2026-04-13,初一下
5108,448,阅读,1.2,2026-01-14,初一上
5109,448,体育,1.0,2025-09-22,初一上
5110,448,实践,3.6,2026-01-18,初一上
5111,448,实践,1.9,2025-10-10,初一上
5112,448,阅读,0.9,2026-07-04,初一下
5113,448,阅读,1.2,2026-05-29,初一下
5114,448,体育,1.7,2026-05-18,初一下
5115,448,阅读,1.3,2026-05-18,初一下
5116,449,体育,2.5,2025-10-11,初一上
5117,449,阅读,1.3,2026-06-24,初一下
5118,449,阅读,7.4,2025-10-28,初一上
5119,449,阅读,8.2,2025-12-31,初一上
5120,449,社团,3.6,2025-09-12,初一上
5121,449,体育,3.4,2025-10-19,初一上
5122,449,阅读,3.3,2026-06-29,初一下
5123,449,体育,0.6,2025-09-07,初一上
5124,450,社团,5.1,2026-04-17,初一下
5125,450,体育,0.7,2026-02-22,初一下
5126,450,社团,1.8,2025-09-01,初一上
5127,450,实践,2.2,2025-12-03,初一上
5128,450,阅读,0.9,2026-02-17,初一下
5129,450,阅读,1.0,2025-12-03,初一上
5130,450,阅读,2.3,2026-01-19,初一上
5131,451,体育,0.8,2026-04-02,初一下
5132,451,体育,2.3,2025-11-10,初一上
5133,451,体育,1.4,2025-09-14,初一上
5134,451,体育,3.8,2026-06-20,初一下
5135,451,阅读,1.4,2026-06-26,初一下
5136,451,社团,2.6,2025-09-15,初一上
5137,451,阅读,1.4,2026-06-12,初一下
5138,451,体育,1.9,2026-05-14,初一下
5139,451,实践,0.7,2026-06-06,初一下
5140,451,阅读,0.6,2026-06-14,初一下
5141,451,实践,4.8,2025-09-15,初一上
5142,451,体育,6.3,2026-04-10,初一下
5143,452,实践,5.8,2026-06-21,初一下
5144,452,体育,2.5,2026-03-13,初一下
5145,452,社团,1.6,2026-04-11,初一下
5146,453,阅读,0.7,2026-06-11,初一下
5147,453,实践,0.5,2026-05-16,初一下
5148,454,实践,3.0,2025-11-16,初一上
5149,454,社团,0.9,2025-12-09,初一上
5150,454,阅读,1.1,2026-06-25,初一下
5151,454,阅读,2.3,2026-06-25,初一下
5152,454,阅读,0.9,2025-10-12,初一上
5153,454,体育,6.5,2025-10-11,初一上
5154,454,体育,0.6,2026-05-12,初一下
5155,455,体育,0.5,2026-06-22,初一下
5156,455,体育,3.3,2026-05-11,初一下
5157,455,实践,3.9,2026-07-05,初一下
5158,456,阅读,7.1,2026-03-22,初一下
5159,456,体育,0.5,2025-10-04,初一上
5160,456,实践,1.0,2025-09-12,初一上
5161,456,体育,1.7,2026-01-19,初一上
5162,456,阅读,3.1,2026-01-06,初一上
5163,456,阅读,6.4,2026-03-04,初一下
5164,456,实践,5.3,2025-09-21,初一上
5165,456,阅读,2.7,2026-04-10,初一下
5166,457,阅读,2.5,2026-04-24,初一下
5167,457,阅读,12.4,2025-09-05,初一上
5168,457,实践,5.9,2026-01-09,初一上
5169,457,实践,1.1,2026-07-05,初一下
5170,457,体育,1.2,2025-12-05,初一上
5171,458,体育,4.3,2026-05-20,初一下
5172,458,体育,0.7,2025-10-14,初一上
5173,458,体育,0.8,2026-06-20,初一下
5174,458,实践,3.1,2026-06-02,初一下
5175,458,实践,3.7,2025-12-05,初一上
5176,458,体育,2.2,2025-12-21,初一上
5177,458,实践,2.5,2026-01-13,初一上
5178,458,社团,0.8,2026-06-23,初一下
5179,458,社团,0.5,2025-09-03,初一上
5180,458,体育,2.1,2026-04-14,初一下
5181,459,体育,1.3,2026-04-09,初一下
5182,459,社团,0.8,2026-07-04,初一下
5183,459,阅读,1.3,2026-01-11,初一上
5184,459,体育,1.1,2025-09-23,初一上
5185,459,实践,6.8,2025-10-30,初一上
5186,459,体育,2.2,2026-06-17,初一下
5187,460,体育,0.8,2026-06-26,初一下
5188,460,体育,1.4,2025-10-20,初一上
5189,460,实践,2.2,2026-04-01,初一下
5190,460,体育,3.0,2026-01-08,初一上
5191,460,社团,2.5,2026-04-03,初一下
5192,460,实践,1.0,2025-11-18,初一上
5193,461,实践,2.5,2026-04-27,初一下
5194,461,实践,1.8,2026-01-06,初一上
5195,461,体育,2.3,2025-10-02,初一上
5196,461,实践,0.7,2026-03-12,初一下
5197,461,阅读,1.4,2026-06-22,初一下
5198,461,实践,1.5,2026-04-22,初一下
5199,461,体育,0.9,2025-10-28,初一上
5200,461,体育,0.7,2025-11-27,初一上
5201,461,阅读,0.5,2026-04-19,初一下
5202,461,实践,1.1,2025-10-30,初一上
5203,462,体育,2.1,2025-09-24,初一上
5204,462,体育,0.6,2025-09-14,初一上
5205,462,实践,1.2,2026-01-10,初一上
5206,462,阅读,1.6,2026-03-15,初一下
5207,462,阅读,0.9,2026-04-25,初一下
5208,462,阅读,7.9,2025-12-27,初一上
5209,463,阅读,3.4,2026-04-26,初一下
5210,463,体育,1.6,2026-03-09,初一下
5211,463,阅读,3.5,2025-11-13,初一上
5212,464,社团,2.3,2025-11-14,初一上
5213,464,体育,1.1,2025-10-29,初一上
5214,464,社团,1.9,2025-11-04,初一上
5215,464,体育,0.8,2026-03-09,初一下
5216,464,体育,1.8,2026-03-07,初一下
5217,465,实践,0.7,2026-06-08,初一下
5218,465,体育,1.3,2025-12-02,初一上
5219,465,阅读,1.9,2026-04-22,初一下
5220,465,阅读,1.2,2025-10-13,初一上
5221,465,体育,0.7,2026-06-30,初一下
5222,465,体育,0.7,2026-04-27,初一下
5223,465,体育,1.0,2025-10-18,初一上
5224,465,实践,6.0,2026-04-03,初一下
5225,466,实践,4.0,2026-04-17,初一下
5226,466,体育,3.9,2026-04-14,初一下
5227,466,体育,2.3,2025-09-01,初一上
5228,466,体育,4.7,2026-06-13,初一下
5229,466,实践,0.9,2026-06-02,初一下
5230,466,体育,3.0,2026-03-28,初一下
5231,467,社团,2.4,2026-01-14,初一上
5232,467,体育,13.4,2025-09-26,初一上
5233,467,实践,1.7,2026-01-06,初一上
5234,467,实践,1.0,2026-04-30,初一下
5235,467,阅读,0.5,2026-02-16,初一下
5236,467,体育,4.2,2026-04-08,初一下
5237,468,实践,4.3,2026-04-04,初一下
5238,468,阅读,3.0,2025-09-07,初一上
5239,468,阅读,1.5,2025-12-27,初一上
5240,468,实践,0.9,2026-03-16,初一下
5241,468,阅读,1.6,2026-03-22,初一下
5242,468,实践,0.6,2026-01-11,初一上
5243,469,社团,0.8,2025-10-08,初一上
5244,469,阅读,0.8,2026-06-16,初一下
5245,469,实践,0.7,2026-04-28,初一下
5246,469,体育,2.0,2026-02-25,初一下
5247,469,体育,1.0,2025-12-01,初一上
5248,469,社团,1.2,2026-07-04,初一下
5249,469,实践,1.5,2026-03-09,初一下
5250,469,实践,1.4,2025-12-28,初一上
5251,470,社团,1.4,2026-04-13,初一下
5252,470,社团,5.1,2025-12-09,初一上
5253,470,社团,1.6,2026-05-13,初一下
5254,470,实践,2.5,2025-09-07,初一上
5255,470,实践,4.4,2025-09-05,初一上
5256,470,实践,1.1,2026-05-25,初一下
5257,470,社团,1.3,2026-01-18,初一上
5258,470,阅读,7.1,2025-12-09,初一上
5259,471,实践,2.0,2025-10-06,初一上
5260,471,实践,1.6,2025-10-23,初一上
5261,471,体育,2.3,2025-09-14,初一上
5262,471,阅读,4.3,2026-05-24,初一下
5263,471,体育,1.7,2026-04-16,初一下
5264,471,实践,2.4,2026-03-28,初一下
5265,472,体育,4.5,2025-10-23,初一上
5266,472,社团,5.7,2026-05-17,初一下
5267,472,实践,0.8,2026-06-08,初一下
5268,472,阅读,1.1,2026-04-22,初一下
5269,472,体育,8.8,2026-03-30,初一下
5270,473,实践,3.3,2025-12-06,初一上
5271,473,阅读,4.2,2026-05-01,初一下
5272,473,体育,3.0,2025-09-28,初一上
5273,473,社团,2.6,2025-11-29,初一上
5274,473,体育,0.9,2026-05-21,初一下
5275,474,阅读,2.0,2026-01-14,初一上
5276,474,阅读,2.7,2026-05-13,初一下
5277,474,体育,3.4,2026-06-05,初一下
5278,475,体育,0.8,2026-05-08,初一下
5279,475,阅读,2.5,2026-03-02,初一下
5280,475,实践,0.6,2025-11-25,初一上
5281,475,阅读,3.8,2026-01-18,初一上
5282,475,实践,1.0,2025-09-28,初一上
5283,475,体育,1.2,2026-03-28,初一下
5284,475,社团,0.6,2026-06-14,初一下
5285,475,体育,2.0,2026-06-08,初一下
5286,475,实践,0.5,2025-09-06,初一上
5287,476,实践,0.9,2026-02-26,初一下
5288,476,实践,0.5,2026-05-23,初一下
5289,476,阅读,2.5,2025-10-27,初一上
5290,476,体育,3.8,2025-09-17,初一上
5291,477,体育,2.9,2026-03-27,初一下
5292,477,阅读,2.1,2025-09-24,初一上
5293,477,阅读,5.2,2026-02-24,初一下
5294,477,实践,2.9,2026-06-20,初一下
5295,477,阅读,4.3,2025-12-27,初一上
5296,477,体育,0.7,2026-01-14,初一上
5297,477,实践,1.0,2026-06-17,初一下
5298,477,社团,1.1,2026-03-15,初一下
5299,478,体育,4.7,2026-05-21,初一下
5300,478,体育,1.9,2026-01-18,初一上
5301,478,实践,1.4,2025-12-06,初一上
5302,478,体育,0.8,2025-09-01,初一上
5303,478,阅读,1.5,2026-01-06,初一上
5304,478,阅读,6.1,2025-09-06,初一上
5305,478,社团,0.9,2025-09-02,初一上
5306,478,体育,1.1,2026-03-23,初一下
5307,478,体育,1.1,2026-03-17,初一下
5308,478,阅读,0.6,2026-05-28,初一下
5309,478,体育,0.8,2026-02-26,初一下
5310,479,实践,2.3,2025-12-07,初一上
5311,479,社团,1.0,2025-09-29,初一上
5312,479,社团,1.4,2025-09-21,初一上
5313,480,阅读,3.4,2025-12-20,初一上
5314,480,社团,2.9,2025-09-17,初一上
5315,480,体育,3.1,2026-05-10,初一下
5316,480,体育,2.8,2026-04-27,初一下
5317,480,阅读,1.3,2026-03-09,初一下
5318,481,实践,1.9,2026-05-22,初一下
5319,481,实践,0.8,2026-04-15,初一下
5320,481,实践,3.3,2025-12-28,初一上
5321,481,体育,0.6,2025-10-20,初一上
5322,481,社团,4.9,2026-02-16,初一下
5323,481,体育,3.1,2026-02-20,初一下
5324,481,体育,0.8,2026-03-21,初一下
5325,481,实践,2.6,2025-10-31,初一上
5326,481,体育,1.1,2026-01-13,初一上
5327,482,阅读,2.3,2026-06-07,初一下
5328,482,社团,0.8,2025-11-05,初一上
5329,482,实践,3.4,2025-11-02,初一上
5330,483,社团,2.1,2026-02-23,初一下
5331,483,体育,1.0,2025-10-10,初一上
5332,483,实践,3.8,2025-11-16,初一上
5333,483,实践,1.8,2026-05-25,初一下
5334,483,社团,2.6,2026-04-01,初一下
5335,483,体育,7.2,2026-03-22,初一下
5336,483,实践,1.4,2026-05-05,初一下
5337,484,社团,0.9,2025-10-27,初一上
5338,484,实践,3.2,2025-09-29,初一上
5339,484,实践,0.8,2026-04-16,初一下
5340,484,社团,0.9,2025-09-20,初一上
5341,484,实践,1.4,2025-11-19,初一上
5342,484,实践,3.7,2025-09-30,初一上
5343,484,阅读,1.1,2025-12-01,初一上
5344,485,体育,3.5,2026-03-18,初一下
5345,485,体育,2.2,2025-09-24,初一上
5346,485,体育,1.2,2025-09-08,初一上
5347,485,体育,1.0,2026-02-19,初一下
5348,485,社团,1.1,2025-10-06,初一上
5349,485,实践,0.8,2026-03-23,初一下
5350,485,体育,1.3,2025-12-06,初一上
5351,485,阅读,2.5,2026-02-18,初一下
5352,486,体育,1.1,2026-04-13,初一下
5353,486,社团,0.8,2025-12-06,初一上
5354,486,阅读,1.1,2025-11-12,初一上
5355,486,阅读,1.3,2026-06-25,初一下
5356,486,体育,4.7,2026-06-25,初一下
5357,486,体育,2.0,2025-12-15,初一上
5358,486,体育,3.4,2026-07-04,初一下
5359,486,实践,1.2,2025-12-01,初一上
5360,487,实践,7.2,2026-03-19,初一下
5361,487,社团,0.9,2025-09-03,初一上
5362,487,实践,1.2,2025-11-16,初一上
5363,487,体育,1.0,2025-12-31,初一上
5364,487,阅读,3.1,2025-11-28,初一上
5365,487,体育,1.2,2026-06-06,初一下
5366,487,体育,3.4,2026-04-12,初一下
5367,487,体育,1.4,2026-05-13,初一下
5368,487,阅读,1.2,2026-02-18,初一下
5369,487,实践,1.4,2025-10-03,初一上
5370,488,体育,2.0,2025-10-27,初一上
5371,488,社团,0.7,2025-09-30,初一上
5372,488,体育,0.9,2025-12-23,初一上
5373,488,实践,0.8,2026-05-20,初一下
5374,488,社团,1.3,2026-06-01,初一下
5375,488,阅读,0.8,2026-05-02,初一下
5376,488,社团,1.4,2026-03-19,初一下
5377,488,体育,1.7,2026-06-22,初一下
5378,488,社团,1.3,2026-05-09,初一下
5379,488,实践,0.5,2026-05-16,初一下
5380,488,实践,1.1,2025-09-15,初一上
5381,489,体育,1.4,2026-02-16,初一下
5382,489,实践,0.9,2026-07-06,初一下
5383,489,社团,2.9,2026-06-16,初一下
5384,489,社团,2.8,2025-11-20,初一上
5385,489,阅读,0.8,2026-05-28,初一下
5386,489,体育,1.3,2025-12-22,初一上
5387,490,阅读,0.6,2025-10-14,初一上
5388,490,实践,2.9,2026-01-11,初一上
5389,490,社团,1.7,2025-12-10,初一上
5390,490,实践,5.7,2025-11-02,初一上
5391,490,社团,1.6,2026-04-16,初一下
5392,490,体育,1.7,2026-03-10,初一下
5393,490,体育,1.3,2026-03-03,初一下
5394,491,实践,2.8,2026-03-12,初一下
5395,491,社团,1.2,2026-04-01,初一下
5396,491,体育,0.5,2026-06-06,初一下
5397,491,阅读,1.7,2026-02-26,初一下
5398,492,体育,1.2,2026-01-10,初一上
5399,492,体育,0.6,2025-12-17,初一上
5400,492,社团,1.2,2026-05-25,初一下
5401,493,实践,4.6,2025-09-02,初一上
5402,493,阅读,2.9,2025-09-18,初一上
5403,493,体育,0.7,2026-02-17,初一下
5404,493,阅读,1.4,2025-10-26,初一上
5405,493,实践,0.7,2026-06-18,初一下
5406,493,体育,0.8,2025-09-25,初一上
5407,493,社团,1.9,2026-03-15,初一下
5408,493,实践,0.5,2025-12-15,初一上
5409,494,体育,2.0,2026-06-01,初一下
5410,494,实践,0.8,2026-05-05,初一下
5411,494,实践,4.3,2025-11-25,初一上
5412,494,社团,0.6,2026-06-28,初一下
5413,494,社团,0.5,2026-03-31,初一下
5414,494,社团,1.8,2025-12-13,初一上
5415,494,社团,0.7,2026-01-03,初一上
5416,494,社团,1.2,2025-10-23,初一上
5417,494,社团,1.7,2025-12-27,初一上
5418,494,阅读,1.8,2025-11-01,初一上
5419,495,体育,1.7,2026-05-09,初一下
5420,495,社团,1.1,2025-12-26,初一上
5421,495,体育,2.7,2026-06-16,初一下
5422,495,实践,1.5,2025-11-24,初一上
5423,495,体育,3.4,2026-06-01,初一下
5424,495,社团,0.6,2026-07-02,初一下
5425,495,阅读,0.9,2025-10-20,初一上
5426,495,实践,0.6,2026-05-12,初一下
5427,496,实践,1.0,2026-03-17,初一下
5428,496,阅读,3.8,2026-03-15,初一下
5429,496,社团,4.1,2026-05-11,初一下
5430,497,实践,3.2,2026-07-05,初一下
5431,497,体育,1.3,2026-05-05,初一下
5432,497,实践,2.4,2025-10-13,初一上
5433,497,体育,3.7,2026-04-24,初一下
5434,497,实践,6.2,2025-09-07,初一上
5435,498,阅读,1.0,2025-09-09,初一上
5436,498,社团,2.6,2026-01-12,初一上
5437,498,实践,0.7,2026-03-02,初一下
5438,498,实践,0.5,2025-10-26,初一上
5439,498,实践,4.3,2026-05-12,初一下
5440,498,实践,2.2,2026-06-18,初一下
5441,498,阅读,5.9,2026-01-03,初一上
5442,498,实践,2.3,2026-03-22,初一下
5443,498,实践,1.2,2025-10-25,初一上
5444,498,体育,2.3,2025-09-03,初一上
5445,499,实践,2.8,2025-09-26,初一上
5446,499,社团,0.6,2025-12-06,初一上
5447,499,实践,3.1,2026-04-14,初一下
5448,499,社团,1.4,2026-01-16,初一上
5449,499,社团,1.0,2026-03-22,初一下
5450,500,实践,1.5,2025-10-28,初一上
5451,500,阅读,0.5,2026-05-13,初一下
5452,500,体育,0.9,2026-04-29,初一下
5453,500,实践,1.8,2026-06-02,初一下
5454,500,实践,0.7,2025-09-08,初一上
5455,500,实践,3.6,2026-06-29,初一下
5456,500,体育,6.9,2025-10-07,初一上
5457,500,社团,0.7,2026-03-17,初一下
5458,500,社团,2.4,2026-05-12,初一下
5459,501,社团,2.6,2025-10-16,初一上
5460,501,体育,1.3,2025-09-09,初一上
5461,501,实践,2.5,2025-10-15,初一上
5462,501,阅读,5.7,2026-05-30,初一下
5463,501,体育,2.6,2026-06-21,初一下
5464,501,实践,3.0,2026-04-12,初一下
5465,502,实践,1.9,2026-01-01,初一上
5466,502,体育,3.6,2026-04-02,初一下
5467,502,实践,4.1,2025-09-09,初一上
5468,502,社团,0.9,2026-01-05,初一上
5469,502,实践,0.7,2026-06-22,初一下
5470,502,社团,1.3,2026-03-08,初一下
5471,503,实践,1.1,2025-12-11,初一上
5472,503,体育,1.5,2026-06-09,初一下
5473,504,体育,1.4,2025-09-03,初一上
5474,504,阅读,0.8,2026-07-05,初一下
5475,504,实践,1.6,2025-12-17,初一上
5476,504,社团,1.1,2026-01-17,初一上
5477,504,体育,3.7,2026-04-02,初一下
5478,504,体育,3.6,2025-10-24,初一上
5479,504,阅读,1.5,2026-03-30,初一下
5480,505,实践,0.8,2026-02-17,初一下
5481,505,社团,3.1,2026-04-23,初一下
5482,505,阅读,0.7,2026-02-20,初一下
5483,505,社团,1.2,2025-10-27,初一上
5484,505,社团,1.1,2026-03-26,初一下
5485,505,实践,1.6,2026-05-15,初一下
5486,505,社团,3.3,2025-11-06,初一上
5487,505,实践,0.6,2025-10-06,初一上
5488,505,体育,0.9,2026-06-03,初一下
5489,505,阅读,1.0,2026-05-22,初一下
5490,506,阅读,10.7,2026-06-04,初一下
5491,506,体育,1.1,2026-04-21,初一下
5492,506,社团,4.8,2026-03-26,初一下
5493,506,体育,0.7,2026-01-02,初一上
5494,506,实践,0.9,2025-09-16,初一上
5495,507,体育,0.8,2026-05-26,初一下
5496,507,实践,0.9,2026-04-08,初一下
5497,507,阅读,1.3,2026-06-25,初一下
5498,507,阅读,0.9,2026-04-07,初一下
5499,507,体育,2.0,2026-05-29,初一下
5500,507,社团,1.0,2026-05-15,初一下
5501,508,阅读,2.0,2026-01-12,初一上
5502,508,阅读,0.6,2025-12-06,初一上
5503,508,体育,0.7,2025-10-21,初一上
5504,508,实践,1.6,2026-05-01,初一下
5505,508,体育,1.5,2026-05-16,初一下
5506,508,阅读,5.6,2026-01-17,初一上
5507,508,体育,5.0,2026-03-27,初一下
5508,508,阅读,1.0,2026-07-02,初一下
5509,508,实践,3.2,2025-09-15,初一上
5510,509,实践,0.5,2026-04-12,初一下
5511,509,社团,3.1,2025-12-02,初一上
5512,509,社团,1.4,2026-06-20,初一下
5513,509,社团,2.4,2025-10-31,初一上
5514,509,体育,1.6,2026-03-26,初一下
5515,509,体育,3.4,2026-01-14,初一上
5516,510,阅读,1.6,2026-05-28,初一下
5517,510,体育,1.0,2025-12-29,初一上
5518,510,社团,4.5,2026-05-03,初一下
5519,510,社团,0.7,2026-06-26,初一下
5520,510,社团,1.5,2025-09-07,初一上
5521,511,阅读,0.7,2026-05-24,初一下
5522,511,实践,0.7,2025-09-16,初一上
5523,511,体育,0.6,2026-03-26,初一下
5524,511,体育,1.0,2026-03-24,初一下
5525,511,体育,2.7,2026-02-24,初一下
5526,511,实践,2.3,2025-10-08,初一上
5527,511,体育,3.1,2026-06-13,初一下
5528,512,体育,1.0,2025-09-07,初一上
5529,512,体育,1.5,2026-03-24,初一下
5530,512,阅读,2.0,2026-04-11,初一下
5531,512,体育,1.1,2026-03-20,初一下
5532,512,社团,1.1,2025-11-17,初一上
5533,512,体育,0.9,2025-10-19,初一上
5534,512,社团,1.6,2026-04-10,初一下
5535,512,实践,4.3,2025-11-01,初一上
5536,513,体育,0.6,2026-06-28,初一下
5537,513,体育,5.8,2026-01-07,初一上
5538,513,实践,3.9,2025-09-17,初一上
5539,513,体育,1.2,2025-12-06,初一上
5540,513,阅读,0.6,2026-07-01,初一下
5541,513,实践,0.5,2026-03-05,初一下
5542,513,阅读,5.1,2026-07-05,初一下
5543,513,实践,1.9,2026-02-17,初一下
5544,513,社团,2.3,2026-04-30,初一下
5545,513,体育,1.1,2025-12-02,初一上
5546,513,实践,3.4,2026-03-07,初一下
5547,514,社团,0.8,2026-01-19,初一上
5548,514,实践,2.3,2025-11-01,初一上
5549,514,体育,0.7,2025-10-18,初一上
5550,514,社团,5.0,2026-02-23,初一下
5551,514,社团,3.7,2025-12-05,初一上
5552,515,社团,3.5,2026-01-09,初一上
5553,515,实践,8.8,2026-06-17,初一下
5554,515,实践,0.9,2026-03-12,初一下
5555,515,体育,4.2,2025-10-19,初一上
5556,515,社团,2.3,2025-12-09,初一上
5557,515,社团,3.0,2025-10-02,初一上
5558,515,实践,1.3,2025-10-06,初一上
5559,515,体育,2.7,2025-11-18,初一上
5560,515,体育,2.4,2026-04-21,初一下
5561,516,阅读,2.5,2026-03-13,初一下
5562,516,体育,1.1,2026-04-20,初一下
5563,516,阅读,1.0,2025-10-24,初一上
5564,516,阅读,3.7,2026-04-07,初一下
5565,516,实践,1.3,2026-06-27,初一下
5566,516,社团,3.0,2026-05-20,初一下
5567,516,实践,2.3,2025-11-25,初一上
5568,516,实践,0.8,2025-09-09,初一上
5569,516,实践,0.8,2025-12-02,初一上
5570,516,实践,2.6,2025-11-23,初一上
5571,517,体育,7.2,2025-11-28,初一上
5572,517,体育,4.4,2025-11-15,初一上
5573,517,阅读,0.8,2025-12-26,初一上
5574,517,实践,1.0,2025-09-10,初一上
5575,517,体育,4.0,2025-12-14,初一上
5576,517,阅读,3.8,2026-05-28,初一下
5577,518,实践,0.7,2026-04-27,初一下
5578,518,社团,0.7,2026-03-14,初一下
5579,518,实践,1.0,2026-05-24,初一下
5580,518,阅读,2.8,2026-07-06,初一下
5581,518,体育,2.9,2026-05-30,初一下
5582,519,阅读,1.3,2025-09-28,初一上
5583,519,体育,2.2,2026-06-20,初一下
5584,519,体育,0.8,2026-05-03,初一下
5585,519,社团,0.7,2026-06-10,初一下
5586,519,阅读,3.8,2026-04-01,初一下
5587,519,体育,2.3,2026-03-16,初一下
5588,519,体育,2.2,2025-12-14,初一上
5589,520,体育,0.7,2025-12-25,初一上
5590,520,社团,2.8,2026-06-18,初一下
5591,520,体育,1.1,2026-06-03,初一下
5592,520,实践,3.9,2026-01-03,初一上
5593,520,体育,1.3,2026-05-01,初一下
5594,520,阅读,0.8,2026-01-08,初一上
5595,520,社团,1.1,2025-11-20,初一上
5596,521,实践,0.6,2025-11-17,初一上
5597,521,体育,3.0,2026-04-19,初一下
5598,521,体育,1.7,2026-02-21,初一下
5599,521,实践,2.1,2025-12-02,初一上
5600,521,体育,0.6,2025-12-07,初一上
5601,521,体育,1.5,2026-04-05,初一下
5602,521,阅读,2.1,2025-10-22,初一上
5603,522,社团,1.6,2026-07-04,初一下
5604,522,体育,0.6,2025-12-29,初一上
5605,522,体育,1.4,2026-05-27,初一下
5606,523,社团,1.0,2026-02-21,初一下
5607,523,体育,1.2,2025-12-06,初一上
5608,523,实践,1.0,2025-11-06,初一上
5609,523,体育,1.0,2026-01-09,初一上
5610,523,社团,2.7,2026-01-10,初一上
5611,523,体育,0.9,2026-03-01,初一下
5612,523,实践,11.2,2025-10-16,初一上
5613,523,阅读,5.0,2026-03-23,初一下
5614,523,体育,1.3,2026-04-09,初一下
5615,524,社团,0.5,2026-03-01,初一下
5616,524,体育,1.3,2025-10-20,初一上
5617,524,社团,1.2,2025-12-27,初一上
5618,524,社团,0.8,2026-06-15,初一下
5619,525,实践,2.3,2025-10-11,初一上
5620,525,体育,0.9,2026-06-05,初一下
5621,525,体育,1.1,2025-09-11,初一上
5622,525,体育,1.8,2026-03-30,初一下
5623,525,体育,1.7,2026-06-29,初一下
5624,526,体育,1.3,2026-06-27,初一下
5625,526,体育,2.7,2026-07-03,初一下
5626,526,阅读,1.1,2026-06-05,初一下
5627,526,体育,3.7,2026-03-08,初一下
5628,526,体育,1.4,2025-09-21,初一上
5629,526,社团,0.7,2026-03-20,初一下
5630,526,实践,0.9,2025-11-02,初一上
5631,526,体育,0.9,2026-06-28,初一下
5632,526,阅读,4.3,2026-04-24,初一下
5633,526,社团,1.6,2026-03-06,初一下
5634,527,实践,2.3,2025-10-20,初一上
5635,527,体育,3.8,2025-11-30,初一上
5636,527,实践,1.8,2026-01-04,初一上
5637,527,体育,0.6,2026-04-30,初一下
5638,527,阅读,0.6,2025-12-20,初一上
5639,527,体育,0.8,2026-04-22,初一下
5640,527,阅读,1.1,2025-09-05,初一上
5641,527,社团,0.9,2025-09-20,初一上
5642,527,社团,0.6,2025-10-25,初一上
5643,528,实践,1.3,2026-03-22,初一下
5644,528,阅读,3.8,2026-03-27,初一下
5645,528,体育,2.5,2025-11-07,初一上
5646,528,社团,1.7,2026-03-30,初一下
5647,528,实践,2.8,2026-06-01,初一下
5648,529,体育,1.1,2025-09-21,初一上
5649,529,体育,4.4,2025-11-30,初一上
5650,529,社团,1.6,2025-10-24,初一上
5651,529,体育,1.6,2026-06-04,初一下
5652,529,体育,1.2,2026-04-01,初一下
5653,530,体育,1.7,2026-05-24,初一下
5654,530,阅读,4.5,2025-10-17,初一上
5655,530,实践,0.7,2026-05-11,初一下
5656,530,体育,1.3,2025-10-30,初一上
5657,530,体育,1.9,2026-01-15,初一上
5658,530,体育,1.1,2025-12-05,初一上
5659,530,体育,2.6,2026-01-02,初一上
5660,530,阅读,0.7,2025-10-02,初一上
5661,530,体育,2.2,2025-10-15,初一上
5662,530,社团,1.3,2026-03-09,初一下
5663,531,社团,0.5,2025-09-23,初一上
5664,531,社团,7.3,2025-09-16,初一上
5665,531,体育,1.1,2025-11-18,初一上
5666,531,社团,1.5,2026-05-30,初一下
5667,531,体育,0.6,2026-03-08,初一下
5668,531,实践,1.9,2025-11-27,初一上
5669,532,体育,0.5,2026-04-05,初一下
5670,532,体育,1.5,2025-11-07,初一上
5671,532,阅读,1.1,2026-03-13,初一下
5672,532,体育,0.8,2026-05-15,初一下
5673,532,阅读,1.0,2026-01-10,初一上
5674,532,阅读,3.0,2025-09-12,初一上
5675,532,实践,10.5,2025-11-21,初一上
5676,532,社团,0.8,2025-11-17,初一上
5677,532,阅读,3.3,2025-11-14,初一上
5678,532,阅读,2.2,2025-12-01,初一上
5679,532,实践,1.2,2025-11-29,初一上
5680,532,实践,1.4,2025-09-21,初一上
5681,532,体育,5.6,2026-04-25,初一下
5682,533,阅读,1.3,2026-04-30,初一下
5683,533,体育,2.5,2025-12-26,初一上
5684,533,社团,3.3,2026-05-21,初一下
5685,533,体育,1.9,2026-05-29,初一下
5686,534,阅读,1.9,2026-07-03,初一下
5687,534,实践,1.6,2026-01-03,初一上
5688,534,体育,4.8,2025-10-12,初一上
5689,534,实践,4.0,2025-12-29,初一上
5690,534,实践,3.4,2025-12-21,初一上
5691,534,社团,3.1,2026-05-18,初一下
5692,534,实践,1.9,2025-11-21,初一上
5693,534,体育,2.8,2025-09-20,初一上
5694,534,阅读,2.4,2026-04-17,初一下
5695,534,体育,4.8,2025-12-22,初一上
5696,534,体育,1.0,2025-10-05,初一上
5697,534,实践,1.5,2026-06-23,初一下
5698,535,实践,1.5,2026-02-22,初一下
5699,535,体育,5.4,2025-10-22,初一上
5700,535,实践,3.2,2026-05-13,初一下
5701,535,社团,0.6,2026-04-17,初一下
5702,535,社团,1.1,2025-09-26,初一上
5703,535,体育,0.9,2026-05-01,初一下
5704,536,社团,3.6,2026-03-07,初一下
5705,536,实践,4.6,2026-05-29,初一下
5706,536,体育,0.9,2026-05-11,初一下
5707,536,实践,0.5,2025-11-17,初一上
5708,537,体育,2.5,2026-04-22,初一下
5709,537,实践,1.2,2026-04-13,初一下
5710,537,实践,2.3,2026-01-06,初一上
5711,537,社团,1.9,2025-12-09,初一上
5712,537,阅读,0.5,2025-10-07,初一上
5713,537,社团,2.0,2026-03-07,初一下
5714,538,体育,2.1,2026-03-24,初一下
5715,538,社团,0.5,2026-04-25,初一下
5716,538,体育,3.8,2025-11-04,初一上
5717,538,实践,1.9,2025-09-05,初一上
5718,538,体育,5.7,2026-06-01,初一下
5719,539,体育,2.8,2026-05-25,初一下
5720,539,实践,0.8,2025-09-23,初一上
5721,539,体育,2.0,2026-04-09,初一下
5722,539,体育,0.5,2026-03-21,初一下
5723,539,社团,1.0,2026-03-12,初一下
5724,539,阅读,2.0,2026-06-02,初一下
5725,540,实践,0.5,2026-05-28,初一下
5726,540,体育,1.1,2025-12-17,初一上
5727,540,阅读,2.7,2026-03-28,初一下
5728,540,体育,2.6,2025-12-07,初一上
5729,540,阅读,0.5,2026-03-28,初一下
5730,540,实践,1.0,2026-01-19,初一上
5731,540,实践,0.8,2026-03-02,初一下
5732,540,社团,3.8,2026-04-30,初一下
5733,540,体育,0.6,2025-10-18,初一上
5734,541,体育,5.4,2026-03-27,初一下
5735,541,实践,3.5,2025-12-28,初一上
5736,541,阅读,3.1,2026-03-25,初一下
5737,541,实践,0.5,2026-02-27,初一下
5738,541,实践,0.6,2026-04-19,初一下
5739,541,实践,3.2,2026-04-14,初一下
5740,542,阅读,1.5,2026-04-19,初一下
5741,542,实践,3.4,2026-05-25,初一下
5742,542,实践,2.8,2025-11-17,初一上
5743,542,实践,2.1,2026-02-22,初一下
5744,542,阅读,0.6,2025-12-07,初一上
5745,542,阅读,2.9,2025-11-19,初一上
5746,542,社团,0.7,2025-10-15,初一上
5747,543,社团,2.9,2026-02-21,初一下
5748,543,实践,0.5,2026-03-31,初一下
5749,543,体育,1.4,2026-02-17,初一下
5750,543,体育,2.8,2026-06-29,初一下
5751,543,阅读,0.5,2025-12-14,初一上
5752,543,体育,1.8,2025-12-06,初一上
5753,543,实践,5.2,2026-05-31,初一下
5754,543,阅读,2.3,2026-04-26,初一下
5755,543,阅读,3.7,2026-01-12,初一上
5756,544,体育,0.7,2026-04-01,初一下
5757,544,社团,1.3,2026-06-30,初一下
5758,544,社团,1.9,2025-10-01,初一上
5759,545,体育,0.6,2025-11-26,初一上
5760,545,阅读,0.6,2025-12-04,初一上
5761,545,社团,1.2,2025-10-01,初一上
5762,545,社团,2.9,2025-09-25,初一上
5763,545,体育,1.6,2025-10-04,初一上
5764,545,体育,1.3,2026-05-21,初一下
5765,545,阅读,3.0,2026-05-13,初一下
5766,545,实践,0.6,2026-06-26,初一下
5767,545,体育,1.6,2025-09-25,初一上
5768,545,体育,1.9,2025-10-06,初一上
5769,546,体育,1.8,2025-10-21,初一上
5770,546,社团,0.8,2026-05-05,初一下
5771,546,体育,3.9,2025-11-29,初一上
5772,546,社团,1.3,2025-09-04,初一上
5773,546,阅读,4.8,2026-02-16,初一下
5774,546,社团,0.8,2025-10-18,初一上
5775,546,实践,0.9,2026-03-12,初一下
5776,547,体育,0.8,2026-05-03,初一下
5777,547,实践,5.9,2025-09-06,初一上
5778,547,体育,0.6,2025-12-25,初一上
5779,547,阅读,1.4,2026-04-20,初一下
5780,547,实践,1.4,2025-09-16,初一上
5781,548,阅读,1.3,2026-02-23,初一下
5782,548,体育,2.1,2026-01-10,初一上
5783,548,实践,3.0,2026-01-15,初一上
5784,548,体育,0.7,2026-04-14,初一下
5785,549,实践,0.7,2026-01-01,初一上
5786,549,社团,0.9,2026-04-06,初一下
5787,549,社团,7.2,2025-09-08,初一上
5788,549,体育,3.3,2025-12-22,初一上
5789,549,体育,0.6,2025-12-09,初一上
5790,549,社团,3.3,2026-01-18,初一上
5791,549,阅读,5.0,2025-12-03,初一上
5792,550,体育,1.9,2025-09-22,初一上
5793,550,实践,2.2,2025-10-06,初一上
5794,550,体育,1.8,2026-01-05,初一上
5795,550,社团,1.0,2025-09-27,初一上
5796,550,社团,0.6,2025-11-26,初一上
5797,550,体育,0.6,2026-05-21,初一下
5798,550,阅读,3.9,2026-05-31,初一下
5799,550,体育,1.4,2026-05-19,初一下
5800,550,社团,0.5,2026-04-05,初一下
5801,551,体育,2.0,2026-03-19,初一下
5802,551,体育,1.5,2025-09-17,初一上
5803,551,社团,0.7,2026-04-13,初一下
5804,551,体育,2.1,2026-02-18,初一下
5805,551,社团,3.4,2025-11-11,初一上
5806,551,实践,5.0,2025-09-13,初一上
5807,551,阅读,2.8,2026-06-21,初一下
5808,551,实践,0.7,2025-11-17,初一上
5809,551,实践,1.2,2025-11-26,初一上
5810,551,实践,2.3,2025-10-08,初一上
5811,551,阅读,1.9,2025-11-23,初一上
5812,551,社团,1.6,2025-10-07,初一上
5813,552,实践,3.6,2025-12-15,初一上
5814,552,实践,3.9,2026-05-26,初一下
5815,552,实践,0.5,2025-12-26,初一上
5816,552,体育,0.9,2026-06-01,初一下
5817,553,阅读,1.4,2026-01-18,初一上
5818,553,体育,0.8,2025-10-28,初一上
5819,553,实践,1.2,2025-10-22,初一上
5820,553,社团,1.3,2025-11-16,初一上
5821,553,社团,1.3,2026-02-21,初一下
5822,553,实践,1.8,2025-11-01,初一上
5823,553,实践,1.2,2026-07-05,初一下
5824,553,体育,1.8,2025-11-19,初一上
5825,553,社团,2.9,2025-11-14,初一上
5826,554,体育,4.0,2026-05-05,初一下
5827,554,实践,2.7,2026-03-04,初一下
5828,554,实践,0.9,2025-11-22,初一上
5829,554,体育,3.4,2026-03-02,初一下
5830,554,体育,2.5,2026-01-07,初一上
5831,555,阅读,5.1,2026-03-05,初一下
5832,555,社团,3.0,2025-09-09,初一上
5833,555,体育,1.0,2026-06-30,初一下
5834,555,体育,0.5,2025-11-28,初一上
5835,555,阅读,1.2,2025-09-15,初一上
5836,556,体育,0.7,2026-02-21,初一下
5837,556,社团,1.3,2026-03-17,初一下
5838,556,实践,2.1,2026-04-11,初一下
5839,556,阅读,1.4,2025-11-22,初一上
5840,556,体育,1.8,2026-06-13,初一下
5841,556,实践,1.8,2025-10-01,初一上
5842,556,阅读,1.5,2026-06-18,初一下
5843,556,社团,1.9,2025-10-26,初一上
5844,556,实践,1.0,2026-04-28,初一下
5845,557,体育,7.7,2026-01-03,初一上
5846,557,实践,1.3,2025-10-16,初一上
5847,557,体育,2.9,2026-05-19,初一下
5848,557,体育,2.8,2025-12-12,初一上
5849,558,体育,1.2,2025-10-20,初一上
5850,558,体育,0.8,2026-01-13,初一上
5851,558,实践,1.5,2025-11-24,初一上
5852,559,阅读,1.2,2025-10-30,初一上
5853,559,阅读,1.5,2026-06-24,初一下
5854,559,社团,4.5,2025-11-04,初一上
5855,559,体育,1.8,2025-09-27,初一上
5856,559,社团,1.9,2025-09-28,初一上
5857,559,体育,2.1,2026-04-04,初一下
5858,559,体育,0.5,2025-10-05,初一上
5859,560,阅读,2.6,2026-03-23,初一下
5860,560,实践,1.5,2025-10-17,初一上
5861,560,阅读,2.2,2026-06-14,初一下
5862,560,阅读,1.3,2025-09-22,初一上
5863,560,阅读,0.5,2026-03-08,初一下
5864,560,实践,1.8,2025-09-16,初一上
5865,560,实践,1.3,2026-03-09,初一下
5866,560,体育,2.1,2025-09-09,初一上
5867,561,实践,1.2,2026-05-18,初一下
5868,561,社团,1.7,2026-01-13,初一上
5869,561,阅读,0.9,2026-06-12,初一下
5870,561,体育,2.1,2026-06-15,初一下
5871,561,实践,0.8,2025-10-07,初一上
5872,561,阅读,2.8,2025-09-16,初一上
5873,561,阅读,0.7,2025-11-16,初一上
5874,562,社团,1.1,2026-03-09,初一下
5875,562,实践,1.0,2026-07-01,初一下
5876,562,体育,1.8,2025-10-15,初一上
5877,562,体育,1.3,2026-02-27,初一下
5878,562,阅读,1.8,2025-09-21,初一上
5879,562,体育,0.9,2026-03-23,初一下
5880,562,实践,1.0,2025-10-17,初一上
5881,562,实践,1.4,2025-11-27,初一上
5882,562,阅读,1.2,2025-10-06,初一上
5883,562,实践,0.8,2026-05-25,初一下
5884,563,阅读,0.6,2025-09-14,初一上
5885,563,阅读,2.5,2025-10-23,初一上
5886,563,体育,0.5,2026-03-28,初一下
5887,563,社团,1.6,2026-06-05,初一下
5888,564,体育,1.5,2025-12-01,初一上
5889,564,阅读,3.6,2026-03-07,初一下
5890,564,实践,2.3,2026-03-23,初一下
5891,564,体育,0.5,2025-10-05,初一上
5892,564,体育,0.7,2025-10-09,初一上
5893,564,实践,2.4,2026-03-31,初一下
5894,564,实践,0.9,2026-02-21,初一下
5895,564,阅读,0.7,2025-11-08,初一上
5896,564,实践,1.2,2025-10-03,初一上
5897,565,阅读,4.8,2026-05-03,初一下
5898,565,阅读,1.2,2025-09-27,初一上
5899,565,阅读,2.0,2026-03-16,初一下
5900,566,体育,1.0,2026-03-13,初一下
5901,566,实践,2.7,2025-09-04,初一上
5902,566,体育,1.2,2026-05-15,初一下
5903,566,实践,3.3,2026-06-17,初一下
5904,567,体育,2.5,2026-01-04,初一上
5905,567,体育,0.7,2026-06-07,初一下
5906,567,体育,0.9,2025-09-30,初一上
5907,567,体育,1.0,2026-04-18,初一下
5908,567,社团,1.0,2026-04-05,初一下
5909,567,实践,2.7,2026-03-06,初一下
5910,567,实践,1.1,2025-10-01,初一上
5911,568,社团,1.7,2025-11-14,初一上
5912,568,实践,3.1,2025-12-24,初一上
5913,568,体育,0.6,2025-09-04,初一上
5914,568,实践,1.0,2025-11-13,初一上
5915,568,实践,5.6,2026-04-24,初一下
5916,568,体育,3.7,2025-10-02,初一上
5917,568,社团,2.9,2025-12-10,初一上
5918,568,阅读,0.9,2025-12-13,初一上
5919,568,社团,3.2,2026-06-15,初一下
5920,569,实践,5.3,2025-11-11,初一上
5921,569,体育,2.0,2026-06-25,初一下
5922,570,体育,0.7,2026-04-05,初一下
5923,570,实践,5.2,2026-03-25,初一下
5924,570,阅读,0.5,2026-04-14,初一下
5925,570,实践,2.3,2026-03-24,初一下
5926,570,社团,1.5,2026-04-17,初一下
5927,570,社团,1.3,2025-09-30,初一上
5928,570,体育,3.6,2025-12-30,初一上
5929,571,社团,1.2,2026-04-09,初一下
5930,571,实践,0.7,2025-11-13,初一上
5931,571,社团,0.8,2025-10-03,初一上
5932,571,阅读,0.9,2026-03-10,初一下
5933,571,阅读,1.4,2025-09-05,初一上
5934,571,体育,0.9,2025-10-25,初一上
5935,571,阅读,0.7,2026-01-09,初一上
5936,572,阅读,0.8,2026-07-04,初一下
5937,572,阅读,0.8,2025-11-02,初一上
5938,572,社团,4.7,2026-01-19,初一上
5939,572,社团,1.1,2026-03-29,初一下
5940,572,实践,1.4,2025-09-17,初一上
5941,572,体育,3.0,2026-04-15,初一下
5942,573,社团,1.6,2025-12-21,初一上
5943,573,体育,0.7,2025-11-16,初一上
5944,573,体育,2.9,2026-01-08,初一上
5945,573,阅读,2.2,2025-12-02,初一上
5946,573,体育,5.2,2025-09-22,初一上
5947,573,社团,1.0,2026-07-06,初一下
5948,573,体育,0.8,2026-03-10,初一下
5949,573,阅读,2.0,2026-01-02,初一上
5950,573,体育,0.7,2026-05-19,初一下
5951,574,体育,3.0,2026-02-23,初一下
5952,574,实践,1.5,2026-03-01,初一下
5953,574,社团,5.8,2025-10-21,初一上
5954,574,实践,0.8,2025-12-27,初一上
5955,574,阅读,2.6,2026-04-22,初一下
5956,575,社团,0.9,2026-06-08,初一下
5957,575,体育,1.2,2026-06-11,初一下
5958,575,实践,1.4,2026-04-30,初一下
5959,575,实践,1.0,2026-01-06,初一上
5960,575,体育,2.6,2026-03-23,初一下
5961,575,体育,1.2,2025-09-23,初一上
5962,576,体育,1.3,2025-09-05,初一上
5963,576,实践,1.7,2025-09-08,初一上
5964,576,实践,1.9,2025-09-24,初一上
5965,577,体育,2.0,2026-03-29,初一下
5966,577,实践,2.1,2025-11-30,初一上
5967,577,阅读,1.7,2025-10-09,初一上
5968,577,体育,1.7,2026-04-25,初一下
5969,577,实践,1.8,2025-12-05,初一上
5970,578,社团,4.6,2026-04-14,初一下
5971,578,实践,0.8,2026-05-23,初一下
5972,578,社团,1.8,2025-12-30,初一上
5973,578,实践,8.1,2025-10-05,初一上
5974,578,阅读,5.1,2026-01-07,初一上
5975,579,实践,2.8,2026-06-07,初一下
5976,579,阅读,1.0,2025-12-27,初一上
5977,579,实践,2.8,2026-03-22,初一下
5978,579,体育,7.3,2025-11-03,初一上
5979,579,实践,3.4,2026-02-16,初一下
5980,580,阅读,0.9,2026-03-02,初一下
5981,580,阅读,1.4,2026-06-23,初一下
5982,580,实践,2.2,2025-12-22,初一上
5983,580,社团,0.6,2025-09-03,初一上
5984,580,实践,4.9,2026-03-09,初一下
5985,580,实践,1.1,2026-05-05,初一下
5986,580,实践,1.6,2025-09-29,初一上
5987,581,阅读,1.9,2026-05-27,初一下
5988,581,社团,0.9,2025-11-03,初一上
5989,581,实践,1.0,2026-03-13,初一下
5990,581,实践,1.2,2025-09-17,初一上
5991,581,体育,2.5,2026-01-09,初一上
5992,582,体育,3.0,2025-12-11,初一上
5993,582,体育,2.6,2025-11-20,初一上
5994,582,体育,3.7,2025-10-19,初一上
5995,582,实践,0.5,2025-09-24,初一上
5996,582,体育,0.9,2025-11-11,初一上
5997,582,实践,2.4,2026-04-20,初一下
5998,582,体育,1.9,2026-05-14,初一下
5999,583,实践,5.3,2026-05-10,初一下
6000,583,阅读,1.1,2026-05-08,初一下
6001,583,体育,1.0,2025-09-17,初一上
6002,583,阅读,5.8,2025-12-15,初一上
6003,583,社团,2.4,2025-10-24,初一上
6004,584,实践,2.1,2026-04-22,初一下
6005,584,实践,1.7,2025-10-23,初一上
6006,584,体育,0.8,2026-06-12,初一下
6007,584,实践,3.1,2025-09-13,初一上
6008,584,阅读,1.7,2025-11-16,初一上
6009,585,阅读,1.2,2025-12-08,初一上
6010,585,体育,0.8,2026-04-18,初一下
6011,585,体育,0.6,2026-04-19,初一下
6012,585,实践,6.1,2026-06-05,初一下
6013,585,体育,2.1,2025-09-29,初一上
6014,585,社团,2.8,2026-05-02,初一下
6015,585,实践,2.7,2025-10-06,初一上
6016,585,阅读,0.8,2026-02-16,初一下
6017,585,阅读,6.3,2025-12-19,初一上
6018,585,阅读,3.8,2026-04-18,初一下
6019,585,阅读,2.2,2026-01-10,初一上
6020,585,体育,2.1,2026-03-31,初一下
6021,585,体育,1.4,2025-12-16,初一上
6022,586,阅读,2.1,2025-11-03,初一上
6023,586,社团,1.7,2026-05-19,初一下
6024,586,社团,0.8,2026-03-09,初一下
6025,586,体育,1.6,2026-07-05,初一下
6026,586,社团,2.7,2025-11-09,初一上
6027,586,阅读,0.7,2025-11-04,初一上
6028,586,实践,1.9,2025-11-08,初一上
6029,586,体育,3.1,2025-12-19,初一上
6030,586,实践,1.0,2026-07-02,初一下
6031,586,体育,1.2,2026-03-07,初一下
6032,587,体育,2.4,2026-03-29,初一下
6033,587,社团,1.1,2026-03-23,初一下
6034,587,体育,0.8,2026-04-21,初一下
6035,587,实践,0.8,2026-06-06,初一下
6036,587,社团,2.1,2026-06-11,初一下
6037,587,社团,1.0,2026-05-27,初一下
6038,587,阅读,1.5,2025-10-11,初一上
6039,587,社团,3.3,2025-11-15,初一上
6040,588,社团,3.3,2026-05-16,初一下
6041,588,体育,5.8,2026-04-02,初一下
6042,588,体育,2.0,2026-03-20,初一下
6043,588,阅读,2.4,2026-04-28,初一下
6044,588,阅读,3.6,2026-01-19,初一上
6045,589,社团,2.5,2025-11-06,初一上
6046,589,阅读,2.1,2026-02-17,初一下
6047,589,社团,0.9,2026-03-01,初一下
6048,589,体育,1.5,2026-01-09,初一上
6049,589,实践,2.9,2026-02-21,初一下
6050,589,阅读,1.0,2026-01-07,初一上
6051,589,实践,0.8,2026-03-31,初一下
6052,589,体育,1.5,2025-10-04,初一上
6053,590,体育,3.5,2026-03-31,初一下
6054,590,体育,2.8,2026-05-12,初一下
6055,590,阅读,0.7,2026-06-06,初一下
6056,590,阅读,0.9,2025-10-30,初一上
6057,590,社团,4.5,2026-03-31,初一下
6058,590,体育,3.7,2025-12-29,初一上
6059,590,实践,3.5,2025-10-30,初一上
6060,590,阅读,0.9,2026-01-04,初一上
6061,590,实践,1.9,2025-11-28,初一上
6062,590,体育,1.4,2025-12-07,初一上
6063,591,社团,2.2,2025-12-01,初一上
6064,591,实践,2.9,2025-10-18,初一上
6065,591,阅读,1.1,2026-06-26,初一下
6066,591,实践,0.6,2025-09-06,初一上
6067,591,社团,0.7,2025-12-23,初一上
6068,592,社团,3.3,2025-09-28,初一上
6069,592,阅读,2.3,2026-05-07,初一下
6070,592,实践,4.6,2026-04-25,初一下
6071,592,社团,2.9,2026-03-22,初一下
6072,592,阅读,1.2,2025-11-25,初一上
6073,593,实践,1.6,2025-12-29,初一上
6074,593,阅读,1.6,2025-09-22,初一上
6075,593,阅读,0.7,2025-10-30,初一上
6076,593,体育,1.5,2026-05-29,初一下
6077,593,阅读,0.7,2026-05-16,初一下
6078,593,实践,1.1,2026-03-17,初一下
6079,593,体育,5.4,2026-04-25,初一下
6080,594,实践,0.8,2026-03-16,初一下
6081,594,实践,1.0,2025-11-27,初一上
6082,594,阅读,0.8,2025-09-29,初一上
6083,595,阅读,1.8,2025-09-24,初一上
6084,595,体育,3.5,2025-09-30,初一上
6085,595,体育,2.7,2025-09-02,初一上
6086,595,体育,3.1,2026-04-03,初一下
6087,595,体育,0.8,2026-03-28,初一下
6088,595,社团,2.7,2026-01-10,初一上
6089,595,体育,0.7,2026-01-03,初一上
6090,595,体育,1.2,2025-12-25,初一上
6091,595,体育,0.7,2025-11-28,初一上
6092,595,实践,5.6,2026-04-26,初一下
6093,596,阅读,1.0,2026-01-16,初一上
6094,596,体育,1.0,2026-04-05,初一下
6095,596,实践,4.6,2026-03-09,初一下
6096,596,实践,3.2,2026-05-26,初一下
6097,596,体育,1.4,2025-10-31,初一上
6098,596,社团,1.0,2025-12-24,初一上
6099,596,社团,1.0,2026-01-11,初一上
6100,596,体育,0.9,2025-09-16,初一上
6101,597,体育,1.8,2026-04-05,初一下
6102,597,阅读,0.7,2026-01-13,初一上
6103,597,体育,0.7,2025-10-08,初一上
6104,597,社团,0.8,2025-09-02,初一上
6105,597,阅读,0.6,2026-04-02,初一下
6106,597,体育,2.3,2025-09-21,初一上
6107,598,社团,0.6,2025-12-25,初一上
6108,598,体育,0.7,2026-04-24,初一下
6109,598,实践,2.1,2025-11-05,初一上
6110,598,体育,3.6,2026-05-15,初一下
6111,598,体育,0.9,2025-10-18,初一上
6112,599,体育,4.1,2025-12-17,初一上
6113,599,实践,0.9,2025-12-27,初一上
6114,599,实践,2.8,2026-02-19,初一下
6115,599,实践,2.7,2026-03-14,初一下
6116,599,实践,1.4,2025-09-27,初一上
6117,599,社团,0.6,2026-04-28,初一下
6118,600,社团,1.8,2026-05-18,初一下
6119,600,体育,1.0,2026-06-03,初一下
6120,600,体育,2.1,2025-09-22,初一上
6121,600,实践,1.6,2026-06-02,初一下
6122,600,社团,1.0,2025-10-23,初一上
6123,600,实践,1.3,2026-06-07,初一下
6124,600,阅读,1.5,2025-10-19,初一上
6125,600,社团,0.9,2026-06-11,初一下
6126,600,实践,1.5,2025-09-22,初一上
6127,600,社团,5.4,2026-04-11,初一下
6128,600,体育,2.6,2026-03-21,初一下
6129,600,实践,3.1,2025-09-14,初一上
6130,601,实践,0.5,2026-03-16,初一下
6131,601,体育,1.8,2025-11-27,初一上
6132,601,实践,1.0,2026-05-09,初一下
6133,601,体育,2.4,2026-03-15,初一下
6134,601,体育,1.7,2026-04-17,初一下
6135,602,体育,2.8,2026-03-29,初一下
6136,602,体育,0.8,2025-12-21,初一上
6137,602,体育,5.1,2025-12-29,初一上
6138,602,实践,1.5,2025-09-25,初一上
6139,602,实践,0.8,2026-03-09,初一下
6140,602,实践,2.2,2025-10-05,初一上
6141,602,体育,3.3,2026-03-14,初一下
6142,602,社团,3.2,2026-04-06,初一下
6143,602,体育,1.4,2025-12-30,初一上
6144,602,体育,2.5,2025-11-17,初一上
6145,603,实践,2.8,2026-01-03,初一上
6146,603,阅读,0.9,2025-10-05,初一上
6147,603,阅读,7.4,2025-10-29,初一上
6148,603,阅读,0.8,2025-12-23,初一上
6149,603,社团,0.7,2026-02-17,初一下
6150,603,体育,2.9,2025-10-04,初一上
6151,603,社团,3.9,2026-05-01,初一下
6152,603,实践,1.4,2026-03-21,初一下
6153,604,社团,1.8,2025-09-17,初一上
6154,604,社团,0.6,2025-11-21,初一上
6155,604,社团,1.4,2026-03-29,初一下
6156,604,体育,2.2,2026-03-02,初一下
6157,604,实践,3.8,2026-02-28,初一下
6158,604,阅读,1.1,2025-09-24,初一上
6159,605,体育,1.7,2025-11-19,初一上
6160,605,阅读,0.6,2025-09-06,初一上
6161,605,体育,0.8,2026-07-06,初一下
6162,605,体育,0.7,2026-06-13,初一下
6163,606,体育,2.1,2026-05-17,初一下
6164,606,阅读,1.9,2026-03-13,初一下
6165,606,实践,1.1,2026-03-06,初一下
6166,606,体育,1.7,2026-05-02,初一下
6167,606,体育,2.6,2025-12-13,初一上
6168,606,实践,2.0,2026-01-09,初一上
6169,606,实践,0.5,2025-10-11,初一上
6170,606,阅读,0.8,2026-03-29,初一下
6171,606,社团,2.0,2026-04-25,初一下
6172,607,体育,4.6,2026-03-11,初一下
6173,607,实践,3.9,2026-04-08,初一下
6174,607,实践,0.9,2025-11-09,初一上
6175,607,社团,0.9,2026-07-02,初一下
6176,607,社团,0.8,2026-06-08,初一下
6177,607,阅读,1.6,2026-04-11,初一下
6178,607,实践,2.6,2026-05-12,初一下
6179,607,体育,3.0,2025-10-24,初一上
6180,607,体育,8.6,2025-12-15,初一上
6181,608,实践,1.7,2026-07-06,初一下
6182,608,体育,0.5,2026-06-28,初一下
6183,608,实践,0.7,2026-01-09,初一上
6184,608,实践,2.0,2026-05-09,初一下
6185,608,社团,2.4,2025-12-23,初一上
6186,608,体育,2.2,2026-06-24,初一下
6187,608,体育,2.5,2025-12-02,初一上
6188,608,社团,4.1,2025-12-10,初一上
6189,608,社团,1.8,2025-11-28,初一上
6190,608,体育,2.1,2025-09-23,初一上
6191,608,实践,3.2,2026-06-13,初一下
6192,608,实践,1.4,2025-12-30,初一上
6193,609,阅读,1.3,2026-07-05,初一下
6194,609,实践,1.2,2025-10-03,初一上
6195,609,体育,1.7,2026-03-23,初一下
6196,609,实践,0.6,2026-01-12,初一上
6197,609,实践,4.6,2026-03-08,初一下
6198,609,社团,1.0,2026-03-01,初一下
6199,609,实践,1.1,2026-01-12,初一上
6200,609,阅读,6.5,2026-02-22,初一下
6201,609,社团,4.0,2026-04-04,初一下
6202,609,体育,3.2,2026-02-26,初一下
6203,609,体育,6.9,2026-05-06,初一下
6204,609,体育,1.6,2026-01-06,初一上
6205,610,社团,1.2,2025-09-02,初一上
6206,610,社团,0.7,2026-05-10,初一下
6207,610,实践,2.5,2026-05-20,初一下
6208,610,实践,1.2,2025-10-07,初一上
6209,610,体育,1.8,2025-10-26,初一上
6210,610,阅读,0.8,2026-03-01,初一下
6211,610,社团,0.9,2025-10-12,初一上
6212,611,体育,1.6,2026-02-20,初一下
6213,611,体育,2.5,2026-03-13,初一下
6214,611,体育,1.1,2025-10-10,初一上
6215,611,体育,5.0,2026-05-27,初一下
6216,611,阅读,2.7,2025-12-28,初一上
6217,611,实践,0.9,2026-03-26,初一下
6218,612,实践,2.2,2025-11-20,初一上
6219,612,阅读,1.8,2026-04-11,初一下
6220,612,社团,1.2,2026-02-23,初一下
6221,612,阅读,1.2,2025-11-29,初一上
6222,612,体育,2.5,2025-10-17,初一上
6223,613,实践,1.2,2025-11-18,初一上
6224,613,社团,2.6,2025-11-18,初一上
6225,613,体育,1.2,2026-03-22,初一下
6226,613,体育,1.7,2025-10-22,初一上
6227,613,阅读,0.9,2025-12-11,初一上
6228,613,阅读,0.7,2026-02-18,初一下
6229,613,体育,1.6,2025-11-18,初一上
6230,614,体育,0.8,2026-06-09,初一下
6231,614,实践,3.0,2026-06-09,初一下
6232,614,实践,2.8,2025-12-06,初一上
6233,615,体育,2.7,2026-05-07,初一下
6234,615,社团,1.8,2026-05-10,初一下
6235,615,实践,0.5,2025-09-03,初一上
6236,615,实践,1.2,2025-09-21,初一上
6237,615,体育,2.4,2025-10-13,初一上
6238,615,体育,2.9,2026-03-18,初一下
6239,616,体育,0.8,2025-11-10,初一上
6240,616,体育,1.0,2026-04-05,初一下
6241,616,阅读,1.7,2025-10-18,初一上
6242,616,体育,3.5,2025-10-15,初一上
6243,616,社团,0.6,2026-04-24,初一下
6244,616,体育,5.2,2026-01-06,初一上
6245,616,阅读,3.9,2025-10-17,初一上
6246,617,阅读,0.9,2026-02-16,初一下
6247,617,阅读,0.8,2026-04-17,初一下
6248,617,阅读,1.6,2026-01-12,初一上
6249,617,阅读,3.2,2026-05-04,初一下
6250,617,体育,1.9,2026-06-08,初一下
6251,617,体育,1.1,2026-02-21,初一下
6252,617,社团,0.9,2026-06-27,初一下
6253,618,体育,2.4,2025-11-28,初一上
6254,618,实践,1.2,2026-06-21,初一下
6255,618,体育,4.4,2026-05-29,初一下
6256,618,社团,2.2,2025-12-20,初一上
6257,618,社团,1.8,2026-01-17,初一上
6258,618,体育,0.5,2026-04-20,初一下
6259,618,社团,7.0,2026-02-18,初一下
6260,618,实践,0.9,2025-09-04,初一上
6261,618,阅读,1.6,2026-06-16,初一下
6262,618,体育,1.0,2025-12-17,初一上
6263,618,实践,0.5,2026-02-17,初一下
6264,619,体育,0.8,2026-06-30,初一下
6265,619,社团,4.2,2025-11-05,初一上
6266,619,体育,1.1,2026-03-30,初一下
6267,619,实践,0.7,2026-04-06,初一下
6268,619,体育,0.6,2026-04-02,初一下
6269,619,体育,1.4,2026-01-09,初一上
6270,619,实践,0.8,2026-01-09,初一上
6271,619,社团,1.5,2026-03-16,初一下
6272,619,体育,1.1,2026-04-15,初一下
6273,620,阅读,0.6,2026-05-14,初一下
6274,620,体育,1.1,2025-10-26,初一上
6275,620,社团,1.7,2026-06-08,初一下
6276,620,社团,2.8,2026-02-28,初一下
6277,620,体育,0.5,2025-12-12,初一上
6278,620,体育,1.3,2026-01-19,初一上
6279,620,体育,0.8,2026-02-16,初一下
6280,620,社团,1.7,2026-06-07,初一下
6281,621,社团,0.6,2026-07-02,初一下
6282,621,实践,1.2,2026-06-14,初一下
6283,621,实践,2.1,2025-10-10,初一上
6284,621,阅读,1.5,2025-12-28,初一上
6285,621,实践,0.8,2025-11-30,初一上
6286,621,体育,1.3,2026-03-28,初一下
6287,621,体育,0.6,2025-09-21,初一上
6288,622,阅读,2.3,2026-01-04,初一上
6289,622,实践,2.8,2025-12-12,初一上
6290,622,社团,0.5,2025-10-31,初一上
6291,622,阅读,2.5,2025-10-13,初一上
6292,622,社团,1.1,2026-02-16,初一下
6293,622,社团,0.7,2025-10-25,初一上
6294,622,体育,1.3,2026-05-04,初一下
6295,622,体育,1.3,2026-01-15,初一上
6296,622,社团,1.4,2025-10-21,初一上
6297,622,体育,1.4,2026-03-02,初一下
6298,623,体育,1.9,2026-01-17,初一上
6299,623,体育,0.6,2026-04-02,初一下
6300,623,实践,1.0,2026-06-19,初一下
6301,623,社团,4.5,2025-10-07,初一上
6302,623,体育,0.6,2026-07-04,初一下
6303,623,阅读,2.7,2025-09-10,初一上
6304,624,体育,1.0,2025-12-29,初一上
6305,624,社团,1.7,2025-10-01,初一上
6306,624,体育,0.5,2025-09-28,初一上
6307,624,体育,0.9,2026-06-08,初一下
6308,624,社团,3.0,2026-05-09,初一下
6309,624,阅读,3.2,2026-02-19,初一下
6310,624,体育,1.5,2026-01-08,初一上
6311,624,社团,4.0,2026-01-13,初一上
6312,625,社团,0.9,2026-03-05,初一下
6313,625,体育,0.6,2025-11-08,初一上
6314,625,体育,5.0,2026-04-30,初一下
6315,625,体育,1.8,2025-12-08,初一上
6316,625,社团,1.6,2026-06-02,初一下
6317,625,社团,1.1,2026-06-15,初一下
6318,625,社团,1.0,2026-01-09,初一上
6319,625,体育,0.7,2025-11-30,初一上
6320,625,实践,2.0,2026-05-04,初一下
6321,626,实践,0.6,2026-03-11,初一下
6322,626,实践,2.3,2026-05-26,初一下
6323,626,体育,2.9,2025-11-23,初一上
6324,626,社团,1.3,2026-02-16,初一下
6325,626,社团,3.3,2025-09-22,初一上
6326,626,体育,1.7,2025-09-06,初一上
6327,626,阅读,1.8,2026-01-02,初一上
6328,626,实践,0.6,2026-03-17,初一下
6329,626,阅读,2.1,2026-05-31,初一下
6330,626,社团,1.0,2026-06-18,初一下
6331,627,体育,1.4,2025-12-26,初一上
6332,627,体育,0.8,2025-12-06,初一上
6333,627,社团,0.7,2025-10-26,初一上
6334,627,阅读,1.1,2026-04-05,初一下
6335,627,体育,1.8,2025-10-04,初一上
6336,628,社团,2.1,2025-10-12,初一上
6337,628,体育,1.8,2025-10-15,初一上
6338,628,体育,0.6,2026-05-10,初一下
6339,629,阅读,1.8,2026-06-24,初一下
6340,629,社团,5.2,2025-10-13,初一上
6341,629,实践,3.9,2025-09-12,初一上
6342,629,体育,1.4,2026-02-27,初一下
6343,629,社团,2.8,2026-01-17,初一上
6344,629,体育,1.4,2026-06-24,初一下
6345,630,实践,0.8,2025-11-17,初一上
6346,630,社团,2.8,2025-12-07,初一上
6347,630,阅读,1.0,2025-10-10,初一上
6348,630,社团,0.7,2026-01-09,初一上
6349,630,体育,1.0,2026-04-21,初一下
6350,630,实践,1.2,2025-09-26,初一上
6351,630,社团,0.9,2025-12-28,初一上
6352,631,社团,4.0,2026-06-17,初一下
6353,631,实践,1.1,2026-05-22,初一下
6354,631,体育,2.8,2025-11-03,初一上
6355,631,实践,8.2,2025-12-25,初一上
6356,631,实践,1.3,2026-05-11,初一下
6357,631,体育,1.4,2026-04-17,初一下
6358,631,实践,0.8,2026-02-18,初一下
6359,631,阅读,2.6,2025-12-14,初一上
6360,632,社团,1.2,2026-03-31,初一下
6361,632,社团,2.4,2026-01-06,初一上
6362,632,实践,0.6,2025-10-26,初一上
6363,632,阅读,2.0,2025-10-17,初一上
6364,632,实践,0.9,2025-12-02,初一上
6365,632,体育,1.3,2025-11-23,初一上
6366,633,体育,1.6,2025-11-29,初一上
6367,633,体育,3.0,2025-12-31,初一上
6368,633,体育,3.5,2025-11-07,初一上
6369,633,体育,3.7,2026-05-13,初一下
6370,633,社团,2.9,2026-01-03,初一上
6371,633,体育,1.8,2025-12-22,初一上
6372,633,阅读,0.9,2026-06-04,初一下
6373,633,实践,0.5,2025-09-09,初一上
6374,633,社团,1.7,2025-11-04,初一上
6375,634,阅读,3.8,2025-12-19,初一上
6376,634,体育,2.5,2025-12-13,初一上
6377,634,体育,6.6,2026-01-19,初一上
6378,634,阅读,1.1,2026-04-03,初一下
6379,634,社团,1.3,2025-12-31,初一上
6380,635,实践,2.2,2025-11-22,初一上
6381,635,阅读,3.0,2026-06-17,初一下
6382,635,社团,2.3,2025-11-28,初一上
6383,635,社团,1.4,2026-01-17,初一上
6384,635,社团,1.7,2025-12-04,初一上
6385,635,实践,1.0,2026-06-11,初一下
6386,635,阅读,2.0,2026-02-22,初一下
6387,635,实践,0.8,2025-11-23,初一上
6388,635,阅读,3.2,2026-03-14,初一下
6389,636,实践,2.4,2026-03-27,初一下
6390,636,实践,1.9,2026-02-18,初一下
6391,636,体育,1.1,2026-04-23,初一下
6392,636,社团,0.8,2025-09-09,初一上
6393,636,社团,0.7,2025-09-06,初一上
6394,636,体育,2.2,2026-07-03,初一下
6395,636,实践,2.0,2025-09-01,初一上
6396,636,体育,0.6,2025-09-06,初一上
6397,636,体育,1.4,2026-03-30,初一下
6398,637,社团,1.1,2026-05-02,初一下
6399,637,体育,1.0,2026-05-17,初一下
6400,637,阅读,0.6,2025-09-22,初一上
6401,637,实践,1.6,2026-03-22,初一下
6402,637,实践,5.0,2025-12-02,初一上
6403,637,体育,0.7,2026-05-21,初一下
6404,637,阅读,2.1,2026-06-12,初一下
6405,638,体育,3.1,2026-05-02,初一下
6406,638,体育,1.2,2026-01-03,初一上
6407,638,社团,5.6,2026-03-12,初一下
6408,638,阅读,0.7,2026-04-09,初一下
6409,638,体育,1.0,2026-03-17,初一下
6410,639,体育,1.1,2026-04-05,初一下
6411,639,体育,1.2,2026-06-09,初一下
6412,639,实践,3.9,2026-06-30,初一下
6413,639,体育,0.5,2026-05-19,初一下
6414,639,体育,0.7,2025-09-18,初一上
6415,639,社团,1.0,2026-03-04,初一下
6416,639,阅读,0.6,2025-11-07,初一上
6417,640,实践,1.9,2025-11-06,初一上
6418,640,阅读,0.6,2025-09-02,初一上
6419,640,社团,1.0,2026-02-25,初一下
6420,640,阅读,2.1,2026-06-25,初一下
6421,640,实践,1.4,2026-06-05,初一下
6422,640,实践,0.9,2025-11-13,初一上
6423,640,实践,3.1,2026-03-05,初一下
6424,640,社团,1.0,2026-03-13,初一下
6425,641,体育,0.9,2026-03-30,初一下
6426,641,体育,2.3,2025-11-22,初一上
6427,642,体育,3.1,2026-05-12,初一下
6428,642,阅读,0.9,2026-05-12,初一下
6429,642,阅读,0.7,2025-12-28,初一上
6430,642,实践,1.7,2025-11-17,初一上
6431,643,社团,1.3,2026-05-28,初一下
6432,643,体育,3.8,2026-03-20,初一下
6433,643,社团,1.0,2026-06-12,初一下
6434,643,体育,2.3,2026-03-23,初一下
6435,643,实践,5.4,2026-02-16,初一下
6436,643,实践,1.8,2025-11-06,初一上
6437,643,实践,0.9,2026-07-01,初一下
6438,643,体育,1.5,2025-11-23,初一上
6439,644,体育,2.9,2026-04-22,初一下
6440,644,体育,2.0,2025-12-14,初一上
6441,644,体育,1.7,2025-09-15,初一上
6442,644,体育,0.5,2026-05-16,初一下
6443,644,体育,2.4,2026-06-14,初一下
6444,644,阅读,3.1,2026-06-22,初一下
6445,645,体育,0.8,2026-04-05,初一下
6446,645,体育,1.9,2025-11-10,初一上
6447,645,体育,1.0,2025-10-27,初一上
6448,645,阅读,0.6,2026-03-18,初一下
6449,645,体育,2.5,2026-04-21,初一下
6450,645,体育,2.0,2025-11-14,初一上
6451,645,实践,2.6,2026-06-28,初一下
6452,645,阅读,0.9,2026-03-05,初一下
6453,646,社团,5.3,2026-02-23,初一下
6454,646,阅读,2.9,2026-06-21,初一下
6455,646,实践,1.2,2025-11-08,初一上
6456,646,体育,2.0,2026-05-31,初一下
6457,646,阅读,2.6,2025-09-06,初一上
6458,646,实践,0.9,2025-11-21,初一上
6459,646,体育,0.8,2025-11-28,初一上
6460,646,社团,2.5,2025-09-12,初一上
6461,646,实践,1.6,2026-01-12,初一上
6462,647,实践,3.8,2026-06-02,初一下
6463,647,阅读,0.6,2026-03-17,初一下
6464,647,体育,5.2,2026-04-23,初一下
6465,647,社团,1.0,2026-03-03,初一下
6466,647,社团,2.3,2025-12-13,初一上
6467,647,社团,0.5,2025-11-27,初一上
6468,647,体育,0.5,2025-11-16,初一上
6469,648,体育,4.1,2026-02-25,初一下
6470,648,阅读,1.3,2026-05-03,初一下
6471,648,阅读,0.7,2025-11-23,初一上
6472,648,体育,2.6,2026-03-08,初一下
6473,648,体育,0.9,2025-09-15,初一上
6474,648,社团,5.5,2026-03-05,初一下
6475,648,体育,1.4,2026-01-13,初一上
6476,648,社团,0.6,2025-09-18,初一上
6477,648,体育,1.3,2026-05-16,初一下
6478,648,实践,1.5,2025-11-21,初一上
6479,649,实践,1.5,2025-10-31,初一上
6480,649,社团,4.0,2025-12-25,初一上
6481,649,实践,3.8,2025-10-19,初一上
6482,649,阅读,3.1,2025-11-15,初一上
6483,650,阅读,0.6,2026-03-12,初一下
6484,650,实践,4.7,2025-12-18,初一上
6485,650,实践,1.0,2026-05-12,初一下
6486,650,实践,0.6,2026-06-10,初一下
6487,650,社团,9.4,2026-04-29,初一下
6488,650,实践,0.6,2025-12-13,初一上
6489,650,体育,0.6,2025-09-02,初一上
6490,650,体育,2.9,2026-02-19,初一下
6491,650,阅读,0.6,2026-06-21,初一下
6492,651,体育,1.4,2026-05-13,初一下
6493,651,阅读,2.3,2026-04-23,初一下
6494,651,实践,1.1,2026-03-30,初一下
6495,651,实践,2.1,2026-05-12,初一下
6496,651,体育,5.2,2026-05-13,初一下
6497,651,体育,8.3,2025-10-18,初一上
6498,652,社团,1.5,2025-11-26,初一上
6499,652,阅读,2.6,2026-04-03,初一下
6500,652,体育,2.1,2025-10-12,初一上
6501,652,体育,4.2,2025-09-09,初一上
6502,652,实践,4.5,2026-04-11,初一下
6503,652,社团,1.8,2025-10-19,初一上
6504,653,社团,1.0,2026-05-30,初一下
6505,653,体育,0.7,2026-01-01,初一上
6506,653,实践,1.2,2026-05-06,初一下
6507,654,实践,2.3,2026-05-03,初一下
6508,654,阅读,1.3,2026-06-27,初一下
6509,654,实践,0.5,2025-09-21,初一上
6510,654,体育,1.9,2025-11-26,初一上
6511,654,社团,1.3,2026-05-02,初一下
6512,655,阅读,0.9,2026-05-16,初一下
6513,655,体育,1.1,2025-10-22,初一上
6514,655,阅读,2.3,2026-04-23,初一下
6515,655,阅读,0.6,2026-04-12,初一下
6516,655,阅读,1.2,2026-05-04,初一下
6517,655,阅读,0.6,2026-03-27,初一下
6518,655,实践,2.4,2026-03-01,初一下
6519,656,社团,8.1,2026-06-26,初一下
6520,656,阅读,1.2,2026-05-22,初一下
6521,656,社团,3.4,2026-03-13,初一下
6522,656,实践,3.6,2026-01-11,初一上
6523,656,阅读,2.4,2026-03-09,初一下
6524,656,体育,0.7,2025-12-10,初一上
6525,656,社团,2.6,2026-02-16,初一下
6526,657,体育,1.3,2025-11-27,初一上
6527,657,体育,2.6,2026-06-14,初一下
6528,657,体育,1.0,2025-09-17,初一上
6529,657,体育,4.6,2026-01-02,初一上
6530,657,体育,0.6,2026-06-09,初一下
6531,657,体育,5.6,2025-10-13,初一上
6532,658,社团,1.1,2026-05-15,初一下
6533,658,实践,0.8,2026-03-10,初一下
6534,658,实践,1.9,2025-09-10,初一上
6535,658,阅读,1.6,2025-11-19,初一上
6536,658,实践,3.5,2026-04-22,初一下
6537,658,社团,2.9,2025-10-09,初一上
6538,659,实践,1.8,2025-10-25,初一上
6539,659,阅读,1.4,2025-12-09,初一上
6540,659,体育,10.0,2026-04-13,初一下
6541,659,体育,0.9,2026-01-16,初一上
6542,659,阅读,3.0,2026-03-08,初一下
6543,659,实践,1.1,2026-04-17,初一下
6544,660,实践,1.5,2026-05-24,初一下
6545,660,体育,0.6,2025-09-29,初一上
6546,660,社团,0.8,2026-06-28,初一下
6547,660,体育,1.0,2025-12-20,初一上
6548,660,体育,0.8,2026-06-25,初一下
6549,661,社团,0.7,2025-10-02,初一上
6550,661,阅读,2.5,2026-05-05,初一下
6551,661,体育,2.1,2026-04-10,初一下
6552,661,社团,1.8,2025-10-29,初一上
6553,661,社团,1.2,2026-03-20,初一下
6554,662,阅读,0.5,2026-05-27,初一下
6555,662,体育,0.9,2026-06-11,初一下
6556,662,社团,1.3,2025-10-26,初一上
6557,662,阅读,1.8,2025-12-26,初一上
6558,662,实践,1.6,2025-10-08,初一上
6559,662,实践,1.1,2025-11-04,初一上
6560,663,阅读,0.7,2026-04-10,初一下
6561,663,阅读,0.7,2025-11-12,初一上
6562,663,体育,2.5,2026-03-12,初一下
6563,663,体育,1.0,2025-10-30,初一上
6564,663,阅读,2.9,2026-02-23,初一下
6565,663,阅读,2.4,2025-10-15,初一上
6566,663,体育,0.8,2026-04-08,初一下
6567,664,实践,3.6,2026-03-27,初一下
6568,664,实践,0.7,2025-09-18,初一上
6569,664,阅读,1.5,2026-04-10,初一下
6570,664,社团,2.0,2025-11-22,初一上
6571,664,阅读,2.8,2025-12-30,初一上
6572,664,体育,0.6,2025-10-28,初一上
6573,664,阅读,2.1,2026-07-03,初一下
6574,664,阅读,2.6,2026-04-07,初一下
6575,665,社团,3.2,2026-05-30,初一下
6576,665,体育,0.7,2025-11-16,初一上
6577,665,社团,2.0,2025-11-12,初一上
6578,665,体育,1.0,2025-11-13,初一上
6579,665,体育,2.7,2025-11-21,初一上
6580,665,阅读,0.5,2026-01-08,初一上
6581,665,实践,4.1,2025-09-20,初一上
6582,665,阅读,0.8,2025-12-11,初一上
6583,666,体育,1.6,2025-09-02,初一上
6584,666,体育,2.0,2026-03-25,初一下
6585,666,阅读,2.8,2026-06-23,初一下
6586,666,阅读,1.3,2026-02-24,初一下
6587,666,实践,1.3,2025-11-19,初一上
6588,666,阅读,3.6,2026-01-09,初一上
6589,666,实践,11.1,2026-05-05,初一下
6590,666,阅读,3.8,2026-05-13,初一下
6591,666,体育,0.9,2026-06-20,初一下
6592,666,阅读,1.5,2026-01-05,初一上
6593,667,体育,0.7,2026-05-06,初一下
6594,667,阅读,2.6,2025-09-08,初一上
6595,667,社团,2.0,2026-05-04,初一下
6596,667,阅读,1.2,2026-05-16,初一下
6597,667,体育,3.4,2025-11-22,初一上
6598,667,社团,0.8,2025-09-15,初一上
6599,668,实践,1.3,2025-09-15,初一上
6600,668,实践,0.9,2025-11-19,初一上
6601,668,实践,3.3,2025-09-13,初一上
6602,668,实践,3.1,2026-01-13,初一上
6603,668,阅读,1.2,2026-05-15,初一下
6604,668,体育,0.6,2026-04-11,初一下
6605,668,社团,2.3,2025-12-09,初一上
6606,668,社团,2.7,2026-01-01,初一上
6607,668,阅读,7.7,2025-09-11,初一上
6608,668,体育,0.8,2025-12-03,初一上
6609,669,社团,0.7,2025-11-12,初一上
6610,669,实践,1.7,2026-01-13,初一上
6611,669,阅读,0.9,2026-05-25,初一下
6612,669,体育,0.6,2026-03-29,初一下
6613,669,实践,0.8,2026-06-29,初一下
6614,669,实践,1.2,2025-10-30,初一上
6615,669,实践,1.1,2026-04-06,初一下
6616,670,阅读,5.6,2025-12-21,初一上
6617,670,体育,1.4,2026-06-15,初一下
6618,670,体育,2.8,2026-01-09,初一上
6619,670,体育,0.7,2026-03-30,初一下
6620,671,体育,0.5,2026-04-07,初一下
6621,671,阅读,0.6,2026-03-02,初一下
6622,671,体育,3.1,2026-02-27,初一下
6623,671,阅读,0.6,2026-01-07,初一上
6624,671,阅读,7.8,2025-12-02,初一上
6625,671,社团,1.2,2026-05-19,初一下
6626,671,体育,1.5,2025-11-10,初一上
6627,672,体育,3.0,2025-10-11,初一上
6628,672,阅读,5.7,2026-02-18,初一下
6629,672,实践,1.2,2025-12-05,初一上
6630,672,体育,1.9,2026-07-05,初一下
6631,672,实践,2.0,2026-06-11,初一下
6632,672,体育,0.9,2026-04-04,初一下
6633,672,实践,2.1,2026-05-21,初一下
6634,672,阅读,5.5,2025-11-05,初一上
6635,672,实践,0.9,2026-02-27,初一下
6636,672,社团,1.4,2025-11-07,初一上
6637,672,社团,3.7,2025-12-26,初一上
6638,672,阅读,2.4,2026-04-27,初一下
6639,673,体育,1.8,2026-03-16,初一下
6640,673,实践,0.7,2026-04-01,初一下
6641,673,阅读,3.1,2025-12-04,初一上
6642,673,体育,4.9,2026-06-14,初一下
6643,674,社团,1.2,2025-09-13,初一上
6644,674,体育,1.9,2025-10-05,初一上
6645,674,社团,0.7,2026-01-15,初一上
6646,674,体育,4.0,2026-05-14,初一下
6647,674,体育,0.7,2025-09-12,初一上
6648,674,阅读,1.3,2026-03-25,初一下
6649,675,实践,1.7,2026-05-15,初一下
6650,675,社团,0.7,2025-09-10,初一上
6651,675,社团,3.5,2026-06-07,初一下
6652,675,社团,3.1,2025-11-17,初一上
6653,675,阅读,0.8,2026-07-02,初一下
6654,676,实践,0.6,2025-11-28,初一上
6655,676,实践,1.9,2025-11-04,初一上
6656,676,阅读,4.9,2026-02-18,初一下
6657,676,阅读,1.1,2025-12-02,初一上
6658,676,体育,3.4,2026-05-26,初一下
6659,677,阅读,1.1,2025-10-27,初一上
6660,677,实践,2.7,2025-09-18,初一上
6661,677,体育,1.8,2025-11-16,初一上
6662,677,实践,1.0,2026-01-04,初一上
6663,677,体育,6.7,2025-12-16,初一上
6664,677,体育,3.5,2026-04-21,初一下
6665,677,实践,0.8,2026-03-03,初一下
6666,678,实践,1.6,2026-06-13,初一下
6667,678,实践,4.1,2025-11-23,初一上
6668,678,阅读,4.3,2026-01-04,初一上
6669,678,社团,1.3,2026-03-24,初一下
6670,678,实践,1.8,2026-05-16,初一下
6671,678,体育,2.0,2026-07-02,初一下
6672,679,体育,1.8,2026-03-23,初一下
6673,679,体育,2.3,2025-10-11,初一上
6674,679,阅读,0.5,2025-10-13,初一上
6675,680,阅读,1.6,2026-06-28,初一下
6676,680,体育,1.8,2026-06-17,初一下
6677,680,体育,2.3,2026-06-20,初一下
6678,680,社团,2.0,2025-10-22,初一上
6679,680,体育,0.8,2026-05-02,初一下
6680,680,体育,1.2,2025-12-14,初一上
6681,680,阅读,1.3,2026-03-06,初一下
6682,681,社团,2.2,2025-11-07,初一上
6683,681,实践,2.1,2025-11-30,初一上
6684,681,体育,2.4,2025-09-15,初一上
6685,681,体育,1.9,2026-03-24,初一下
6686,681,体育,1.3,2026-06-05,初一下
6687,682,社团,0.9,2026-05-22,初一下
6688,682,社团,0.8,2026-01-03,初一上
6689,682,体育,1.2,2026-06-17,初一下
6690,682,体育,1.2,2026-06-02,初一下
6691,682,体育,2.1,2026-03-13,初一下
6692,682,体育,1.0,2026-03-01,初一下
6693,682,体育,0.8,2025-11-24,初一上
6694,682,社团,6.0,2026-02-21,初一下
6695,683,体育,0.6,2025-12-12,初一上
6696,683,体育,4.7,2026-01-12,初一上
6697,683,体育,1.3,2026-05-03,初一下
6698,683,社团,1.7,2025-10-13,初一上
6699,683,实践,2.9,2025-10-25,初一上
6700,683,社团,3.9,2026-04-25,初一下
6701,684,实践,13.3,2026-05-31,初一下
6702,684,体育,2.0,2025-10-24,初一上
6703,684,阅读,2.0,2025-12-15,初一上
6704,684,实践,0.8,2026-04-04,初一下
6705,684,体育,1.5,2026-03-18,初一下
6706,684,体育,2.5,2025-11-16,初一上
6707,684,社团,5.5,2025-11-11,初一上
6708,685,实践,0.6,2025-09-10,初一上
6709,685,实践,3.1,2026-04-10,初一下
6710,685,阅读,3.0,2026-03-07,初一下
6711,685,实践,1.3,2026-04-04,初一下
6712,685,体育,1.3,2025-09-28,初一上
6713,686,实践,5.0,2026-05-03,初一下
6714,686,阅读,1.2,2025-11-15,初一上
6715,686,实践,0.6,2026-05-29,初一下
6716,686,社团,3.5,2025-12-09,初一上
6717,686,体育,3.9,2026-01-18,初一上
6718,686,阅读,1.7,2026-05-23,初一下
6719,687,体育,4.0,2025-09-26,初一上
6720,687,社团,2.1,2025-12-27,初一上
6721,687,社团,0.7,2026-02-17,初一下
6722,687,体育,0.8,2026-05-22,初一下
6723,687,体育,1.4,2026-02-16,初一下
6724,687,社团,1.5,2026-02-22,初一下
6725,687,实践,1.5,2026-03-31,初一下
6726,688,阅读,5.0,2026-05-30,初一下
6727,688,社团,1.5,2025-11-16,初一上
6728,688,体育,2.2,2026-07-05,初一下
6729,688,阅读,3.3,2026-04-07,初一下
6730,688,体育,3.1,2026-04-07,初一下
6731,688,实践,2.2,2025-10-18,初一上
6732,689,实践,5.2,2025-10-05,初一上
6733,689,体育,1.1,2026-06-01,初一下
6734,689,体育,3.8,2025-12-19,初一上
6735,689,实践,1.1,2026-01-04,初一上
6736,690,实践,1.7,2025-09-07,初一上
6737,690,体育,0.8,2026-06-06,初一下
6738,690,体育,2.5,2026-06-26,初一下
6739,690,体育,2.0,2026-03-22,初一下
6740,690,社团,4.5,2026-05-14,初一下
6741,690,社团,1.3,2026-02-23,初一下
6742,690,体育,1.5,2026-04-23,初一下
6743,691,阅读,0.6,2026-05-30,初一下
6744,691,体育,2.5,2025-12-23,初一上
6745,691,体育,5.7,2026-05-31,初一下
6746,692,社团,3.3,2026-02-18,初一下
6747,692,阅读,2.3,2026-06-26,初一下
6748,692,阅读,3.5,2025-09-06,初一上
6749,692,阅读,1.1,2025-10-03,初一上
6750,692,体育,1.7,2026-06-16,初一下
6751,693,体育,0.7,2025-10-19,初一上
6752,693,体育,1.2,2025-10-07,初一上
6753,693,体育,0.9,2025-11-26,初一上
6754,693,社团,0.6,2026-07-04,初一下
6755,694,阅读,0.6,2025-10-29,初一上
6756,694,实践,9.2,2026-04-16,初一下
6757,694,体育,4.6,2025-09-08,初一上
6758,694,体育,2.4,2026-06-02,初一下
6759,694,社团,1.4,2025-09-03,初一上
6760,695,实践,1.3,2026-04-14,初一下
6761,695,实践,2.2,2025-10-29,初一上
6762,695,体育,0.9,2025-09-17,初一上
6763,695,社团,1.0,2026-05-08,初一下
6764,695,体育,4.0,2025-11-04,初一上
6765,695,实践,0.7,2025-11-25,初一上
6766,696,体育,0.6,2025-10-29,初一上
6767,696,实践,1.4,2025-09-11,初一上
6768,696,实践,1.3,2025-10-29,初一上
6769,696,阅读,1.3,2026-05-25,初一下
6770,696,实践,1.4,2026-02-17,初一下
6771,696,社团,1.1,2025-11-21,初一上
6772,697,实践,0.9,2025-10-28,初一上
6773,697,阅读,0.6,2026-06-14,初一下
6774,697,阅读,0.8,2025-11-04,初一上
6775,697,体育,0.6,2026-06-27,初一下
6776,698,社团,1.2,2026-07-03,初一下
6777,698,体育,0.5,2026-03-18,初一下
6778,698,阅读,1.1,2026-06-17,初一下
6779,699,实践,0.9,2025-09-10,初一上
6780,699,社团,2.2,2025-12-11,初一上
6781,699,社团,2.1,2025-11-25,初一上
6782,699,体育,1.4,2026-04-25,初一下
6783,699,实践,2.4,2025-09-30,初一上
6784,699,社团,1.2,2026-03-25,初一下
6785,699,实践,0.7,2025-09-03,初一上
6786,699,体育,0.6,2026-05-10,初一下
6787,699,实践,0.6,2026-04-21,初一下
6788,700,阅读,1.7,2025-12-09,初一上
6789,700,社团,3.1,2025-11-18,初一上
6790,700,实践,1.9,2026-07-06,初一下
6791,700,社团,1.1,2025-12-11,初一上
6792,700,实践,1.6,2025-10-08,初一上
6793,700,实践,3.5,2025-11-28,初一上
6794,700,实践,3.2,2026-03-14,初一下
6795,700,实践,2.0,2025-10-18,初一上
6796,701,实践,2.0,2026-04-13,初一下
6797,701,社团,1.4,2026-04-08,初一下
6798,702,社团,8.3,2026-03-23,初一下
6799,702,阅读,2.4,2025-10-03,初一上
6800,702,体育,1.6,2025-11-23,初一上
6801,702,社团,4.0,2026-05-03,初一下
6802,702,实践,0.8,2025-09-19,初一上
6803,702,实践,0.6,2025-09-01,初一上
6804,703,体育,0.7,2026-03-02,初一下
6805,703,社团,4.8,2026-04-02,初一下
6806,703,阅读,0.6,2025-11-12,初一上
6807,703,实践,1.9,2025-10-11,初一上
6808,703,阅读,3.5,2025-12-23,初一上
6809,703,实践,1.5,2026-05-29,初一下
6810,703,社团,0.9,2025-11-10,初一上
6811,703,实践,2.7,2025-09-22,初一上
6812,704,体育,5.0,2026-03-26,初一下
6813,704,实践,0.7,2025-11-12,初一上
6814,704,体育,2.5,2025-09-01,初一上
6815,705,实践,2.6,2025-11-18,初一上
6816,705,体育,2.0,2026-03-24,初一下
6817,705,社团,1.0,2026-03-26,初一下
6818,706,社团,0.7,2026-05-24,初一下
6819,707,实践,0.6,2026-05-08,初一下
6820,707,体育,2.5,2025-12-23,初一上
6821,707,阅读,1.9,2025-11-16,初一上
6822,707,体育,1.1,2026-04-25,初一下
6823,708,体育,0.9,2025-10-26,初一上
6824,709,实践,1.6,2025-10-05,初一上
6825,709,体育,0.5,2026-06-05,初一下
6826,709,社团,1.6,2025-10-11,初一上
6827,709,阅读,1.5,2025-11-19,初一上
6828,709,社团,1.1,2026-06-13,初一下
6829,709,体育,0.9,2025-09-03,初一上
6830,710,实践,0.9,2026-02-22,初一下
6831,710,体育,1.0,2025-11-30,初一上
6832,710,体育,1.2,2026-06-24,初一下
6833,710,社团,1.6,2026-01-02,初一上
6834,711,社团,3.7,2026-03-06,初一下
6835,711,体育,0.5,2026-06-16,初一下
6836,711,体育,0.6,2026-05-10,初一下
6837,711,阅读,3.6,2026-02-20,初一下
6838,711,实践,2.0,2026-05-17,初一下
6839,712,实践,0.5,2026-04-23,初一下
6840,712,体育,2.5,2026-06-24,初一下
6841,712,实践,2.4,2025-11-26,初一上
6842,712,实践,1.3,2026-03-29,初一下
6843,712,体育,3.2,2026-05-22,初一下
6844,712,实践,1.3,2026-03-16,初一下
6845,712,阅读,0.7,2025-12-15,初一上
6846,712,阅读,0.9,2026-07-03,初一下
6847,713,体育,0.9,2026-03-01,初一下
6848,713,实践,2.9,2026-05-02,初一下
6849,713,实践,0.5,2025-11-24,初一上
6850,714,社团,2.7,2026-06-12,初一下
6851,714,社团,2.6,2025-09-29,初一上
6852,714,实践,4.3,2026-03-15,初一下
6853,714,社团,7.7,2026-06-04,初一下
6854,715,阅读,1.6,2026-03-04,初一下
6855,715,阅读,2.0,2025-10-19,初一上
6856,715,实践,1.4,2026-04-15,初一下
6857,715,实践,0.8,2026-06-19,初一下
6858,716,实践,1.3,2025-12-22,初一上
6859,716,社团,0.8,2025-09-23,初一上
6860,716,阅读,2.1,2025-12-15,初一上
6861,717,体育,4.2,2026-06-12,初一下
6862,717,社团,1.0,2026-04-01,初一下
6863,717,实践,1.3,2026-05-24,初一下
6864,717,体育,1.0,2026-06-21,初一下
6865,717,阅读,0.8,2026-03-04,初一下
6866,718,体育,0.9,2025-09-19,初一上
6867,718,阅读,2.9,2026-07-05,初一下
6868,718,实践,11.0,2026-04-22,初一下
6869,718,社团,1.0,2025-12-20,初一上
6870,718,体育,1.0,2026-02-28,初一下
6871,718,体育,2.7,2025-11-06,初一上
6872,719,实践,1.9,2026-03-02,初一下
6873,719,体育,3.9,2026-01-08,初一上
6874,719,体育,3.7,2026-04-30,初一下
6875,719,体育,2.1,2026-02-16,初一下
6876,719,实践,0.5,2026-01-06,初一上
6877,720,社团,1.3,2026-03-19,初一下
6878,720,实践,2.8,2025-12-21,初一上
6879,720,体育,0.8,2026-04-17,初一下
6880,720,阅读,1.3,2025-11-07,初一上
6881,721,体育,2.0,2026-02-25,初一下
6882,721,实践,0.7,2025-09-08,初一上
6883,721,阅读,1.7,2026-03-13,初一下
6884,721,社团,0.7,2026-02-21,初一下
6885,721,阅读,3.9,2025-12-07,初一上
6886,721,阅读,1.7,2026-04-23,初一下
6887,721,社团,0.7,2026-05-02,初一下
6888,721,阅读,2.6,2025-11-08,初一上
6889,722,阅读,2.0,2026-04-03,初一下
6890,722,实践,1.9,2025-09-30,初一上
6891,722,体育,3.8,2025-10-20,初一上
6892,722,实践,1.7,2026-03-14,初一下
6893,722,体育,6.1,2026-05-23,初一下
6894,723,实践,1.0,2025-11-09,初一上
6895,723,体育,1.6,2026-02-24,初一下
6896,723,体育,2.5,2025-12-03,初一上
6897,724,社团,1.4,2025-09-14,初一上
6898,724,社团,4.7,2025-11-30,初一上
6899,724,体育,1.1,2026-04-03,初一下
6900,725,阅读,1.7,2025-10-19,初一上
6901,725,阅读,0.7,2026-03-07,初一下
6902,725,体育,1.5,2026-01-02,初一上
6903,725,体育,0.8,2026-04-28,初一下
6904,726,体育,2.5,2026-03-26,初一下
6905,726,体育,2.8,2025-12-01,初一上
6906,726,体育,1.2,2026-01-05,初一上
6907,727,社团,0.9,2025-12-08,初一上
6908,727,阅读,0.7,2026-06-23,初一下
6909,727,社团,1.3,2025-10-09,初一上
6910,727,实践,1.0,2026-05-01,初一下
6911,727,实践,1.0,2025-09-10,初一上
6912,727,实践,7.0,2026-06-02,初一下
6913,727,实践,1.4,2026-03-12,初一下
6914,727,体育,1.3,2026-01-15,初一上
6915,727,社团,0.7,2026-02-19,初一下
6916,727,阅读,0.5,2026-02-20,初一下
6917,728,实践,4.3,2026-07-01,初一下
6918,728,实践,0.7,2025-10-24,初一上
6919,728,体育,4.6,2026-06-25,初一下
6920,728,阅读,1.8,2026-01-02,初一上
6921,729,实践,1.0,2026-04-14,初一下
6922,729,阅读,0.6,2026-04-23,初一下
6923,729,体育,1.6,2026-05-22,初一下
6924,729,实践,4.7,2025-09-03,初一上
6925,729,体育,2.1,2026-01-12,初一上
6926,730,社团,0.6,2026-05-13,初一下
6927,730,实践,5.4,2025-12-25,初一上
6928,730,体育,0.9,2026-05-21,初一下
6929,730,实践,1.3,2026-03-21,初一下
6930,731,体育,1.7,2025-12-17,初一上
6931,732,体育,0.6,2026-05-08,初一下
6932,732,体育,2.7,2026-04-25,初一下
6933,732,体育,0.9,2025-10-26,初一上
6934,732,阅读,7.6,2025-12-07,初一上
6935,732,实践,0.7,2026-04-26,初一下
6936,732,阅读,1.7,2026-05-11,初一下
6937,732,阅读,3.1,2025-10-31,初一上
6938,733,实践,1.3,2026-06-23,初一下
6939,733,社团,2.9,2026-03-01,初一下
6940,733,体育,2.5,2026-01-07,初一上
6941,733,社团,3.0,2026-06-15,初一下
6942,734,阅读,2.3,2025-10-23,初一上
6943,735,体育,2.1,2025-10-19,初一上
6944,735,阅读,1.5,2026-02-25,初一下
6945,736,社团,0.8,2025-12-02,初一上
6946,736,体育,1.1,2025-11-15,初一上
6947,736,实践,0.9,2026-03-18,初一下
6948,736,实践,2.5,2026-03-30,初一下
6949,736,体育,1.5,2026-04-15,初一下
6950,737,体育,1.2,2026-06-12,初一下
6951,737,实践,2.5,2025-09-05,初一上
6952,737,体育,2.0,2025-11-07,初一上
6953,737,阅读,1.6,2026-04-12,初一下
6954,737,实践,0.5,2025-11-05,初一上
6955,737,体育,4.0,2026-04-23,初一下
6956,738,社团,2.1,2025-10-03,初一上
6957,738,体育,1.2,2025-09-01,初一上
6958,738,实践,7.3,2025-09-23,初一上
6959,738,体育,1.2,2026-05-15,初一下
6960,738,阅读,2.2,2026-03-01,初一下
6961,738,体育,0.7,2026-01-16,初一上
6962,738,实践,3.2,2025-11-17,初一上
6963,739,体育,2.4,2026-07-03,初一下
6964,739,社团,0.8,2026-01-03,初一上
6965,740,体育,2.2,2025-10-12,初一上
6966,740,体育,0.7,2026-05-01,初一下
6967,740,阅读,9.5,2025-09-12,初一上
6968,741,体育,0.6,2026-02-21,初一下
6969,741,体育,1.5,2025-10-08,初一上
6970,741,阅读,4.9,2026-02-26,初一下
6971,741,社团,2.1,2026-04-22,初一下
6972,741,体育,1.1,2026-04-04,初一下
6973,742,体育,2.1,2026-04-30,初一下
6974,742,实践,2.5,2025-11-01,初一上
6975,742,阅读,1.5,2026-02-26,初一下
6976,742,社团,1.1,2026-05-07,初一下
6977,743,社团,6.9,2025-11-14,初一上
6978,743,社团,1.5,2026-06-03,初一下
6979,743,阅读,0.8,2025-11-13,初一上
6980,743,社团,2.5,2026-07-06,初一下
6981,743,阅读,1.1,2026-01-17,初一上
6982,744,实践,0.8,2025-11-30,初一上
6983,744,社团,1.9,2026-05-07,初一下
6984,744,体育,0.9,2025-11-30,初一上
6985,744,社团,1.3,2026-01-13,初一上
6986,744,阅读,1.9,2026-04-27,初一下
6987,744,体育,2.0,2026-06-13,初一下
6988,745,实践,1.0,2025-10-10,初一上
6989,745,体育,1.7,2025-10-02,初一上
6990,745,实践,1.0,2025-11-08,初一上
6991,745,体育,2.2,2025-11-13,初一上
6992,745,体育,1.4,2026-05-05,初一下
6993,746,阅读,0.7,2026-04-13,初一下
6994,746,体育,0.9,2026-03-08,初一下
6995,746,实践,3.1,2025-10-10,初一上
6996,746,社团,1.6,2025-09-11,初一上
6997,746,实践,0.7,2026-07-04,初一下
6998,746,体育,1.0,2026-07-06,初一下
6999,746,社团,1.7,2025-09-09,初一上
7000,746,体育,2.3,2025-12-13,初一上
7001,746,阅读,1.3,2025-12-16,初一上
7002,747,阅读,2.5,2025-12-02,初一上
7003,747,体育,1.7,2026-05-08,初一下
7004,747,体育,3.0,2026-06-20,初一下
7005,747,体育,2.5,2026-05-21,初一下
7006,747,阅读,1.4,2025-09-24,初一上
7007,748,体育,2.2,2025-11-28,初一上
7008,748,体育,3.5,2026-01-18,初一上
7009,748,体育,8.7,2025-12-29,初一上
7010,748,体育,0.5,2025-11-17,初一上
7011,748,阅读,0.8,2026-05-25,初一下
7012,748,实践,3.3,2026-06-01,初一下
7013,748,体育,1.0,2025-09-05,初一上
7014,749,阅读,0.9,2025-12-23,初一上
7015,749,实践,1.3,2025-12-02,初一上
7016,749,实践,4.4,2026-06-09,初一下
7017,749,阅读,0.8,2026-05-18,初一下
7018,749,阅读,1.0,2026-06-23,初一下
7019,749,体育,3.2,2026-04-22,初一下
7020,749,实践,2.8,2026-05-05,初一下
7021,749,社团,2.0,2025-09-08,初一上
7022,749,体育,2.6,2025-10-14,初一上
7023,750,实践,1.0,2025-10-04,初一上
7024,751,社团,2.1,2025-11-13,初一上
7025,751,实践,1.8,2026-06-06,初一下
7026,752,阅读,3.0,2026-07-05,初一下
7027,752,实践,0.5,2026-05-02,初一下
7028,752,实践,0.6,2026-03-13,初一下
7029,752,阅读,1.6,2025-09-04,初一上
7030,752,社团,3.1,2025-12-05,初一上
7031,752,体育,1.7,2026-03-30,初一下
7032,753,体育,1.2,2026-01-09,初一上
7033,753,阅读,2.3,2026-03-25,初一下
7034,753,实践,2.0,2026-05-22,初一下
7035,753,社团,0.6,2025-09-19,初一上
7036,753,体育,0.9,2026-05-11,初一下
7037,754,体育,0.7,2025-10-25,初一上
7038,754,体育,2.8,2026-04-28,初一下
7039,754,社团,1.4,2026-01-09,初一上
7040,754,体育,0.6,2025-11-14,初一上
7041,754,社团,2.7,2025-11-11,初一上
7042,754,社团,2.5,2026-04-14,初一下
7043,755,实践,1.3,2025-12-05,初一上
7044,755,阅读,0.5,2025-10-26,初一上
7045,756,实践,0.6,2025-12-13,初一上
7046,756,体育,1.0,2025-12-08,初一上
7047,756,实践,4.8,2026-01-19,初一上
7048,757,体育,0.5,2025-12-29,初一上
7049,758,社团,1.3,2025-12-18,初一上
7050,758,体育,0.7,2025-12-18,初一上
7051,759,体育,1.8,2025-11-26,初一上
7052,759,社团,3.2,2025-12-12,初一上
7053,759,社团,0.8,2025-09-28,初一上
7054,759,实践,1.2,2025-12-07,初一上
7055,760,实践,1.1,2026-04-06,初一下
7056,760,实践,1.1,2025-10-22,初一上
7057,760,社团,2.4,2026-05-25,初一下
7058,760,体育,0.7,2026-05-17,初一下
7059,760,实践,1.6,2025-09-28,初一上
7060,760,社团,0.7,2025-10-08,初一上
7061,760,体育,3.5,2026-04-26,初一下
7062,760,阅读,1.8,2026-04-13,初一下
7063,761,阅读,1.8,2026-05-16,初一下
7064,761,体育,3.1,2026-06-09,初一下
7065,761,实践,1.0,2025-09-02,初一上
7066,761,实践,4.0,2026-06-09,初一下
7067,761,体育,0.7,2026-06-08,初一下
7068,761,阅读,2.9,2026-02-26,初一下
7069,761,实践,1.2,2026-02-20,初一下
7070,761,实践,0.7,2026-06-12,初一下
7071,762,实践,1.8,2026-06-10,初一下
7072,762,社团,2.3,2025-09-10,初一上
7073,762,阅读,3.0,2026-02-16,初一下
7074,763,社团,0.6,2025-09-18,初一上
7075,763,阅读,0.5,2026-03-10,初一下
7076,763,实践,0.8,2025-10-03,初一上
7077,763,实践,1.2,2026-03-12,初一下
7078,764,实践,1.6,2026-06-23,初一下
7079,764,社团,0.5,2026-01-10,初一上
7080,764,实践,0.9,2026-03-15,初一下
7081,764,体育,1.1,2026-01-18,初一上
7082,764,体育,1.1,2025-10-31,初一上
7083,765,体育,1.5,2026-01-19,初一上
7084,765,实践,0.7,2026-06-22,初一下
7085,766,实践,2.7,2026-01-03,初一上
7086,766,体育,1.3,2025-10-09,初一上
7087,766,体育,1.0,2025-09-22,初一上
7088,766,体育,0.6,2025-12-20,初一上
7089,766,实践,1.4,2025-10-11,初一上
7090,766,社团,4.4,2025-12-14,初一上
7091,766,实践,1.2,2025-12-26,初一上
7092,767,体育,3.1,2025-11-19,初一上
7093,767,体育,1.2,2025-09-09,初一上
7094,767,阅读,4.1,2026-04-03,初一下
7095,767,阅读,1.0,2025-11-28,初一上
7096,768,实践,1.0,2025-10-24,初一上
7097,769,实践,3.0,2026-06-28,初一下
7098,769,体育,1.6,2026-05-01,初一下
7099,769,体育,2.6,2026-06-14,初一下
7100,769,阅读,4.6,2025-10-27,初一上
7101,769,实践,0.8,2026-05-03,初一下
7102,770,体育,1.1,2026-04-24,初一下
7103,770,阅读,1.0,2025-11-08,初一上
7104,770,体育,1.1,2026-04-28,初一下
7105,770,实践,0.7,2026-06-19,初一下
7106,770,体育,0.9,2026-01-07,初一上
7107,770,阅读,1.4,2025-09-24,初一上
7108,770,体育,0.7,2026-02-27,初一下
7109,770,体育,3.8,2026-05-17,初一下
7110,771,阅读,3.2,2025-10-25,初一上
7111,771,阅读,1.6,2026-05-04,初一下
7112,771,阅读,0.6,2026-03-29,初一下
7113,771,体育,0.8,2025-12-18,初一上
7114,771,体育,3.1,2026-03-22,初一下
7115,771,社团,2.3,2025-11-18,初一上
7116,771,阅读,3.1,2025-09-05,初一上
7117,771,体育,0.6,2026-05-07,初一下
7118,771,社团,1.0,2025-11-25,初一上
7119,772,阅读,0.9,2026-04-22,初一下
7120,772,阅读,2.2,2025-09-05,初一上
7121,772,体育,0.8,2025-11-24,初一上
7122,772,阅读,0.6,2025-10-25,初一上
7123,772,社团,2.7,2026-06-06,初一下
7124,772,社团,1.8,2026-05-03,初一下
7125,772,体育,1.3,2026-03-26,初一下
7126,773,阅读,1.4,2025-12-20,初一上
7127,774,社团,1.4,2026-05-28,初一下
7128,774,体育,1.3,2025-11-13,初一上
7129,774,体育,0.9,2025-12-17,初一上
7130,774,阅读,3.6,2025-09-17,初一上
7131,774,体育,0.6,2025-11-15,初一上
7132,775,社团,1.4,2025-10-21,初一上
7133,775,体育,1.4,2026-03-18,初一下
7134,775,体育,0.9,2026-03-07,初一下
7135,775,社团,2.8,2026-03-16,初一下
7136,775,实践,1.4,2026-05-23,初一下
7137,775,社团,0.9,2026-03-08,初一下
7138,776,体育,2.1,2025-09-08,初一上
7139,776,社团,0.8,2026-04-05,初一下
7140,776,实践,1.1,2026-04-19,初一下
7141,776,体育,6.0,2025-12-23,初一上
7142,777,社团,3.7,2026-05-26,初一下
7143,777,阅读,2.2,2025-10-25,初一上
7144,777,社团,0.9,2026-07-05,初一下
7145,778,社团,2.2,2025-11-29,初一上
7146,778,实践,1.2,2025-11-15,初一上
7147,778,体育,0.8,2025-10-15,初一上
7148,779,实践,0.9,2026-04-20,初一下
7149,779,体育,0.9,2025-12-10,初一上
7150,779,阅读,1.0,2026-03-16,初一下
7151,780,实践,0.9,2026-06-17,初一下
7152,780,实践,4.3,2026-06-13,初一下
7153,781,阅读,1.5,2026-04-07,初一下
7154,781,体育,1.0,2025-12-06,初一上
7155,781,实践,2.5,2025-12-30,初一上
7156,781,体育,10.4,2025-11-07,初一上
7157,781,体育,0.5,2026-07-04,初一下
7158,781,体育,2.2,2025-10-12,初一上
7159,782,社团,2.0,2026-01-07,初一上
7160,782,体育,1.9,2026-06-16,初一下
7161,782,实践,1.0,2025-11-17,初一上
7162,782,实践,0.9,2026-06-12,初一下
7163,782,实践,1.5,2025-10-12,初一上
7164,783,体育,3.3,2025-12-20,初一上
7165,783,体育,1.8,2026-04-16,初一下
7166,784,体育,0.6,2026-02-25,初一下
7167,784,实践,2.3,2026-03-16,初一下
7168,784,体育,2.5,2026-06-25,初一下
7169,784,体育,1.5,2026-05-20,初一下
7170,785,体育,3.9,2026-03-21,初一下
7171,785,实践,0.8,2026-03-06,初一下
7172,785,实践,2.6,2026-06-23,初一下
7173,786,阅读,1.2,2026-01-15,初一上
7174,787,社团,1.9,2025-10-31,初一上
7175,787,社团,1.0,2025-09-06,初一上
7176,787,实践,1.7,2025-12-19,初一上
7177,787,实践,0.9,2025-12-31,初一上
7178,788,阅读,0.8,2025-10-29,初一上
7179,788,阅读,1.3,2026-01-10,初一上
7180,788,社团,1.5,2026-03-16,初一下
7181,788,体育,2.8,2025-12-21,初一上
7182,788,实践,4.8,2026-04-09,初一下
7183,788,体育,0.6,2026-01-19,初一上
7184,788,社团,1.5,2026-01-01,初一上
7185,788,实践,1.0,2025-10-26,初一上
7186,789,阅读,1.4,2025-11-30,初一上
7187,789,体育,1.2,2025-09-23,初一上
7188,789,社团,1.1,2026-04-27,初一下
7189,789,实践,3.2,2025-09-25,初一上
7190,790,社团,4.1,2025-11-29,初一上
7191,790,实践,4.1,2026-03-27,初一下
7192,790,体育,1.2,2025-11-03,初一上
7193,791,社团,0.9,2025-12-14,初一上
7194,791,阅读,3.1,2025-12-05,初一上
7195,792,体育,2.4,2026-03-02,初一下
7196,792,实践,3.1,2025-11-19,初一上
7197,792,阅读,5.3,2025-09-20,初一上
7198,792,体育,0.6,2026-01-08,初一上
7199,792,阅读,1.3,2026-06-09,初一下
7200,793,体育,4.5,2026-03-22,初一下
7201,793,阅读,3.4,2025-09-17,初一上
7202,793,阅读,0.7,2025-09-23,初一上
7203,793,体育,1.8,2025-11-09,初一上
7204,793,社团,7.9,2025-12-14,初一上
7205,794,阅读,2.0,2026-03-28,初一下
7206,794,实践,0.8,2026-06-25,初一下
7207,794,实践,2.0,2025-11-11,初一上
7208,795,体育,3.1,2025-09-03,初一上
7209,795,社团,0.5,2026-05-08,初一下
7210,795,阅读,1.8,2026-05-11,初一下
7211,795,体育,0.7,2025-11-28,初一上
7212,796,社团,1.0,2025-09-27,初一上
7213,796,社团,3.2,2026-03-12,初一下
7214,797,体育,2.0,2026-07-06,初一下
7215,797,体育,2.3,2026-06-22,初一下
7216,797,社团,0.7,2026-04-10,初一下
7217,797,实践,1.0,2025-10-10,初一上
7218,797,社团,0.7,2025-12-13,初一上
7219,798,阅读,1.7,2025-12-13,初一上
7220,798,实践,0.8,2026-03-06,初一下
7221,799,阅读,0.5,2025-12-13,初一上
7222,799,体育,1.7,2026-03-11,初一下
7223,799,社团,2.3,2025-09-16,初一上
7224,799,体育,1.1,2026-04-13,初一下
7225,799,体育,7.4,2025-10-04,初一上
7226,799,体育,1.2,2025-12-05,初一上
7227,799,体育,2.4,2026-01-16,初一上
7228,800,实践,1.5,2026-05-24,初一下
7229,800,体育,2.7,2026-04-28,初一下
7230,800,社团,4.1,2025-09-23,初一上
7231,800,体育,3.1,2026-01-14,初一上
7232,801,体育,2.3,2025-12-21,初一上
7233,801,实践,2.3,2025-11-03,初一上
7234,801,体育,2.0,2026-03-22,初一下
7235,801,社团,2.4,2026-04-21,初一下
7236,801,社团,4.8,2026-02-20,初一下
7237,801,体育,1.2,2025-11-17,初一上
7238,802,阅读,1.0,2025-12-06,初一上
7239,802,阅读,0.6,2026-01-14,初一上
7240,802,社团,3.4,2026-06-05,初一下
7241,802,体育,0.7,2025-09-20,初一上
7242,802,体育,0.8,2025-10-29,初一上
7243,803,体育,4.6,2026-05-06,初一下
7244,803,体育,3.9,2025-11-23,初一上
7245,803,实践,5.7,2025-10-10,初一上
7246,803,阅读,1.0,2025-11-01,初一上
7247,803,阅读,1.7,2026-07-05,初一下
7248,803,实践,1.1,2025-09-12,初一上
7249,803,实践,2.9,2025-10-31,初一上
7250,804,实践,1.0,2026-01-01,初一上
7251,804,社团,6.5,2026-05-13,初一下
7252,804,阅读,0.8,2026-06-22,初一下
7253,804,社团,6.6,2026-04-17,初一下
7254,804,社团,1.3,2026-01-10,初一上
7255,804,阅读,0.9,2026-03-31,初一下
7256,805,体育,1.5,2026-04-05,初一下
7257,805,实践,4.0,2025-11-29,初一上
7258,805,实践,1.8,2025-09-20,初一上
7259,805,社团,1.3,2025-11-02,初一上
7260,805,体育,0.9,2026-06-03,初一下
7261,806,体育,1.4,2026-04-09,初一下
7262,806,体育,1.1,2025-09-17,初一上
7263,806,实践,1.3,2026-06-28,初一下
7264,806,实践,0.9,2025-10-12,初一上
7265,806,体育,2.2,2026-01-09,初一上
7266,806,体育,3.0,2026-05-31,初一下
7267,807,社团,0.6,2026-04-28,初一下
7268,807,阅读,1.7,2026-04-08,初一下
7269,808,社团,1.5,2026-04-24,初一下
7270,808,阅读,0.7,2025-11-17,初一上
7271,808,阅读,0.9,2026-05-29,初一下
7272,808,实践,1.1,2026-03-15,初一下
7273,808,实践,1.6,2026-04-26,初一下
7274,809,社团,0.8,2026-01-02,初一上
7275,809,体育,3.8,2025-12-08,初一上
7276,809,实践,1.3,2025-09-25,初一上
7277,809,实践,3.1,2026-03-30,初一下
7278,810,阅读,1.4,2026-02-28,初一下
7279,810,体育,5.3,2026-06-04,初一下
7280,811,社团,3.2,2026-04-09,初一下
7281,811,实践,4.0,2026-05-01,初一下
7282,811,体育,1.0,2026-03-10,初一下
7283,811,体育,3.0,2026-01-07,初一上
7284,811,体育,2.2,2026-04-22,初一下
7285,811,实践,1.6,2025-10-08,初一上
7286,812,社团,1.6,2026-02-24,初一下
7287,812,实践,1.5,2026-02-20,初一下
7288,812,实践,1.2,2026-01-11,初一上
7289,813,体育,3.4,2026-01-07,初一上
7290,813,社团,0.8,2026-03-16,初一下
7291,814,阅读,5.3,2026-06-15,初一下
7292,814,体育,1.3,2026-06-10,初一下
7293,814,社团,1.3,2026-01-17,初一上
7294,814,阅读,1.9,2025-12-23,初一上
7295,814,社团,0.8,2025-10-03,初一上
7296,814,阅读,0.6,2026-04-05,初一下
7297,815,实践,4.3,2026-05-28,初一下
7298,815,阅读,2.9,2026-04-19,初一下
7299,815,阅读,0.7,2026-06-25,初一下
7300,816,体育,2.3,2025-12-13,初一上
7301,817,实践,3.7,2026-02-20,初一下
7302,817,体育,4.3,2026-04-19,初一下
7303,817,体育,3.0,2025-09-28,初一上
7304,817,实践,1.6,2026-05-30,初一下
7305,817,实践,0.9,2026-04-28,初一下
7306,817,社团,0.9,2026-01-08,初一上
7307,817,体育,1.6,2025-11-25,初一上
7308,818,实践,1.6,2025-09-08,初一上
7309,818,实践,1.2,2026-07-02,初一下
7310,818,社团,0.6,2026-05-04,初一下
7311,818,阅读,2.1,2026-06-11,初一下
7312,818,社团,1.2,2025-11-15,初一上
7313,818,社团,1.4,2026-04-29,初一下
7314,818,社团,6.5,2026-06-24,初一下
7315,818,社团,1.8,2025-10-02,初一上
7316,819,阅读,3.4,2026-06-15,初一下
7317,819,社团,1.4,2026-03-26,初一下
7318,819,实践,4.7,2026-01-03,初一上
7319,819,实践,0.6,2026-03-09,初一下
7320,820,体育,1.5,2025-09-16,初一上
7321,821,实践,0.6,2025-10-27,初一上
7322,821,社团,3.3,2025-12-08,初一上
7323,821,社团,2.3,2025-09-01,初一上
7324,821,体育,0.6,2025-11-11,初一上
7325,821,实践,3.3,2025-10-19,初一上
7326,821,体育,1.3,2025-12-07,初一上
7327,821,阅读,0.6,2026-01-09,初一上
7328,821,实践,1.0,2026-04-03,初一下
7329,821,体育,3.8,2026-04-30,初一下
7330,821,阅读,3.8,2025-10-28,初一上
7331,822,社团,0.6,2026-06-22,初一下
7332,822,体育,1.2,2026-05-08,初一下
7333,822,体育,2.0,2025-10-15,初一上
7334,822,体育,3.7,2026-03-13,初一下
7335,822,实践,3.0,2025-09-22,初一上
7336,822,阅读,1.5,2026-03-24,初一下
7337,822,阅读,0.8,2025-09-01,初一上
7338,822,实践,0.7,2025-11-15,初一上
7339,823,体育,0.9,2026-03-17,初一下
7340,823,阅读,1.2,2025-09-21,初一上
7341,823,体育,0.9,2025-09-01,初一上
7342,823,社团,2.0,2026-02-23,初一下
7343,823,实践,3.6,2026-04-02,初一下
7344,823,实践,1.5,2026-06-06,初一下
7345,824,阅读,1.3,2026-06-14,初一下
7346,824,社团,0.6,2025-10-29,初一上
7347,824,社团,3.3,2025-11-29,初一上
7348,824,阅读,5.5,2026-05-09,初一下
7349,824,体育,3.2,2026-04-20,初一下
7350,824,社团,5.4,2025-12-27,初一上
7351,824,社团,3.7,2025-12-11,初一上
7352,824,实践,0.9,2025-10-17,初一上
7353,824,体育,2.1,2025-10-05,初一上
7354,825,体育,1.6,2025-11-21,初一上
7355,825,体育,0.8,2026-05-14,初一下
7356,826,体育,3.3,2026-05-29,初一下
7357,826,体育,3.6,2025-11-20,初一上
7358,826,阅读,0.9,2026-04-14,初一下
7359,826,阅读,1.7,2026-04-06,初一下
7360,826,体育,0.6,2026-02-21,初一下
7361,827,社团,0.9,2025-11-27,初一上
7362,827,体育,1.5,2025-12-30,初一上
7363,827,体育,5.1,2025-11-04,初一上
7364,828,实践,1.3,2026-04-04,初一下
7365,828,实践,0.7,2026-05-12,初一下
7366,828,阅读,0.9,2026-06-08,初一下
7367,828,体育,2.0,2025-11-11,初一上
7368,829,体育,4.5,2026-05-16,初一下
7369,829,阅读,3.5,2025-10-13,初一上
7370,829,实践,3.3,2025-10-01,初一上
7371,829,阅读,0.6,2026-03-14,初一下
7372,829,社团,1.8,2025-12-21,初一上
7373,829,体育,1.4,2026-06-05,初一下
7374,829,阅读,1.7,2026-02-16,初一下
7375,829,体育,0.5,2025-11-15,初一上
7376,829,体育,1.5,2026-05-08,初一下
7377,829,实践,5.2,2025-11-29,初一上
7378,829,阅读,1.4,2025-12-27,初一上
7379,830,实践,1.2,2026-05-21,初一下
7380,830,社团,6.7,2025-12-18,初一上
7381,830,实践,2.0,2025-12-11,初一上
7382,830,实践,1.2,2026-04-19,初一下
7383,830,阅读,1.6,2025-09-15,初一上
7384,831,体育,1.1,2026-01-06,初一上
7385,831,阅读,2.0,2026-04-20,初一下
7386,831,体育,2.3,2025-09-14,初一上
7387,831,体育,1.9,2025-10-23,初一上
7388,832,实践,1.0,2026-03-31,初一下
7389,832,实践,3.1,2026-06-23,初一下
7390,832,社团,3.5,2025-10-07,初一上
7391,832,阅读,2.3,2025-12-26,初一上
7392,832,实践,0.6,2026-05-31,初一下
7393,832,实践,1.1,2026-04-06,初一下
7394,833,体育,1.6,2026-04-07,初一下
7395,833,社团,3.9,2026-04-25,初一下
7396,833,实践,1.0,2025-11-27,初一上
7397,834,体育,1.0,2026-01-16,初一上
7398,834,社团,0.6,2026-07-05,初一下
7399,834,社团,2.3,2025-12-11,初一上
7400,834,实践,1.8,2025-09-11,初一上
7401,834,体育,4.6,2026-02-19,初一下
7402,835,实践,7.2,2025-09-04,初一上
7403,835,体育,0.7,2026-01-10,初一上
7404,835,体育,1.0,2026-05-03,初一下
7405,835,体育,0.9,2025-10-26,初一上
7406,836,阅读,2.0,2025-10-02,初一上
7407,836,阅读,0.9,2026-05-28,初一下
7408,836,实践,4.6,2025-11-10,初一上
7409,836,实践,2.1,2026-05-02,初一下
7410,836,体育,1.5,2025-12-01,初一上
7411,836,阅读,2.2,2025-10-06,初一上
7412,837,社团,6.6,2025-11-24,初一上
7413,837,实践,1.4,2025-12-19,初一上
7414,837,体育,1.1,2026-04-02,初一下
7415,837,实践,1.1,2026-05-09,初一下
7416,837,社团,0.9,2025-11-01,初一上
7417,837,社团,1.4,2026-05-21,初一下
7418,837,体育,2.2,2026-02-20,初一下
7419,838,社团,5.1,2026-03-18,初一下
7420,838,体育,1.0,2025-12-08,初一上
7421,838,阅读,1.2,2026-01-19,初一上
7422,839,实践,5.6,2026-04-19,初一下
7423,839,体育,0.6,2025-09-21,初一上
7424,839,社团,6.9,2026-03-29,初一下
7425,839,阅读,1.2,2026-03-05,初一下
7426,839,社团,1.9,2026-04-05,初一下
7427,839,体育,1.0,2025-10-29,初一上
7428,839,体育,1.3,2026-06-05,初一下
7429,840,社团,0.9,2025-09-20,初一上
7430,840,体育,0.7,2025-09-17,初一上
7431,840,阅读,5.9,2026-04-24,初一下
7432,841,体育,1.9,2026-05-22,初一下
7433,841,社团,0.6,2025-11-12,初一上
7434,841,社团,1.0,2026-04-19,初一下
7435,841,实践,3.0,2026-03-12,初一下
7436,841,体育,1.5,2025-11-08,初一上
7437,841,社团,2.4,2026-07-05,初一下
7438,842,体育,0.6,2026-02-17,初一下
7439,842,体育,1.2,2026-01-12,初一上
7440,843,实践,4.0,2026-06-01,初一下
7441,843,体育,1.5,2026-04-21,初一下
7442,843,实践,0.9,2025-11-05,初一上
7443,844,社团,0.6,2025-09-11,初一上
7444,844,阅读,1.6,2025-12-08,初一上
7445,845,阅读,2.3,2026-03-21,初一下
7446,845,实践,1.4,2026-02-24,初一下
7447,845,实践,0.7,2026-05-14,初一下
7448,846,社团,1.6,2025-12-01,初一上
7449,846,体育,1.4,2025-12-15,初一上
7450,846,阅读,3.2,2026-07-02,初一下
7451,847,体育,3.2,2026-04-26,初一下
7452,847,阅读,1.2,2026-06-21,初一下
7453,847,体育,1.3,2025-12-19,初一上
7454,847,阅读,0.9,2026-05-15,初一下
7455,847,实践,1.0,2026-01-07,初一上
7456,848,体育,3.0,2025-12-12,初一上
7457,848,实践,4.9,2026-06-14,初一下
7458,848,社团,3.3,2025-09-24,初一上
7459,849,社团,1.0,2026-01-09,初一上
7460,849,阅读,2.0,2025-11-16,初一上
7461,850,实践,1.6,2026-05-05,初一下
7462,850,阅读,1.8,2025-10-22,初一上
7463,850,社团,0.8,2026-04-01,初一下
7464,850,阅读,3.6,2026-01-12,初一上
7465,850,社团,1.6,2025-11-16,初一上
7466,850,社团,1.4,2026-02-22,初一下
7467,850,体育,1.7,2026-06-15,初一下
7468,850,实践,2.4,2026-05-18,初一下
7469,850,阅读,1.8,2025-11-20,初一上
7470,851,实践,2.2,2025-10-01,初一上
7471,851,社团,0.6,2025-10-03,初一上
7472,851,实践,1.0,2026-05-17,初一下
7473,851,实践,1.6,2026-06-14,初一下
7474,852,实践,2.4,2026-06-25,初一下
7475,852,体育,2.0,2025-12-31,初一上
7476,853,实践,0.6,2026-04-17,初一下
7477,853,社团,4.0,2025-12-03,初一上
7478,854,实践,1.6,2025-10-20,初一上
7479,854,体育,3.1,2025-11-17,初一上
7480,854,体育,5.6,2025-10-07,初一上
7481,854,体育,0.7,2026-04-12,初一下
7482,855,实践,2.2,2026-05-26,初一下
7483,855,社团,1.7,2026-03-01,初一下
7484,855,实践,0.7,2025-10-30,初一上
7485,855,社团,1.3,2025-11-04,初一上
7486,856,体育,0.6,2026-06-05,初一下
7487,856,阅读,0.7,2026-06-23,初一下
7488,856,体育,0.6,2026-05-03,初一下
7489,856,阅读,1.9,2025-10-26,初一上
7490,856,社团,2.0,2026-03-18,初一下
7491,856,阅读,1.7,2026-03-21,初一下
7492,857,体育,2.1,2026-05-02,初一下
7493,857,实践,3.1,2025-10-22,初一上
7494,857,社团,0.9,2026-05-03,初一下
7495,858,阅读,2.5,2026-06-23,初一下
7496,858,实践,0.7,2026-05-28,初一下
7497,858,阅读,1.8,2026-06-11,初一下
7498,858,社团,3.0,2026-04-22,初一下
7499,858,体育,6.8,2026-03-28,初一下
7500,858,实践,1.7,2025-11-14,初一上
7501,859,实践,0.6,2026-06-25,初一下
7502,859,阅读,1.4,2025-12-21,初一上
7503,859,实践,1.4,2025-09-20,初一上
7504,859,阅读,1.6,2026-06-22,初一下
7505,859,体育,2.0,2025-09-02,初一上
7506,860,社团,3.1,2026-05-11,初一下
7507,860,阅读,4.5,2025-12-02,初一上
7508,860,实践,3.3,2025-09-15,初一上
7509,861,社团,2.2,2025-10-01,初一上
7510,861,阅读,0.6,2026-04-19,初一下
7511,861,阅读,0.9,2026-06-29,初一下
7512,861,社团,4.1,2025-09-11,初一上
7513,862,阅读,2.0,2026-04-06,初一下
7514,862,社团,3.3,2025-12-22,初一上
7515,862,阅读,1.9,2025-10-21,初一上
7516,862,社团,2.8,2025-09-10,初一上
7517,863,体育,2.7,2026-06-24,初一下
7518,863,阅读,3.5,2026-06-26,初一下
7519,863,社团,0.6,2026-06-07,初一下
7520,864,体育,4.1,2025-10-03,初一上
7521,864,体育,9.2,2026-02-20,初一下
7522,864,体育,0.9,2026-05-10,初一下
7523,864,社团,2.0,2026-06-04,初一下
7524,864,阅读,0.6,2025-09-11,初一上
7525,864,社团,3.4,2025-09-23,初一上
7526,864,社团,0.7,2026-04-19,初一下
7527,864,体育,0.9,2026-01-01,初一上
7528,864,实践,1.8,2026-06-30,初一下
7529,864,体育,10.6,2025-10-07,初一上
7530,864,社团,3.5,2026-03-10,初一下
7531,864,社团,3.5,2026-04-24,初一下
7532,865,实践,2.5,2025-11-22,初一上
7533,865,体育,2.3,2025-09-17,初一上
7534,865,体育,0.8,2025-10-13,初一上
7535,865,实践,2.1,2026-05-14,初一下
7536,865,体育,0.7,2025-09-20,初一上
7537,865,体育,1.3,2025-10-13,初一上
7538,865,实践,2.6,2025-10-20,初一上
7539,866,社团,2.1,2025-11-29,初一上
7540,866,实践,2.2,2026-06-15,初一下
7541,866,社团,0.7,2026-04-06,初一下
7542,866,体育,1.3,2025-09-18,初一上
7543,867,社团,4.4,2025-12-30,初一上
7544,867,社团,3.5,2025-12-23,初一上
7545,867,实践,2.1,2025-12-09,初一上
7546,867,实践,1.9,2025-09-09,初一上
7547,867,社团,0.6,2025-11-03,初一上
7548,867,体育,2.6,2025-12-31,初一上
7549,867,阅读,1.5,2026-05-16,初一下
7550,867,体育,1.1,2026-05-26,初一下
7551,868,阅读,1.0,2025-12-22,初一上
7552,868,社团,1.2,2025-11-06,初一上
7553,868,社团,7.2,2026-04-24,初一下
7554,868,体育,0.7,2026-06-02,初一下
7555,868,实践,0.7,2026-05-15,初一下
7556,868,阅读,0.9,2026-01-12,初一上
7557,868,体育,2.1,2025-10-29,初一上
7558,868,体育,0.9,2026-04-28,初一下
7559,869,体育,5.1,2026-05-21,初一下
7560,869,体育,0.6,2025-12-10,初一上
7561,869,阅读,1.0,2025-09-15,初一上
7562,869,实践,1.7,2025-10-23,初一上
7563,869,体育,2.3,2025-09-30,初一上
7564,869,社团,2.4,2026-06-22,初一下
7565,869,社团,1.0,2026-01-17,初一上
7566,870,阅读,1.1,2025-09-02,初一上
7567,870,社团,2.9,2025-11-09,初一上
7568,870,实践,2.9,2025-11-25,初一上
7569,870,体育,1.4,2025-12-16,初一上
7570,870,实践,5.6,2026-05-20,初一下
7571,870,实践,0.7,2026-06-13,初一下
7572,871,阅读,1.5,2025-11-24,初一上
7573,871,体育,1.5,2026-04-06,初一下
7574,871,阅读,1.5,2025-09-30,初一上
7575,871,实践,1.5,2025-11-06,初一上
7576,871,实践,2.0,2025-10-14,初一上
7577,871,社团,0.5,2026-03-09,初一下
7578,871,实践,4.0,2026-06-11,初一下
7579,872,实践,0.7,2025-09-21,初一上
7580,872,体育,2.6,2026-02-24,初一下
7581,872,实践,3.3,2026-03-15,初一下
7582,872,社团,1.6,2026-01-02,初一上
7583,873,阅读,0.6,2026-06-04,初一下
7584,873,社团,0.5,2025-11-28,初一上
7585,873,实践,1.6,2025-09-29,初一上
7586,873,社团,0.5,2025-09-21,初一上
7587,874,体育,2.9,2026-06-15,初一下
7588,874,实践,1.2,2025-10-04,初一上
7589,875,阅读,0.5,2026-01-09,初一上
7590,875,体育,1.3,2026-01-04,初一上
7591,875,实践,2.0,2026-06-25,初一下
7592,875,体育,4.6,2026-01-16,初一上
7593,875,体育,0.6,2026-03-29,初一下
7594,875,体育,0.7,2025-09-03,初一上
7595,876,体育,1.9,2025-09-25,初一上
7596,876,体育,1.2,2026-03-14,初一下
7597,876,实践,1.2,2026-01-15,初一上
7598,876,社团,0.9,2026-03-08,初一下
7599,876,社团,1.7,2025-11-20,初一上
7600,876,社团,2.1,2026-04-03,初一下
7601,877,实践,1.0,2026-06-09,初一下
7602,877,实践,3.4,2026-06-04,初一下
7603,878,体育,1.8,2025-11-03,初一上
7604,878,体育,2.5,2025-09-22,初一上
7605,878,阅读,0.6,2026-05-23,初一下
7606,878,阅读,0.5,2026-06-24,初一下
7607,878,体育,1.4,2026-06-11,初一下
7608,879,阅读,0.9,2026-03-31,初一下
7609,880,体育,2.0,2026-01-01,初一上
7610,880,阅读,2.6,2026-04-05,初一下
7611,880,社团,1.3,2026-04-01,初一下
7612,880,实践,2.2,2025-09-03,初一上
7613,880,实践,1.4,2026-02-28,初一下
7614,881,社团,3.6,2026-06-17,初一下
7615,881,社团,1.3,2026-07-03,初一下
7616,881,社团,0.9,2026-03-13,初一下
7617,882,社团,1.4,2025-09-05,初一上
7618,882,社团,1.2,2025-12-11,初一上
7619,882,体育,4.1,2026-06-23,初一下
7620,882,实践,0.7,2025-12-22,初一上
7621,882,阅读,0.7,2026-03-06,初一下
7622,882,体育,1.8,2025-10-03,初一上
7623,882,实践,2.4,2026-05-27,初一下
7624,882,社团,3.4,2025-12-12,初一上
7625,882,实践,1.1,2026-05-05,初一下
7626,882,阅读,1.6,2025-11-27,初一上
7627,883,阅读,0.9,2025-11-14,初一上
7628,883,社团,1.1,2026-06-16,初一下
7629,883,实践,3.3,2025-12-02,初一上
7630,883,体育,0.7,2026-04-06,初一下
7631,884,实践,0.5,2026-03-30,初一下
7632,884,体育,1.1,2026-06-20,初一下
7633,884,社团,1.4,2026-03-23,初一下
7634,884,实践,1.6,2026-06-04,初一下
7635,884,体育,2.9,2026-06-24,初一下
7636,884,社团,3.6,2026-04-19,初一下
7637,884,体育,2.5,2026-05-05,初一下
7638,884,体育,0.7,2026-05-23,初一下
7639,885,实践,0.5,2026-05-05,初一下
7640,885,社团,4.2,2026-01-08,初一上
7641,886,阅读,3.2,2026-05-18,初一下
7642,886,阅读,0.5,2026-06-27,初一下
7643,886,体育,0.8,2026-03-26,初一下
7644,886,体育,3.8,2025-10-27,初一上
7645,887,实践,5.4,2026-06-14,初一下
7646,887,体育,0.6,2026-06-21,初一下
7647,887,体育,2.9,2026-06-05,初一下
7648,887,社团,0.5,2026-04-16,初一下
7649,887,实践,3.0,2026-04-21,初一下
7650,887,体育,0.5,2026-06-20,初一下
7651,888,实践,2.7,2026-03-17,初一下
7652,888,社团,0.6,2026-06-03,初一下
7653,888,实践,2.8,2026-01-01,初一上
7654,888,体育,3.2,2025-12-02,初一上
7655,888,实践,2.5,2026-04-15,初一下
7656,888,社团,2.1,2026-04-16,初一下
7657,889,社团,3.0,2026-06-08,初一下
7658,889,实践,1.0,2026-03-23,初一下
7659,889,阅读,0.9,2025-10-03,初一上
7660,889,社团,0.8,2026-02-24,初一下
7661,889,体育,1.0,2025-12-26,初一上
7662,889,体育,1.0,2026-07-04,初一下
7663,889,实践,3.7,2026-03-20,初一下
7664,889,实践,0.9,2025-12-11,初一上
7665,889,体育,2.5,2026-01-02,初一上
7666,890,实践,1.3,2025-09-05,初一上
7667,890,阅读,2.3,2026-06-30,初一下
7668,891,体育,3.2,2026-03-20,初一下
7669,891,实践,1.3,2025-09-21,初一上
7670,891,体育,0.7,2026-02-19,初一下
7671,891,体育,4.4,2026-04-08,初一下
7672,891,实践,0.6,2026-04-17,初一下
7673,891,阅读,2.4,2025-12-06,初一上
7674,892,体育,4.8,2026-04-06,初一下
7675,892,实践,1.0,2026-01-13,初一上
7676,892,实践,0.8,2025-09-01,初一上
7677,892,阅读,1.0,2025-10-21,初一上
7678,893,体育,0.5,2026-03-18,初一下
7679,893,社团,4.2,2025-12-03,初一上
7680,893,实践,1.0,2026-06-28,初一下
7681,893,实践,1.6,2025-10-12,初一上
7682,893,体育,0.6,2026-06-24,初一下
7683,894,社团,2.7,2026-03-05,初一下
7684,894,实践,1.4,2026-03-12,初一下
7685,894,体育,1.2,2025-09-25,初一上
7686,894,实践,1.3,2025-12-16,初一上
7687,894,体育,5.2,2026-01-04,初一上
7688,895,实践,0.7,2026-03-22,初一下
7689,895,阅读,4.4,2026-05-25,初一下
7690,895,阅读,1.7,2026-06-17,初一下
7691,895,阅读,1.8,2025-11-06,初一上
7692,895,社团,1.0,2026-01-02,初一上
7693,895,阅读,1.2,2026-04-15,初一下
7694,895,体育,2.2,2026-06-13,初一下
7695,895,体育,1.1,2026-01-05,初一上
7696,896,阅读,1.9,2025-10-25,初一上
7697,896,阅读,2.1,2025-09-02,初一上
7698,896,实践,0.5,2026-05-09,初一下
7699,896,阅读,2.1,2026-04-01,初一下
7700,896,体育,0.6,2026-05-13,初一下
7701,896,实践,2.5,2026-04-11,初一下
7702,897,体育,2.7,2025-10-09,初一上
7703,897,体育,0.7,2026-05-04,初一下
7704,897,社团,1.9,2026-03-19,初一下
7705,897,体育,0.7,2026-01-17,初一上
7706,897,实践,3.5,2026-03-13,初一下
7707,897,实践,1.5,2025-10-09,初一上
7708,897,实践,1.0,2025-09-27,初一上
7709,898,阅读,2.7,2026-07-06,初一下
7710,898,社团,7.3,2026-06-17,初一下
7711,898,阅读,3.7,2026-05-12,初一下
7712,898,社团,2.9,2025-09-13,初一上
7713,899,社团,1.2,2026-02-27,初一下
7714,899,体育,4.0,2026-05-07,初一下
7715,899,阅读,2.1,2026-03-05,初一下
7716,900,实践,1.0,2026-01-03,初一上
7717,900,社团,0.5,2026-03-10,初一下
7718,900,实践,0.5,2026-04-20,初一下
7719,900,体育,0.9,2025-12-19,初一上
7720,900,体育,0.6,2026-06-20,初一下
7721,901,体育,0.5,2026-02-24,初一下
7722,901,社团,0.9,2025-10-04,初一上
7723,902,社团,1.4,2025-09-07,初一上
7724,902,体育,0.6,2026-01-14,初一上
7725,902,实践,0.8,2026-04-06,初一下
7726,903,体育,0.5,2025-09-12,初一上
7727,903,实践,0.9,2025-12-03,初一上
7728,903,社团,1.4,2026-06-08,初一下
7729,904,阅读,4.2,2025-12-21,初一上
7730,904,体育,2.0,2026-06-02,初一下
7731,904,实践,3.5,2026-04-25,初一下
7732,904,社团,1.9,2025-09-23,初一上
7733,904,实践,1.9,2025-12-16,初一上
7734,904,体育,1.0,2025-11-02,初一上
7735,904,体育,0.9,2026-04-20,初一下
7736,904,社团,3.3,2026-07-02,初一下
7737,904,实践,2.9,2025-11-08,初一上
7738,905,体育,2.1,2025-10-06,初一上
7739,905,实践,0.9,2025-12-10,初一上
7740,905,实践,3.6,2025-10-10,初一上
7741,905,体育,4.3,2026-04-24,初一下
7742,905,阅读,7.8,2025-11-19,初一上
7743,906,体育,2.6,2025-11-19,初一上
7744,906,实践,0.9,2025-12-13,初一上
7745,906,实践,2.8,2025-10-07,初一上
7746,906,社团,1.3,2025-10-07,初一上
7747,907,实践,2.3,2026-05-13,初一下
7748,907,体育,5.9,2025-09-11,初一上
7749,907,社团,0.9,2025-10-05,初一上
7750,907,实践,1.1,2025-10-17,初一上
7751,908,实践,2.5,2026-01-09,初一上
7752,908,实践,0.6,2026-05-13,初一下
7753,908,阅读,0.9,2026-03-15,初一下
7754,908,阅读,1.4,2026-03-22,初一下
7755,908,实践,1.6,2026-04-12,初一下
7756,908,体育,0.7,2025-09-17,初一上
7757,909,社团,4.7,2025-10-15,初一上
7758,909,实践,2.0,2025-12-06,初一上
7759,910,实践,1.9,2025-09-02,初一上
7760,910,社团,0.9,2025-09-26,初一上
7761,910,社团,2.2,2025-12-17,初一上
7762,910,体育,0.8,2026-03-25,初一下
7763,911,体育,1.8,2026-06-28,初一下
7764,911,体育,7.7,2025-12-28,初一上
7765,911,实践,1.0,2026-03-06,初一下
7766,912,体育,1.8,2025-09-19,初一上
7767,912,实践,0.5,2025-11-11,初一上
7768,912,阅读,3.5,2025-09-07,初一上
7769,913,实践,3.2,2025-09-06,初一上
7770,913,实践,7.6,2025-12-31,初一上
7771,913,阅读,1.9,2026-06-09,初一下
7772,913,社团,1.0,2025-11-26,初一上
7773,914,体育,4.0,2026-06-20,初一下
7774,914,体育,3.0,2026-05-15,初一下
7775,914,实践,0.6,2025-10-11,初一上
7776,914,实践,2.9,2025-12-02,初一上
7777,914,实践,0.6,2025-09-12,初一上
7778,915,实践,1.7,2026-03-09,初一下
7779,915,体育,0.9,2025-09-01,初一上
7780,915,阅读,6.2,2026-05-10,初一下
7781,915,体育,1.1,2025-09-24,初一上
7782,916,阅读,0.9,2025-12-16,初一上
7783,916,阅读,1.3,2026-02-28,初一下
7784,916,阅读,4.5,2025-10-19,初一上
7785,917,实践,1.5,2026-06-05,初一下
7786,917,体育,1.0,2026-03-05,初一下
7787,917,社团,4.0,2025-09-12,初一上
7788,917,实践,3.9,2026-06-01,初一下
7789,918,社团,1.7,2026-04-05,初一下
7790,918,体育,0.5,2026-01-12,初一上
7791,918,体育,0.8,2026-03-29,初一下
7792,918,阅读,1.8,2026-06-08,初一下
7793,918,体育,0.9,2025-11-20,初一上
7794,918,阅读,1.7,2025-09-28,初一上
7795,918,实践,0.6,2025-10-09,初一上
7796,919,体育,1.7,2025-09-29,初一上
7797,919,体育,1.7,2025-12-19,初一上
7798,919,体育,3.7,2025-10-16,初一上
7799,919,体育,1.4,2025-12-16,初一上
7800,919,实践,1.9,2026-06-16,初一下
7801,919,体育,0.8,2025-12-28,初一上
7802,919,体育,3.6,2026-03-18,初一下
7803,919,阅读,1.0,2025-10-05,初一上
7804,920,体育,3.0,2026-03-12,初一下
7805,920,实践,6.6,2025-09-22,初一上
7806,920,社团,1.8,2026-05-20,初一下
7807,920,实践,0.7,2026-03-18,初一下
7808,920,体育,1.2,2026-03-29,初一下
7809,920,实践,1.8,2026-06-03,初一下
7810,921,阅读,1.3,2026-01-03,初一上
7811,921,实践,2.6,2025-12-01,初一上
7812,922,体育,5.3,2025-09-22,初一上
7813,922,体育,0.8,2026-02-22,初一下
7814,922,社团,1.7,2025-12-13,初一上
7815,923,体育,1.1,2025-11-30,初一上
7816,923,社团,1.1,2025-12-23,初一上
7817,923,阅读,1.2,2026-06-13,初一下
7818,923,阅读,1.7,2026-03-15,初一下
7819,923,社团,0.8,2026-04-21,初一下
7820,923,实践,4.8,2026-06-06,初一下
7821,924,实践,2.4,2025-12-03,初一上
7822,924,社团,0.6,2026-04-12,初一下
7823,925,体育,1.1,2026-03-28,初一下
7824,925,体育,2.0,2026-06-07,初一下
7825,925,社团,4.4,2026-02-23,初一下
7826,925,实践,1.4,2025-11-07,初一上
7827,925,阅读,1.0,2026-04-08,初一下
7828,925,阅读,1.8,2026-04-29,初一下
7829,925,社团,0.9,2025-12-27,初一上
7830,925,体育,1.0,2025-12-13,初一上
7831,925,阅读,1.8,2026-06-20,初一下
7832,926,阅读,0.8,2026-05-04,初一下
7833,926,社团,0.9,2026-05-17,初一下
7834,926,体育,3.0,2025-11-06,初一上
7835,926,阅读,1.6,2025-12-19,初一上
7836,927,阅读,0.8,2026-06-03,初一下
7837,927,实践,0.6,2025-10-11,初一上
7838,927,体育,0.5,2026-06-11,初一下
7839,928,体育,0.5,2025-11-20,初一上
7840,928,体育,2.6,2025-12-26,初一上
7841,929,社团,1.3,2025-11-12,初一上
7842,929,社团,0.7,2026-05-29,初一下
7843,929,体育,1.4,2025-09-20,初一上
7844,929,体育,4.2,2025-09-13,初一上
7845,929,阅读,1.3,2026-06-05,初一下
7846,930,实践,0.5,2025-11-16,初一上
7847,930,阅读,0.9,2026-04-01,初一下
7848,931,社团,1.9,2025-11-12,初一上
7849,931,体育,0.9,2026-06-15,初一下
7850,931,社团,4.8,2025-10-26,初一上
7851,931,体育,3.4,2025-09-22,初一上
7852,931,体育,2.4,2026-05-12,初一下
7853,931,体育,1.0,2026-05-12,初一下
7854,931,实践,0.6,2026-03-22,初一下
7855,931,阅读,2.8,2025-10-13,初一上
7856,932,阅读,0.8,2025-09-20,初一上
7857,932,阅读,2.9,2025-09-24,初一上
7858,932,社团,3.0,2026-05-23,初一下
7859,932,实践,2.5,2025-11-25,初一上
7860,932,社团,0.6,2025-09-14,初一上
7861,933,体育,1.0,2026-05-24,初一下
7862,933,社团,0.6,2025-11-25,初一上
7863,933,实践,1.8,2026-06-20,初一下
7864,933,阅读,3.0,2026-03-15,初一下
7865,933,阅读,2.3,2025-10-03,初一上
7866,933,体育,3.6,2026-04-10,初一下
7867,934,社团,0.5,2025-11-28,初一上
7868,934,实践,11.2,2026-02-24,初一下
7869,935,体育,0.7,2025-10-23,初一上
7870,935,实践,0.6,2025-10-09,初一上
7871,935,实践,1.7,2025-12-17,初一上
7872,935,阅读,0.7,2026-01-06,初一上
7873,935,体育,0.6,2026-04-05,初一下
7874,936,体育,0.8,2026-03-20,初一下
7875,936,社团,1.7,2026-05-14,初一下
7876,936,实践,2.8,2025-10-30,初一上
7877,936,实践,1.6,2025-12-03,初一上
7878,936,阅读,0.8,2026-02-22,初一下
7879,936,体育,1.9,2025-11-01,初一上
7880,936,阅读,0.9,2026-02-16,初一下
7881,936,阅读,2.4,2026-04-27,初一下
7882,937,体育,0.8,2025-11-27,初一上
7883,937,实践,1.0,2025-10-22,初一上
7884,937,实践,3.6,2025-10-30,初一上
7885,937,体育,0.5,2026-04-13,初一下
7886,938,实践,4.0,2026-04-21,初一下
7887,938,社团,3.0,2025-12-03,初一上
7888,938,社团,4.0,2026-05-18,初一下
7889,938,体育,0.7,2025-12-12,初一上
7890,938,体育,0.9,2026-04-15,初一下
7891,938,阅读,0.8,2025-11-28,初一上
7892,938,阅读,1.0,2026-05-25,初一下
7893,939,实践,0.8,2026-03-16,初一下
7894,939,体育,2.2,2025-09-27,初一上
7895,939,实践,6.5,2025-10-11,初一上
7896,939,实践,2.1,2025-12-30,初一上
7897,939,体育,4.6,2026-05-21,初一下
7898,939,社团,1.4,2026-03-11,初一下
7899,940,阅读,0.5,2026-04-14,初一下
7900,940,阅读,1.4,2025-12-30,初一上
7901,940,体育,2.0,2025-12-11,初一上
7902,941,社团,0.6,2026-03-23,初一下
7903,941,实践,3.9,2025-11-27,初一上
7904,941,阅读,0.6,2026-05-20,初一下
7905,941,体育,2.2,2026-06-23,初一下
7906,942,阅读,0.8,2026-06-25,初一下
7907,942,体育,1.2,2026-06-29,初一下
7908,942,阅读,0.8,2025-10-13,初一上
7909,943,阅读,0.6,2025-12-04,初一上
7910,943,阅读,2.0,2025-09-16,初一上
7911,943,阅读,0.6,2025-11-21,初一上
7912,943,体育,1.1,2026-03-29,初一下
7913,944,体育,1.3,2026-04-05,初一下
7914,944,阅读,0.9,2026-05-08,初一下
7915,944,实践,2.1,2026-06-17,初一下
7916,944,社团,1.8,2026-03-28,初一下
7917,945,阅读,2.0,2026-04-25,初一下
7918,945,社团,1.8,2026-03-14,初一下
7919,945,社团,4.0,2025-09-18,初一上
7920,946,实践,3.6,2026-03-13,初一下
7921,946,体育,1.3,2026-06-28,初一下
7922,946,实践,1.1,2026-03-12,初一下
7923,946,体育,4.3,2026-06-07,初一下
7924,947,社团,1.3,2026-01-17,初一上
7925,947,社团,0.9,2026-04-18,初一下
7926,947,阅读,1.9,2026-04-10,初一下
7927,947,实践,1.8,2025-12-02,初一上
7928,948,阅读,0.6,2025-10-05,初一上
7929,948,阅读,1.9,2025-09-04,初一上
7930,948,实践,4.6,2025-12-31,初一上
7931,948,社团,1.0,2026-03-25,初一下
7932,949,社团,0.8,2026-05-31,初一下
7933,949,实践,1.2,2025-09-23,初一上
7934,949,体育,0.5,2026-04-06,初一下
7935,949,阅读,0.9,2026-04-07,初一下
7936,949,阅读,0.6,2026-01-17,初一上
7937,950,社团,2.3,2026-01-07,初一上
7938,950,实践,0.9,2026-02-21,初一下
7939,951,社团,2.0,2026-05-09,初一下
7940,951,实践,3.2,2025-09-08,初一上
7941,951,社团,1.8,2026-03-01,初一下
7942,951,实践,3.0,2026-06-17,初一下
7943,951,实践,4.3,2026-04-20,初一下
7944,951,阅读,0.8,2026-03-17,初一下
7945,952,体育,0.9,2026-04-18,初一下
7946,952,体育,0.5,2025-12-20,初一上
7947,952,实践,1.1,2025-11-15,初一上
7948,952,实践,0.5,2026-01-15,初一上
7949,952,实践,1.5,2025-12-09,初一上
7950,952,体育,2.9,2025-10-30,初一上
7951,952,实践,1.3,2025-10-02,初一上
7952,952,社团,2.3,2025-12-24,初一上
7953,953,社团,0.9,2026-06-11,初一下
7954,953,社团,1.0,2026-04-13,初一下
7955,954,实践,2.6,2025-11-05,初一上
7956,954,实践,1.4,2025-12-01,初一上
7957,954,社团,0.6,2025-10-21,初一上
7958,954,体育,0.6,2026-01-04,初一上
7959,954,体育,1.8,2026-05-16,初一下
7960,955,体育,0.8,2025-10-08,初一上
7961,955,体育,0.9,2026-04-05,初一下
7962,955,社团,3.8,2025-12-17,初一上
7963,955,实践,2.4,2025-10-21,初一上
7964,955,社团,0.6,2026-01-17,初一上
7965,956,体育,1.5,2026-06-13,初一下
7966,956,体育,2.5,2026-06-27,初一下
7967,956,社团,1.7,2026-03-21,初一下
7968,956,体育,1.1,2026-04-27,初一下
7969,957,阅读,0.6,2026-01-01,初一上
7970,957,社团,3.0,2025-11-05,初一上
7971,957,实践,1.1,2025-12-14,初一上
7972,957,体育,1.1,2026-05-07,初一下
7973,957,体育,1.5,2025-10-06,初一上
7974,958,体育,0.9,2026-02-17,初一下
7975,958,阅读,0.8,2025-11-05,初一上
7976,958,体育,0.8,2025-10-03,初一上
7977,959,体育,4.1,2026-05-03,初一下
7978,959,阅读,1.8,2026-05-17,初一下
7979,959,社团,6.6,2025-10-20,初一上
7980,959,阅读,1.4,2025-10-11,初一上
7981,959,体育,0.6,2025-12-05,初一上
7982,959,体育,4.6,2026-04-24,初一下
7983,960,阅读,1.2,2025-10-04,初一上
7984,960,体育,0.7,2025-09-02,初一上
7985,960,社团,1.8,2025-10-06,初一上
7986,960,社团,1.4,2025-10-20,初一上
7987,960,实践,0.8,2025-12-21,初一上
7988,960,实践,2.9,2026-04-12,初一下
7989,961,体育,0.6,2026-03-15,初一下
7990,961,体育,1.8,2025-10-21,初一上
7991,961,社团,0.9,2025-10-09,初一上
7992,961,体育,2.5,2025-11-12,初一上
7993,961,实践,1.8,2025-11-28,初一上
7994,962,实践,0.7,2025-11-27,初一上
7995,962,实践,0.7,2026-03-14,初一下
7996,962,体育,4.4,2026-06-29,初一下
7997,962,阅读,3.5,2026-01-17,初一上
7998,963,实践,1.9,2025-09-24,初一上
7999,963,体育,5.3,2026-03-22,初一下
8000,963,实践,1.0,2025-12-04,初一上
8001,963,社团,0.8,2025-09-13,初一上
8002,964,阅读,6.9,2025-09-18,初一上
8003,964,实践,2.6,2026-06-22,初一下
8004,964,社团,0.6,2026-03-01,初一下
8005,965,体育,1.4,2026-02-17,初一下
8006,965,体育,1.7,2025-12-01,初一上
8007,965,社团,1.2,2025-11-04,初一上
8008,965,体育,3.4,2026-01-02,初一上
8009,965,体育,4.5,2026-04-09,初一下
8010,965,实践,1.2,2026-06-11,初一下
8011,965,实践,0.5,2025-12-31,初一上
8012,965,体育,3.0,2026-05-17,初一下
8013,966,阅读,0.5,2026-04-29,初一下
8014,966,社团,3.1,2025-10-26,初一上
8015,966,阅读,1.6,2025-12-04,初一上
8016,966,阅读,1.4,2026-01-19,初一上
8017,967,体育,1.2,2026-04-19,初一下
8018,967,阅读,2.8,2026-04-10,初一下
8019,967,体育,2.8,2025-11-23,初一上
8020,968,实践,4.4,2026-04-07,初一下
8021,969,体育,3.3,2026-01-05,初一上
8022,969,体育,2.2,2025-11-24,初一上
8023,969,实践,0.8,2026-03-13,初一下
8024,969,实践,0.5,2026-01-08,初一上
8025,969,阅读,1.4,2025-10-15,初一上
8026,970,实践,1.8,2026-06-25,初一下
8027,970,阅读,1.1,2025-11-22,初一上
8028,971,社团,2.6,2026-01-17,初一上
8029,971,实践,1.3,2025-09-13,初一上
8030,971,阅读,2.4,2025-10-28,初一上
8031,971,体育,2.5,2026-04-14,初一下
8032,971,体育,0.9,2026-05-08,初一下
8033,972,实践,2.2,2026-07-06,初一下
8034,972,社团,4.7,2026-05-13,初一下
8035,972,社团,1.1,2025-09-08,初一上
8036,972,体育,1.2,2025-10-19,初一上
8037,972,实践,0.6,2026-05-20,初一下
8038,973,实践,4.3,2025-09-16,初一上
8039,973,社团,3.1,2025-11-27,初一上
8040,973,实践,1.5,2026-03-29,初一下
8041,974,体育,1.1,2025-09-07,初一上
8042,974,体育,1.2,2026-03-28,初一下
8043,974,社团,0.7,2025-11-17,初一上
8044,974,实践,0.6,2026-02-21,初一下
8045,974,阅读,3.9,2026-03-25,初一下
8046,975,实践,3.4,2026-03-01,初一下
8047,975,体育,5.5,2026-01-14,初一上
8048,975,实践,2.1,2025-10-28,初一上
8049,975,体育,2.0,2026-05-25,初一下
8050,975,体育,1.4,2025-09-06,初一上
8051,976,实践,1.3,2026-02-19,初一下
8052,976,体育,1.0,2026-04-21,初一下
8053,977,阅读,3.0,2025-12-01,初一上
8054,977,实践,0.5,2025-10-15,初一上
8055,977,体育,1.4,2025-09-05,初一上
8056,977,阅读,0.9,2026-02-21,初一下
8057,978,阅读,1.8,2026-03-05,初一下
8058,978,阅读,1.2,2025-11-18,初一上
8059,978,阅读,2.6,2025-09-05,初一上
8060,978,阅读,0.9,2025-11-12,初一上
8061,978,实践,1.0,2026-01-19,初一上
8062,978,阅读,1.1,2026-03-23,初一下
8063,978,体育,2.0,2026-03-13,初一下
8064,978,实践,1.9,2026-05-02,初一下
8065,979,实践,4.0,2026-03-31,初一下
8066,979,体育,0.5,2026-07-01,初一下
8067,979,社团,1.3,2026-05-19,初一下
8068,979,实践,0.5,2025-12-21,初一上
8069,979,体育,1.9,2025-10-19,初一上
8070,980,阅读,1.1,2026-03-23,初一下
8071,980,实践,0.6,2025-10-17,初一上
8072,980,实践,2.0,2025-09-15,初一上
8073,980,体育,3.4,2026-03-03,初一下
8074,980,社团,3.4,2026-01-13,初一上
8075,981,实践,3.0,2026-03-17,初一下
8076,981,社团,1.4,2026-03-31,初一下
8077,982,实践,0.5,2025-11-04,初一上
8078,982,社团,1.9,2025-09-09,初一上
8079,982,阅读,4.3,2026-04-08,初一下
8080,983,实践,1.1,2026-03-06,初一下
8081,983,社团,0.5,2026-06-06,初一下
8082,983,阅读,1.3,2026-04-13,初一下
8083,984,体育,8.1,2025-10-27,初一上
8084,984,实践,1.9,2026-01-02,初一上
8085,984,体育,2.5,2026-03-24,初一下
8086,985,社团,1.9,2026-01-15,初一上
8087,985,社团,1.2,2026-03-13,初一下
8088,985,阅读,1.1,2026-05-21,初一下
8089,985,实践,2.1,2026-05-18,初一下
8090,985,实践,1.8,2026-03-22,初一下
8091,986,体育,2.8,2025-09-18,初一上
8092,986,社团,1.9,2026-01-04,初一上
8093,987,阅读,1.0,2026-04-08,初一下
8094,987,社团,0.6,2025-11-06,初一上
8095,987,社团,1.1,2026-02-27,初一下
8096,987,社团,1.7,2026-02-19,初一下
8097,988,实践,0.7,2026-02-17,初一下
8098,988,社团,2.5,2025-11-04,初一上
8099,988,社团,2.5,2025-12-11,初一上
8100,989,体育,0.8,2026-04-17,初一下
8101,989,实践,3.8,2026-06-14,初一下
8102,989,社团,2.9,2026-03-15,初一下
8103,989,阅读,2.1,2026-05-08,初一下
8104,989,体育,0.8,2026-06-11,初一下
8105,989,实践,1.2,2025-11-16,初一上
8106,989,体育,1.1,2025-10-16,初一上
8107,990,实践,1.4,2026-04-17,初一下
8108,990,体育,2.4,2025-09-30,初一上
8109,990,社团,0.9,2026-06-25,初一下
8110,991,体育,3.8,2026-01-15,初一上
8111,991,体育,1.1,2026-04-19,初一下
8112,991,体育,6.3,2026-03-19,初一下
8113,991,阅读,0.7,2025-12-22,初一上
8114,991,社团,2.0,2025-10-20,初一上
8115,991,社团,3.0,2025-09-11,初一上
8116,992,社团,1.8,2026-03-02,初一下
8117,992,社团,1.9,2026-02-16,初一下
8118,992,社团,2.1,2025-11-13,初一上
8119,992,社团,2.6,2025-10-04,初一上
8120,993,阅读,1.5,2025-11-23,初一上
8121,993,社团,3.0,2025-12-08,初一上
8122,993,社团,1.8,2026-07-05,初一下
8123,993,阅读,2.5,2026-03-31,初一下
8124,994,体育,1.2,2026-03-18,初一下
8125,995,实践,0.6,2025-09-02,初一上
8126,995,实践,1.4,2026-03-25,初一下
8127,995,社团,0.6,2025-12-03,初一上
8128,995,体育,1.6,2026-01-15,初一上
8129,995,实践,0.6,2026-05-15,初一下
8130,995,阅读,1.1,2026-05-23,初一下
8131,995,实践,2.6,2026-06-10,初一下
8132,995,实践,7.4,2026-07-03,初一下
8133,996,体育,1.0,2026-01-16,初一上
8134,996,阅读,0.7,2026-03-23,初一下
8135,997,社团,2.2,2026-06-14,初一下
8136,997,实践,0.9,2026-04-02,初一下
8137,997,社团,0.5,2025-12-10,初一上
8138,997,体育,5.5,2026-03-05,初一下
8139,997,社团,3.9,2026-04-14,初一下
8140,997,实践,0.8,2026-05-08,初一下
8141,998,社团,1.6,2026-05-25,初一下
8142,998,社团,3.1,2026-06-24,初一下
8143,998,阅读,4.0,2026-03-25,初一下
8144,998,实践,1.9,2025-10-18,初一上
8145,998,社团,1.1,2026-06-16,初一下
8146,998,实践,2.4,2025-12-14,初一上
8147,999,阅读,0.9,2026-05-26,初一下
8148,999,实践,1.2,2025-10-11,初一上
8149,999,实践,2.1,2026-04-12,初一下
8150,999,阅读,0.8,2026-07-06,初一下
8151,999,体育,2.2,2026-01-19,初一上
8152,1000,实践,2.1,2025-10-28,初一上
8153,1000,阅读,2.5,2026-03-22,初一下
8154,1000,社团,2.4,2026-03-14,初一下
8155,1000,体育,1.6,2026-05-06,初一下
8156,1000,社团,1.6,2026-05-12,初一下
8157,1001,体育,4.0,2025-11-03,初一上
8158,1001,体育,2.4,2025-12-09,初一上
8159,1001,社团,3.3,2026-03-16,初一下
8160,1001,体育,0.6,2026-06-01,初一下
8161,1001,体育,0.7,2026-05-04,初一下
8162,1002,实践,3.8,2026-07-06,初一下
8163,1002,实践,1.1,2026-01-16,初一上
8164,1003,阅读,1.3,2026-06-23,初一下
8165,1003,阅读,2.9,2026-05-04,初一下
8166,1003,体育,1.7,2026-02-23,初一下
8167,1003,社团,3.0,2025-12-26,初一上
8168,1003,实践,1.4,2026-05-18,初一下
8169,1004,体育,1.3,2026-05-28,初一下
8170,1004,社团,3.2,2025-09-03,初一上
8171,1004,实践,2.8,2025-11-08,初一上
8172,1004,阅读,1.2,2025-09-01,初一上
8173,1004,实践,4.2,2025-09-25,初一上
8174,1005,实践,1.7,2026-02-18,初一下
8175,1005,体育,1.8,2026-06-22,初一下
8176,1006,阅读,1.5,2026-04-04,初一下
8177,1007,实践,4.4,2026-02-25,初一下
8178,1007,实践,1.8,2025-09-03,初一上
8179,1007,实践,1.3,2026-01-17,初一上
8180,1007,阅读,2.5,2026-05-07,初一下
8181,1007,社团,0.7,2026-04-23,初一下
8182,1008,阅读,1.8,2025-12-21,初一上
8183,1008,实践,3.2,2026-03-29,初一下
8184,1008,体育,9.0,2026-04-15,初一下
8185,1008,体育,0.8,2025-12-27,初一上
8186,1008,社团,0.7,2025-09-22,初一上
8187,1009,阅读,0.7,2025-11-17,初一上
8188,1009,社团,0.8,2025-09-03,初一上
8189,1009,体育,6.9,2026-01-03,初一上
8190,1009,体育,1.0,2026-06-06,初一下
8191,1009,体育,2.2,2025-12-29,初一上
8192,1009,实践,3.0,2025-12-17,初一上
8193,1009,体育,0.9,2025-11-26,初一上
8194,1009,体育,1.1,2025-10-05,初一上
8195,1010,实践,0.5,2026-05-07,初一下
8196,1010,社团,0.5,2026-04-09,初一下
8197,1010,社团,3.3,2026-04-22,初一下
8198,1010,实践,6.6,2026-07-06,初一下
8199,1010,社团,1.9,2025-12-11,初一上
8200,1011,社团,2.2,2026-03-11,初一下
8201,1011,阅读,1.1,2026-03-14,初一下
8202,1011,体育,3.7,2026-06-07,初一下
8203,1011,阅读,2.4,2025-12-20,初一上
8204,1011,社团,3.5,2026-04-29,初一下
8205,1012,体育,1.2,2026-06-06,初一下
8206,1012,社团,0.9,2025-09-18,初一上
8207,1012,阅读,0.6,2025-11-07,初一上
8208,1012,体育,2.0,2025-12-26,初一上
8209,1012,体育,0.7,2026-01-09,初一上
8210,1013,体育,3.4,2026-03-03,初一下
8211,1013,实践,0.6,2026-03-18,初一下
8212,1013,体育,0.9,2026-06-07,初一下
8213,1013,体育,1.2,2025-12-12,初一上
8214,1014,实践,1.9,2025-12-16,初一上
8215,1014,社团,0.7,2025-11-28,初一上
8216,1014,社团,4.4,2026-05-27,初一下
8217,1015,实践,0.7,2026-02-18,初一下
8218,1015,体育,1.0,2026-06-28,初一下
8219,1015,体育,2.1,2025-10-05,初一上
8220,1015,实践,1.5,2026-03-16,初一下
8221,1016,社团,1.7,2026-03-15,初一下
8222,1016,实践,0.6,2026-01-02,初一上
8223,1017,社团,1.4,2025-09-10,初一上
8224,1017,社团,0.9,2026-07-05,初一下
8225,1017,社团,0.9,2025-11-08,初一上
8226,1017,阅读,1.7,2025-10-25,初一上
8227,1017,体育,2.7,2026-04-22,初一下
8228,1017,实践,0.5,2026-05-25,初一下
8229,1018,实践,1.2,2025-09-26,初一上
8230,1018,阅读,2.4,2026-05-18,初一下
8231,1018,体育,0.9,2026-06-28,初一下
8232,1018,实践,3.2,2026-06-10,初一下
8233,1018,阅读,0.7,2025-12-12,初一上
8234,1019,社团,2.4,2026-02-20,初一下
8235,1019,社团,1.9,2025-11-28,初一上
8236,1019,社团,1.8,2025-10-04,初一上
8237,1019,体育,1.1,2025-11-05,初一上
8238,1019,体育,1.3,2026-03-14,初一下
8239,1020,体育,2.5,2025-09-29,初一上
8240,1020,体育,3.1,2026-02-19,初一下
8241,1020,体育,0.6,2025-12-14,初一上
8242,1020,体育,1.6,2026-06-19,初一下
8243,1020,实践,1.8,2026-06-29,初一下
8244,1020,体育,1.4,2025-09-27,初一上
8245,1020,阅读,0.7,2026-04-03,初一下
8246,1021,体育,3.8,2025-12-25,初一上
8247,1021,社团,2.0,2026-06-07,初一下
8248,1021,实践,0.5,2026-03-26,初一下
8249,1021,体育,2.8,2026-04-29,初一下
8250,1022,社团,0.5,2025-09-26,初一上
8251,1022,体育,0.6,2026-05-15,初一下
8252,1022,社团,1.7,2025-12-23,初一上
8253,1022,阅读,1.1,2025-10-08,初一上
8254,1023,实践,0.9,2025-11-14,初一上
8255,1023,阅读,2.6,2025-11-13,初一上
8256,1023,体育,1.2,2026-05-24,初一下
8257,1023,实践,3.1,2025-12-12,初一上
8258,1024,阅读,3.2,2025-12-26,初一上
8259,1024,实践,1.2,2026-01-09,初一上
8260,1024,体育,3.2,2025-09-18,初一上
8261,1025,体育,0.8,2025-10-31,初一上
8262,1025,社团,4.5,2026-06-15,初一下
8263,1025,实践,1.6,2026-07-06,初一下
8264,1025,体育,0.6,2026-04-17,初一下
8265,1025,实践,1.5,2026-05-27,初一下
8266,1026,实践,1.5,2026-04-13,初一下
8267,1026,体育,0.8,2026-03-25,初一下
8268,1026,实践,3.9,2025-09-19,初一上
8269,1026,体育,1.8,2026-05-03,初一下
8270,1027,社团,1.6,2026-07-05,初一下
8271,1027,体育,4.6,2026-06-09,初一下
8272,1027,体育,0.8,2025-11-27,初一上
8273,1027,实践,1.1,2026-02-19,初一下
8274,1027,实践,4.4,2026-05-23,初一下
8275,1027,体育,0.6,2025-09-27,初一上
8276,1027,体育,3.4,2026-01-17,初一上
8277,1028,体育,1.0,2026-01-16,初一上
8278,1028,实践,1.3,2025-10-04,初一上
8279,1028,社团,1.7,2026-06-21,初一下
8280,1028,社团,0.8,2026-06-14,初一下
8281,1028,社团,1.2,2025-10-09,初一上
8282,1029,实践,1.8,2026-06-08,初一下
8283,1029,体育,4.0,2026-05-10,初一下
8284,1029,社团,1.0,2026-04-30,初一下
8285,1029,实践,1.4,2026-03-14,初一下
8286,1029,实践,0.9,2026-06-14,初一下
8287,1029,社团,1.5,2026-04-28,初一下
8288,1030,体育,1.2,2025-09-22,初一上
8289,1030,实践,4.5,2025-09-21,初一上
8290,1030,实践,1.9,2026-05-09,初一下
8291,1030,社团,1.6,2026-06-07,初一下
8292,1031,体育,1.4,2026-04-16,初一下
8293,1031,阅读,0.6,2026-04-19,初一下
8294,1031,社团,1.6,2026-01-06,初一上
8295,1031,社团,0.8,2025-09-26,初一上
8296,1032,体育,1.1,2025-10-24,初一上
8297,1032,体育,1.1,2026-02-18,初一下
8298,1032,体育,6.5,2025-11-29,初一上
8299,1032,体育,1.2,2025-09-28,初一上
8300,1032,体育,5.3,2025-11-23,初一上
8301,1032,社团,0.9,2026-04-24,初一下
8302,1032,阅读,2.7,2026-04-14,初一下
8303,1033,社团,0.5,2026-05-04,初一下
8304,1033,阅读,0.6,2026-02-17,初一下
8305,1033,实践,4.9,2026-05-11,初一下
8306,1033,体育,1.4,2026-02-20,初一下
8307,1033,阅读,1.2,2026-05-29,初一下
8308,1033,体育,1.6,2026-03-22,初一下
8309,1033,阅读,0.9,2026-06-21,初一下
8310,1034,实践,2.6,2026-04-07,初一下
8311,1034,体育,1.0,2026-06-12,初一下
8312,1035,实践,3.8,2026-05-27,初一下
8313,1035,阅读,1.8,2026-06-19,初一下
8314,1035,实践,2.2,2025-12-17,初一上
8315,1035,体育,1.6,2025-11-20,初一上
8316,1035,体育,0.9,2025-10-27,初一上
8317,1035,实践,1.3,2026-05-22,初一下
8318,1035,实践,2.1,2025-09-29,初一上
8319,1036,体育,1.0,2026-02-19,初一下
8320,1036,实践,4.1,2026-04-25,初一下
8321,1036,实践,0.9,2026-06-08,初一下
8322,1036,实践,1.1,2026-04-04,初一下
8323,1036,实践,0.5,2026-05-29,初一下
8324,1036,实践,2.6,2026-04-04,初一下
8325,1037,社团,2.2,2025-12-15,初一上
8326,1038,体育,1.2,2026-02-25,初一下
8327,1038,实践,1.2,2025-09-13,初一上
8328,1038,实践,0.6,2026-02-23,初一下
8329,1038,体育,1.0,2026-04-07,初一下
8330,1038,体育,3.0,2025-10-14,初一上
8331,1038,体育,0.8,2025-12-25,初一上
8332,1038,实践,0.8,2025-09-06,初一上
8333,1039,体育,0.5,2026-06-22,初一下
8334,1039,社团,2.0,2026-02-17,初一下
8335,1039,体育,0.7,2026-06-20,初一下
8336,1039,实践,1.1,2025-09-09,初一上
8337,1040,实践,1.6,2025-10-30,初一上
8338,1040,体育,1.1,2025-11-19,初一上
8339,1040,社团,1.3,2026-03-05,初一下
8340,1040,社团,2.3,2025-10-31,初一上
8341,1040,社团,0.8,2026-05-21,初一下
8342,1040,体育,1.7,2026-04-08,初一下
8343,1040,体育,0.7,2026-01-10,初一上
8344,1041,体育,0.8,2025-09-13,初一上
8345,1041,社团,1.3,2026-03-22,初一下
8346,1041,社团,0.6,2026-01-11,初一上
8347,1041,体育,1.3,2026-05-20,初一下
8348,1042,实践,0.8,2025-10-29,初一上
8349,1042,社团,1.6,2026-05-25,初一下
8350,1042,体育,5.3,2026-03-24,初一下
8351,1042,体育,1.1,2025-12-03,初一上
8352,1043,体育,1.4,2026-06-25,初一下
8353,1043,社团,2.0,2025-12-24,初一上
8354,1043,阅读,1.9,2025-09-28,初一上
8355,1043,实践,1.5,2025-12-19,初一上
8356,1044,体育,0.8,2026-01-17,初一上
8357,1045,社团,1.8,2026-03-07,初一下
8358,1045,体育,1.6,2026-05-31,初一下
8359,1046,体育,1.2,2026-01-12,初一上
8360,1046,体育,0.8,2026-01-14,初一上
8361,1046,社团,0.9,2025-12-20,初一上
8362,1046,社团,0.8,2026-04-12,初一下
8363,1046,实践,2.4,2026-05-25,初一下
8364,1047,实践,3.8,2026-02-23,初一下
8365,1047,社团,1.6,2026-04-28,初一下
8366,1047,社团,3.0,2025-11-02,初一上
8367,1047,体育,1.7,2026-04-28,初一下
8368,1048,体育,1.1,2026-01-13,初一上
8369,1048,体育,0.8,2025-11-29,初一上
8370,1048,社团,6.0,2025-09-16,初一上
8371,1048,体育,5.0,2026-04-21,初一下
8372,1049,体育,0.7,2026-05-28,初一下
8373,1049,阅读,2.6,2026-03-21,初一下
8374,1049,体育,3.1,2026-04-15,初一下
8375,1049,阅读,3.2,2025-12-03,初一上
8376,1049,阅读,2.0,2026-04-30,初一下
8377,1050,阅读,2.1,2025-10-11,初一上
8378,1050,实践,1.0,2026-03-11,初一下
8379,1050,实践,2.6,2025-09-24,初一上
8380,1050,社团,1.3,2025-12-30,初一上
