id,student_id,date,emotion_level,tags
1,1,2026-02-16,3
2,1,2026-02-23,1
3,1,2026-03-05,3
4,1,2026-03-12,2
5,1,2026-03-16,2
6,1,2026-03-23,2
7,1,2026-04-03,2
8,1,2026-04-10,2
9,1,2026-04-13,2
10,1,2026-04-24,2
11,1,2026-04-27,3
12,1,2026-05-08,1
13,1,2026-05-11,2
14,1,2026-05-19,2
15,1,2026-05-25,1
16,1,2026-06-02,2
17,1,2026-06-10,3
18,1,2026-06-16,2
19,1,2026-06-24,2
20,1,2026-07-02,3
21,1,2026-07-10,3
22,1,2026-07-16,2
23,1,2026-07-20,2
24,1,2026-07-28,1
25,1,2026-08-05,2
26,2,2026-02-17,2
27,2,2026-02-23,2
28,2,2026-03-03,2
29,2,2026-03-12,2
30,2,2026-03-19,2
31,2,2026-03-23,2
32,2,2026-03-31,2
33,2,2026-04-09,2
34,2,2026-04-15,2
35,2,2026-04-22,2
36,2,2026-05-01,2
37,2,2026-05-05,2
38,2,2026-05-11,2
39,2,2026-05-20,2
40,2,2026-05-27,2
41,2,2026-06-04,2
42,2,2026-06-10,2
43,2,2026-06-16,2
44,2,2026-06-23,2
45,2,2026-07-03,2
46,2,2026-07-09,1
47,2,2026-07-14,2
48,2,2026-07-21,2
49,2,2026-07-30,2
50,2,2026-08-06,2
51,3,2026-02-19,2
52,3,2026-02-27,2
53,3,2026-03-04,3
54,3,2026-03-09,2
55,3,2026-03-19,2
56,3,2026-03-24,3
57,3,2026-03-30,2
58,3,2026-04-10,2
59,3,2026-04-13,2
60,3,2026-04-20,3
61,3,2026-04-29,2
62,3,2026-05-06,2
63,3,2026-05-14,2
64,3,2026-05-19,2
65,3,2026-05-28,3
66,3,2026-06-01,2
67,3,2026-06-11,2
68,3,2026-06-15,2
69,3,2026-06-23,2
70,3,2026-07-03,2
71,3,2026-07-06,2
72,3,2026-07-17,2
73,3,2026-07-22,2
74,3,2026-07-30,2
75,3,2026-08-06,2
76,4,2026-02-18,2
77,4,2026-02-25,1
78,4,2026-03-04,2
79,4,2026-03-09,3
80,4,2026-03-18,3
81,4,2026-03-27,3
82,4,2026-04-03,2
83,4,2026-04-07,1
84,4,2026-04-16,3
85,4,2026-04-23,2
86,4,2026-04-28,1
87,4,2026-05-08,3
88,4,2026-05-15,3
89,4,2026-05-22,1
90,4,2026-05-28,2
91,4,2026-06-03,3
92,4,2026-06-11,3
93,4,2026-06-16,3
94,4,2026-06-24,3
95,4,2026-06-29,3
96,4,2026-07-06,3
97,4,2026-07-17,3
98,4,2026-07-22,3
99,4,2026-07-30,3
100,4,2026-08-04,3
101,5,2026-02-20,1
102,5,2026-02-25,2
103,5,2026-03-03,2
104,5,2026-03-09,1
105,5,2026-03-20,2
106,5,2026-03-27,2
107,5,2026-04-01,1
108,5,2026-04-10,1
109,5,2026-04-15,2
110,5,2026-04-21,1
111,5,2026-04-27,2
112,5,2026-05-04,2
113,5,2026-05-15,2
114,5,2026-05-22,2
115,5,2026-05-27,2
116,5,2026-06-02,2
117,5,2026-06-10,1
118,5,2026-06-18,2
119,5,2026-06-26,2
120,5,2026-06-29,2
121,5,2026-07-06,1
122,5,2026-07-15,3
123,5,2026-07-22,3
124,5,2026-07-31,1
125,5,2026-08-05,1
126,6,2026-02-16,2
127,6,2026-02-23,2
128,6,2026-03-05,2
129,6,2026-03-11,1
130,6,2026-03-20,2
131,6,2026-03-23,2
132,6,2026-04-02,1
133,6,2026-04-08,3
134,6,2026-04-14,2
135,6,2026-04-24,2
136,6,2026-05-01,3
137,6,2026-05-08,1
138,6,2026-05-15,3
139,6,2026-05-19,2
140,6,2026-05-27,1
141,6,2026-06-03,2
142,6,2026-06-10,1
143,6,2026-06-19,2
144,6,2026-06-23,2
145,6,2026-07-02,2
146,6,2026-07-10,3
147,6,2026-07-14,1
148,6,2026-07-20,2
149,6,2026-07-29,1
150,6,2026-08-07,3
151,7,2026-02-17,1
152,7,2026-02-25,2
153,7,2026-03-05,2
154,7,2026-03-09,2
155,7,2026-03-17,2
156,7,2026-03-26,2
157,7,2026-04-02,2
158,7,2026-04-06,2
159,7,2026-04-13,1
160,7,2026-04-20,2
161,7,2026-04-30,1
162,7,2026-05-05,2
163,7,2026-05-14,1
164,7,2026-05-19,2
165,7,2026-05-28,2
166,7,2026-06-01,2
167,7,2026-06-10,2
168,7,2026-06-19,2
169,7,2026-06-25,2
170,7,2026-07-03,2
171,7,2026-07-10,2
172,7,2026-07-17,2
173,7,2026-07-23,2
174,7,2026-07-29,2
175,7,2026-08-07,2
176,8,2026-02-19,2
177,8,2026-02-26,2
178,8,2026-03-05,1
179,8,2026-03-12,2
180,8,2026-03-17,2
181,8,2026-03-24,1
182,8,2026-04-03,2
183,8,2026-04-07,2
184,8,2026-04-16,2
185,8,2026-04-23,1
186,8,2026-04-28,3
187,8,2026-05-08,2
188,8,2026-05-15,2
189,8,2026-05-18,2
190,8,2026-05-26,1
191,8,2026-06-04,1
192,8,2026-06-11,1
193,8,2026-06-15,2
194,8,2026-06-23,1
195,8,2026-07-03,3
196,8,2026-07-08,1
197,8,2026-07-13,1
198,8,2026-07-24,1
199,8,2026-07-30,1
200,8,2026-08-03,1
201,9,2026-02-18,2
202,9,2026-02-27,2
203,9,2026-03-04,2
204,9,2026-03-09,2
205,9,2026-03-20,3
206,9,2026-03-24,3
207,9,2026-03-30,2
208,9,2026-04-08,2
209,9,2026-04-15,2
210,9,2026-04-22,2
211,9,2026-04-29,2
212,9,2026-05-06,2
213,9,2026-05-14,2
214,9,2026-05-18,2
215,9,2026-05-26,2
216,9,2026-06-02,3
217,9,2026-06-12,1
218,9,2026-06-18,2
219,9,2026-06-22,2
220,9,2026-07-01,2
221,9,2026-07-08,1
222,9,2026-07-14,2
223,9,2026-07-21,2
224,9,2026-07-30,1
225,9,2026-08-03,2
226,10,2026-02-20,1
227,10,2026-02-25,2
228,10,2026-03-02,2
229,10,2026-03-09,3
230,10,2026-03-19,2
231,10,2026-03-26,2
232,10,2026-04-03,3
233,10,2026-04-08,2
234,10,2026-04-17,3
235,10,2026-04-23,2
236,10,2026-04-29,2
237,10,2026-05-07,2
238,10,2026-05-14,1
239,10,2026-05-22,2
240,10,2026-05-26,2
241,10,2026-06-02,2
242,10,2026-06-12,2
243,10,2026-06-18,2
244,10,2026-06-25,2
245,10,2026-07-02,2
246,10,2026-07-07,1
247,10,2026-07-15,2
248,10,2026-07-20,2
249,10,2026-07-31,2
250,10,2026-08-07,2
251,11,2026-02-19,2
252,11,2026-02-24,2
253,11,2026-03-05,2
254,11,2026-03-11,2
255,11,2026-03-20,2
256,11,2026-03-23,2
257,11,2026-04-02,3
258,11,2026-04-08,2
259,11,2026-04-13,2
260,11,2026-04-21,2
261,11,2026-04-27,1
262,11,2026-05-08,2
263,11,2026-05-13,2
264,11,2026-05-22,3
265,11,2026-05-25,3
266,11,2026-06-05,2
267,11,2026-06-08,2
268,11,2026-06-16,2
269,11,2026-06-26,2
270,11,2026-07-03,2
271,11,2026-07-10,2
272,11,2026-07-13,3
273,11,2026-07-24,2
274,11,2026-07-31,2
275,11,2026-08-04,3
276,12,2026-02-20,2
277,12,2026-02-23,2
278,12,2026-03-02,3
279,12,2026-03-13,2
280,12,2026-03-17,1
281,12,2026-03-23,3
282,12,2026-04-01,3
283,12,2026-04-07,2
284,12,2026-04-14,3
285,12,2026-04-24,3
286,12,2026-04-30,1
287,12,2026-05-04,3
288,12,2026-05-15,3
289,12,2026-05-22,2
290,12,2026-05-27,3
291,12,2026-06-04,3
292,12,2026-06-12,2
293,12,2026-06-15,2
294,12,2026-06-25,3
295,12,2026-06-29,3
296,12,2026-07-08,2
297,12,2026-07-16,1
298,12,2026-07-21,3
299,12,2026-07-30,3
300,12,2026-08-03,2
301,13,2026-02-18,1
302,13,2026-02-26,2
303,13,2026-03-04,2
304,13,2026-03-09,2
305,13,2026-03-16,3
306,13,2026-03-23,1
307,13,2026-04-03,1
308,13,2026-04-07,2
309,13,2026-04-15,2
310,13,2026-04-21,1
311,13,2026-04-28,2
312,13,2026-05-06,2
313,13,2026-05-11,2
314,13,2026-05-19,2
315,13,2026-05-27,2
316,13,2026-06-04,3
317,13,2026-06-09,3
318,13,2026-06-15,1
319,13,2026-06-26,2
320,13,2026-07-01,2
321,13,2026-07-07,2
322,13,2026-07-13,1
323,13,2026-07-20,2
324,13,2026-07-29,2
325,13,2026-08-06,2
326,14,2026-02-18,2
327,14,2026-02-24,2
328,14,2026-03-05,1
329,14,2026-03-11,2
330,14,2026-03-18,3
331,14,2026-03-26,3
332,14,2026-03-30,2
333,14,2026-04-06,2
334,14,2026-04-14,2
335,14,2026-04-21,2
336,14,2026-05-01,2
337,14,2026-05-08,2
338,14,2026-05-12,2
339,14,2026-05-21,1
340,14,2026-05-29,2
341,14,2026-06-05,3
342,14,2026-06-11,2
343,14,2026-06-15,2
344,14,2026-06-24,3
345,14,2026-06-29,2
346,14,2026-07-08,2
347,14,2026-07-16,1
348,14,2026-07-24,1
349,14,2026-07-30,2
350,14,2026-08-03,1
351,15,2026-02-16,1
352,15,2026-02-26,1
353,15,2026-03-03,2
354,15,2026-03-09,1
355,15,2026-03-18,2
356,15,2026-03-27,2
357,15,2026-04-03,1
358,15,2026-04-06,2
359,15,2026-04-14,1
360,15,2026-04-24,2
361,15,2026-04-28,1
362,15,2026-05-06,2
363,15,2026-05-15,1
364,15,2026-05-21,3
365,15,2026-05-28,2
366,15,2026-06-01,1
367,15,2026-06-12,3
368,15,2026-06-16,2
369,15,2026-06-23,2
370,15,2026-07-01,1
371,15,2026-07-10,2
372,15,2026-07-14,2
373,15,2026-07-21,1
374,15,2026-07-31,2
375,15,2026-08-06,2
376,16,2026-02-19,2
377,16,2026-02-23,3
378,16,2026-03-02,2
379,16,2026-03-12,3
380,16,2026-03-20,2
381,16,2026-03-25,2
382,16,2026-03-31,1
383,16,2026-04-06,2
384,16,2026-04-13,2
385,16,2026-04-23,3
386,16,2026-04-29,2
387,16,2026-05-08,2
388,16,2026-05-13,1
389,16,2026-05-21,3
390,16,2026-05-27,3
391,16,2026-06-02,2
392,16,2026-06-12,3
393,16,2026-06-19,2
394,16,2026-06-24,3
395,16,2026-06-29,2
396,16,2026-07-07,2
397,16,2026-07-17,2
398,16,2026-07-24,2
399,16,2026-07-27,2
400,16,2026-08-05,2
401,17,2026-02-19,2
402,17,2026-02-23,2
403,17,2026-03-03,2
404,17,2026-03-13,2
405,17,2026-03-18,2
406,17,2026-03-26,3
407,17,2026-03-31,2
408,17,2026-04-10,2
409,17,2026-04-17,2
410,17,2026-04-22,2
411,17,2026-04-29,2
412,17,2026-05-06,2
413,17,2026-05-14,1
414,17,2026-05-20,2
415,17,2026-05-26,3
416,17,2026-06-03,2
417,17,2026-06-10,2
418,17,2026-06-16,2
419,17,2026-06-25,2
420,17,2026-07-03,2
421,17,2026-07-08,1
422,17,2026-07-13,2
423,17,2026-07-21,2
424,17,2026-07-27,2
425,17,2026-08-07,2
426,18,2026-02-16,1
427,18,2026-02-23,3
428,18,2026-03-03,2
429,18,2026-03-12,1
430,18,2026-03-20,2
431,18,2026-03-26,3
432,18,2026-04-02,3
433,18,2026-04-10,3
434,18,2026-04-13,1
435,18,2026-04-20,2
436,18,2026-05-01,3
437,18,2026-05-04,3
438,18,2026-05-14,2
439,18,2026-05-18,2
440,18,2026-05-27,2
441,18,2026-06-04,2
442,18,2026-06-12,1
443,18,2026-06-17,2
444,18,2026-06-25,2
445,18,2026-06-30,2
446,18,2026-07-06,1
447,18,2026-07-13,1
448,18,2026-07-23,1
449,18,2026-07-29,3
450,18,2026-08-04,3
451,19,2026-02-16,2
452,19,2026-02-24,2
453,19,2026-03-02,2
454,19,2026-03-11,2
455,19,2026-03-18,3
456,19,2026-03-24,3
457,19,2026-03-30,2
458,19,2026-04-10,2
459,19,2026-04-15,2
460,19,2026-04-21,2
461,19,2026-04-28,2
462,19,2026-05-07,2
463,19,2026-05-13,2
464,19,2026-05-18,2
465,19,2026-05-27,2
466,19,2026-06-04,2
467,19,2026-06-12,2
468,19,2026-06-16,2
469,19,2026-06-22,2
470,19,2026-06-30,2
471,19,2026-07-09,2
472,19,2026-07-13,3
473,19,2026-07-22,3
474,19,2026-07-31,2
475,19,2026-08-07,2
476,20,2026-02-17,1
477,20,2026-02-27,2
478,20,2026-03-03,2
479,20,2026-03-13,2
480,20,2026-03-20,1
481,20,2026-03-27,2
482,20,2026-03-31,2
483,20,2026-04-06,2
484,20,2026-04-17,2
485,20,2026-04-21,2
486,20,2026-04-27,2
487,20,2026-05-05,2
488,20,2026-05-13,1
489,20,2026-05-22,1
490,20,2026-05-26,2
491,20,2026-06-05,2
492,20,2026-06-10,2
493,20,2026-06-16,1
494,20,2026-06-22,2
495,20,2026-07-03,2
496,20,2026-07-10,2
497,20,2026-07-15,1
498,20,2026-07-24,1
499,20,2026-07-30,2
500,20,2026-08-03,1
501,21,2026-02-16,1
502,21,2026-02-25,2
503,21,2026-03-05,2
504,21,2026-03-12,3
505,21,2026-03-18,1
506,21,2026-03-23,2
507,21,2026-04-03,1
508,21,2026-04-09,2
509,21,2026-04-16,1
510,21,2026-04-22,1
511,21,2026-05-01,2
512,21,2026-05-04,1
513,21,2026-05-12,2
514,21,2026-05-18,1
515,21,2026-05-27,1
516,21,2026-06-04,1
517,21,2026-06-12,1
518,21,2026-06-18,2
519,21,2026-06-24,2
520,21,2026-06-29,1
521,21,2026-07-09,1
522,21,2026-07-14,2
523,21,2026-07-22,2
524,21,2026-07-27,2
525,21,2026-08-07,1
526,22,2026-02-17,3
527,22,2026-02-26,2
528,22,2026-03-02,2
529,22,2026-03-10,3
530,22,2026-03-17,3
531,22,2026-03-24,1
532,22,2026-04-01,3
533,22,2026-04-08,2
534,22,2026-04-13,1
535,22,2026-04-20,1
536,22,2026-04-27,2
537,22,2026-05-07,2
538,22,2026-05-14,2
539,22,2026-05-18,2
540,22,2026-05-29,2
541,22,2026-06-03,3
542,22,2026-06-10,3
543,22,2026-06-16,2
544,22,2026-06-22,2
545,22,2026-07-02,2
546,22,2026-07-07,2
547,22,2026-07-15,2
548,22,2026-07-20,2
549,22,2026-07-29,2
550,22,2026-08-07,2
551,23,2026-02-16,2
552,23,2026-02-27,2
553,23,2026-03-06,2
554,23,2026-03-12,2
555,23,2026-03-16,3
556,23,2026-03-26,2
557,23,2026-04-03,1
558,23,2026-04-06,1
559,23,2026-04-13,3
560,23,2026-04-20,2
561,23,2026-04-27,2
562,23,2026-05-07,2
563,23,2026-05-13,2
564,23,2026-05-18,2
565,23,2026-05-26,2
566,23,2026-06-01,2
567,23,2026-06-11,3
568,23,2026-06-15,2
569,23,2026-06-24,1
570,23,2026-07-03,2
571,23,2026-07-09,2
572,23,2026-07-13,3
573,23,2026-07-20,2
574,23,2026-07-27,2
575,23,2026-08-07,2
576,24,2026-02-18,1
577,24,2026-02-26,1
578,24,2026-03-05,3
579,24,2026-03-09,1
580,24,2026-03-20,2
581,24,2026-03-26,2
582,24,2026-03-31,1
583,24,2026-04-10,2
584,24,2026-04-17,1
585,24,2026-04-20,3
586,24,2026-04-30,1
587,24,2026-05-07,3
588,24,2026-05-14,1
589,24,2026-05-21,1
590,24,2026-05-29,3
591,24,2026-06-05,3
592,24,2026-06-08,1
593,24,2026-06-17,2
594,24,2026-06-22,1
595,24,2026-07-02,3
596,24,2026-07-10,1
597,24,2026-07-15,3
598,24,2026-07-24,2
599,24,2026-07-28,2
600,24,2026-08-03,3
601,25,2026-02-16,2
602,25,2026-02-27,2
603,25,2026-03-02,2
604,25,2026-03-13,2
605,25,2026-03-17,1
606,25,2026-03-27,2
607,25,2026-03-31,3
608,25,2026-04-10,3
609,25,2026-04-15,1
610,25,2026-04-22,2
611,25,2026-04-30,2
612,25,2026-05-07,2
613,25,2026-05-15,1
614,25,2026-05-21,1
615,25,2026-05-26,2
616,25,2026-06-02,2
617,25,2026-06-09,2
618,25,2026-06-15,2
619,25,2026-06-22,2
620,25,2026-06-30,2
621,25,2026-07-08,2
622,25,2026-07-17,2
623,25,2026-07-23,3
624,25,2026-07-31,3
625,25,2026-08-05,1
626,26,2026-02-20,2
627,26,2026-02-27,3
628,26,2026-03-03,2
629,26,2026-03-10,2
630,26,2026-03-19,2
631,26,2026-03-25,2
632,26,2026-04-03,3
633,26,2026-04-08,2
634,26,2026-04-15,2
635,26,2026-04-22,2
636,26,2026-04-27,3
637,26,2026-05-08,2
638,26,2026-05-15,3
639,26,2026-05-19,2
640,26,2026-05-25,2
641,26,2026-06-02,3
642,26,2026-06-12,3
643,26,2026-06-19,2
644,26,2026-06-22,2
645,26,2026-07-02,2
646,26,2026-07-08,3
647,26,2026-07-14,2
648,26,2026-07-21,3
649,26,2026-07-28,3
650,26,2026-08-03,1
651,27,2026-02-17,3
652,27,2026-02-26,3
653,27,2026-03-05,2
654,27,2026-03-13,2
655,27,2026-03-18,1
656,27,2026-03-27,2
657,27,2026-04-03,2
658,27,2026-04-08,3
659,27,2026-04-17,1
660,27,2026-04-22,2
661,27,2026-04-30,2
662,27,2026-05-06,2
663,27,2026-05-12,1
664,27,2026-05-18,3
665,27,2026-05-28,1
666,27,2026-06-01,3
667,27,2026-06-11,2
668,27,2026-06-16,3
669,27,2026-06-22,3
670,27,2026-06-30,1
671,27,2026-07-07,3
672,27,2026-07-16,1
673,27,2026-07-24,3
674,27,2026-07-28,3
675,27,2026-08-04,1
676,28,2026-02-18,2
677,28,2026-02-26,3
678,28,2026-03-03,2
679,28,2026-03-12,2
680,28,2026-03-17,2
681,28,2026-03-23,3
682,28,2026-04-01,2
683,28,2026-04-06,1
684,28,2026-04-13,2
685,28,2026-04-22,2
686,28,2026-04-27,2
687,28,2026-05-08,2
688,28,2026-05-11,1
689,28,2026-05-19,2
690,28,2026-05-27,2
691,28,2026-06-04,2
692,28,2026-06-09,2
693,28,2026-06-19,3
694,28,2026-06-24,2
695,28,2026-06-29,3
696,28,2026-07-06,3
697,28,2026-07-14,1
698,28,2026-07-21,2
699,28,2026-07-29,2
700,28,2026-08-04,2
701,29,2026-02-18,3
702,29,2026-02-24,2
703,29,2026-03-04,2
704,29,2026-03-13,1
705,29,2026-03-17,2
706,29,2026-03-24,2
707,29,2026-03-31,3
708,29,2026-04-06,3
709,29,2026-04-14,2
710,29,2026-04-22,2
711,29,2026-04-27,3
712,29,2026-05-04,3
713,29,2026-05-12,2
714,29,2026-05-21,3
715,29,2026-05-25,3
716,29,2026-06-03,3
717,29,2026-06-09,1
718,29,2026-06-17,3
719,29,2026-06-25,2
720,29,2026-06-30,2
721,29,2026-07-08,1
722,29,2026-07-15,1
723,29,2026-07-21,2
724,29,2026-07-31,2
725,29,2026-08-07,2
726,30,2026-02-16,3
727,30,2026-02-23,2
728,30,2026-03-03,2
729,30,2026-03-10,1
730,30,2026-03-17,3
731,30,2026-03-24,1
732,30,2026-04-03,1
733,30,2026-04-09,3
734,30,2026-04-15,2
735,30,2026-04-22,3
736,30,2026-05-01,2
737,30,2026-05-07,2
738,30,2026-05-12,3
739,30,2026-05-18,3
740,30,2026-05-29,1
741,30,2026-06-05,3
742,30,2026-06-09,3
743,30,2026-06-19,2
744,30,2026-06-24,2
745,30,2026-06-30,2
746,30,2026-07-08,3
747,30,2026-07-14,3
748,30,2026-07-20,3
749,30,2026-07-29,3
750,30,2026-08-04,3
751,31,2026-02-20,3
752,31,2026-02-26,2
753,31,2026-03-03,2
754,31,2026-03-09,1
755,31,2026-03-19,1
756,31,2026-03-27,2
757,31,2026-03-30,2
758,31,2026-04-07,1
759,31,2026-04-17,1
760,31,2026-04-23,2
761,31,2026-05-01,1
762,31,2026-05-06,1
763,31,2026-05-14,2
764,31,2026-05-22,1
765,31,2026-05-28,1
766,31,2026-06-02,1
767,31,2026-06-10,2
768,31,2026-06-17,1
769,31,2026-06-26,1
770,31,2026-07-02,2
771,31,2026-07-09,1
772,31,2026-07-16,1
773,31,2026-07-22,2
774,31,2026-07-31,1
775,31,2026-08-06,2
776,32,2026-02-16,2
777,32,2026-02-24,3
778,32,2026-03-03,3
779,32,2026-03-10,3
780,32,2026-03-19,3
781,32,2026-03-24,3
782,32,2026-04-02,2
783,32,2026-04-07,2
784,32,2026-04-15,3
785,32,2026-04-23,1
786,32,2026-04-30,2
787,32,2026-05-08,2
788,32,2026-05-12,3
789,32,2026-05-20,2
790,32,2026-05-27,2
791,32,2026-06-05,2
792,32,2026-06-08,3
793,32,2026-06-16,2
794,32,2026-06-22,2
795,32,2026-07-01,2
796,32,2026-07-09,2
797,32,2026-07-17,3
798,32,2026-07-22,3
799,32,2026-07-28,2
800,32,2026-08-07,3
801,33,2026-02-19,3
802,33,2026-02-27,2
803,33,2026-03-06,3
804,33,2026-03-11,2
805,33,2026-03-19,3
806,33,2026-03-26,2
807,33,2026-04-02,2
808,33,2026-04-09,3
809,33,2026-04-16,2
810,33,2026-04-22,2
811,33,2026-04-30,2
812,33,2026-05-06,3
813,33,2026-05-13,2
814,33,2026-05-21,1
815,33,2026-05-25,3
816,33,2026-06-02,3
817,33,2026-06-11,3
818,33,2026-06-16,1
819,33,2026-06-24,2
820,33,2026-06-29,3
821,33,2026-07-08,2
822,33,2026-07-13,3
823,33,2026-07-22,1
824,33,2026-07-31,3
825,33,2026-08-07,2
826,34,2026-02-16,2
827,34,2026-02-25,1
828,34,2026-03-03,2
829,34,2026-03-09,2
830,34,2026-03-16,1
831,34,2026-03-23,2
832,34,2026-04-01,2
833,34,2026-04-06,2
834,34,2026-04-17,1
835,34,2026-04-21,2
836,34,2026-04-29,1
837,34,2026-05-05,1
838,34,2026-05-13,2
839,34,2026-05-20,2
840,34,2026-05-27,2
841,34,2026-06-03,1
842,34,2026-06-09,1
843,34,2026-06-19,3
844,34,2026-06-23,2
845,34,2026-07-03,1
846,34,2026-07-08,2
847,34,2026-07-13,1
848,34,2026-07-22,2
849,34,2026-07-29,1
850,34,2026-08-05,1
851,35,2026-02-19,3
852,35,2026-02-27,1
853,35,2026-03-02,3
854,35,2026-03-12,2
855,35,2026-03-20,3
856,35,2026-03-24,1
857,35,2026-04-02,2
858,35,2026-04-07,2
859,35,2026-04-14,2
860,35,2026-04-21,2
861,35,2026-04-30,3
862,35,2026-05-05,2
863,35,2026-05-15,3
864,35,2026-05-22,2
865,35,2026-05-29,2
866,35,2026-06-04,2
867,35,2026-06-11,3
868,35,2026-06-17,1
869,35,2026-06-22,2
870,35,2026-07-01,2
871,35,2026-07-07,2
872,35,2026-07-16,2
873,35,2026-07-23,3
874,35,2026-07-28,2
875,35,2026-08-06,2
876,36,2026-02-20,2
877,36,2026-02-23,3
878,36,2026-03-04,2
879,36,2026-03-10,2
880,36,2026-03-20,3
881,36,2026-03-24,3
882,36,2026-04-01,2
883,36,2026-04-06,2
884,36,2026-04-16,1
885,36,2026-04-22,2
886,36,2026-04-29,2
887,36,2026-05-05,3
888,36,2026-05-14,1
889,36,2026-05-21,1
890,36,2026-05-28,2
891,36,2026-06-05,1
892,36,2026-06-10,1
893,36,2026-06-17,2
894,36,2026-06-26,2
895,36,2026-06-29,2
896,36,2026-07-10,2
897,36,2026-07-13,2
898,36,2026-07-21,1
899,36,2026-07-28,2
900,36,2026-08-05,2
901,37,2026-02-20,1
902,37,2026-02-27,2
903,37,2026-03-06,2
904,37,2026-03-12,2
905,37,2026-03-19,2
906,37,2026-03-24,3
907,37,2026-04-02,2
908,37,2026-04-06,1
909,37,2026-04-17,2
910,37,2026-04-23,2
911,37,2026-04-28,2
912,37,2026-05-07,2
913,37,2026-05-11,1
914,37,2026-05-20,3
915,37,2026-05-29,2
916,37,2026-06-04,2
917,37,2026-06-10,2
918,37,2026-06-15,2
919,37,2026-06-23,2
920,37,2026-06-29,2
921,37,2026-07-10,2
922,37,2026-07-14,2
923,37,2026-07-20,2
924,37,2026-07-31,2
925,37,2026-08-06,2
926,38,2026-02-17,2
927,38,2026-02-24,2
928,38,2026-03-02,1
929,38,2026-03-12,2
930,38,2026-03-18,2
931,38,2026-03-24,3
932,38,2026-03-31,3
933,38,2026-04-08,2
934,38,2026-04-17,2
935,38,2026-04-20,2
936,38,2026-04-30,1
937,38,2026-05-04,1
938,38,2026-05-13,2
939,38,2026-05-22,2
940,38,2026-05-25,2
941,38,2026-06-02,2
942,38,2026-06-10,2
943,38,2026-06-18,1
944,38,2026-06-25,1
945,38,2026-06-30,2
946,38,2026-07-06,1
947,38,2026-07-14,1
948,38,2026-07-24,2
949,38,2026-07-30,1
950,38,2026-08-06,1
951,39,2026-02-19,3
952,39,2026-02-24,2
953,39,2026-03-03,2
954,39,2026-03-10,3
955,39,2026-03-18,3
956,39,2026-03-26,3
957,39,2026-04-02,2
958,39,2026-04-07,2
959,39,2026-04-17,2
960,39,2026-04-24,2
961,39,2026-04-29,1
962,39,2026-05-08,2
963,39,2026-05-12,2
964,39,2026-05-22,2
965,39,2026-05-28,3
966,39,2026-06-03,2
967,39,2026-06-09,2
968,39,2026-06-15,3
969,39,2026-06-23,3
970,39,2026-07-02,3
971,39,2026-07-06,3
972,39,2026-07-16,2
973,39,2026-07-24,3
974,39,2026-07-28,2
975,39,2026-08-07,2
976,40,2026-02-20,1
977,40,2026-02-26,2
978,40,2026-03-05,2
979,40,2026-03-12,1
980,40,2026-03-20,1
981,40,2026-03-23,2
982,40,2026-03-30,2
983,40,2026-04-08,1
984,40,2026-04-16,2
985,40,2026-04-22,1
986,40,2026-04-29,2
987,40,2026-05-07,1
988,40,2026-05-15,2
989,40,2026-05-19,1
990,40,2026-05-28,1
991,40,2026-06-02,2
992,40,2026-06-09,2
993,40,2026-06-19,2
994,40,2026-06-25,1
995,40,2026-07-02,1
996,40,2026-07-09,1
997,40,2026-07-14,1
998,40,2026-07-24,1
999,40,2026-07-27,1
1000,40,2026-08-06,1
1001,41,2026-02-17,2
1002,41,2026-02-24,2
1003,41,2026-03-04,2
1004,41,2026-03-13,3
1005,41,2026-03-18,3
1006,41,2026-03-23,3
1007,41,2026-03-31,2
1008,41,2026-04-09,2
1009,41,2026-04-16,3
1010,41,2026-04-24,2
1011,41,2026-04-27,3
1012,41,2026-05-06,2
1013,41,2026-05-11,2
1014,41,2026-05-18,2
1015,41,2026-05-29,2
1016,41,2026-06-03,2
1017,41,2026-06-11,2
1018,41,2026-06-18,2
1019,41,2026-06-23,2
1020,41,2026-07-01,2
1021,41,2026-07-07,2
1022,41,2026-07-17,2
1023,41,2026-07-20,2
1024,41,2026-07-30,2
1025,41,2026-08-03,2
1026,42,2026-02-19,2
1027,42,2026-02-26,2
1028,42,2026-03-04,2
1029,42,2026-03-12,1
1030,42,2026-03-17,3
1031,42,2026-03-26,1
1032,42,2026-03-30,3
1033,42,2026-04-06,2
1034,42,2026-04-15,2
1035,42,2026-04-20,2
1036,42,2026-04-28,2
1037,42,2026-05-06,2
1038,42,2026-05-14,2
1039,42,2026-05-21,2
1040,42,2026-05-28,3
1041,42,2026-06-01,2
1042,42,2026-06-08,2
1043,42,2026-06-19,2
1044,42,2026-06-23,2
1045,42,2026-07-02,2
1046,42,2026-07-07,2
1047,42,2026-07-16,2
1048,42,2026-07-22,1
1049,42,2026-07-28,2
1050,42,2026-08-04,1
1051,43,2026-02-20,2
1052,43,2026-02-23,2
1053,43,2026-03-03,2
1054,43,2026-03-11,1
1055,43,2026-03-16,2
1056,43,2026-03-27,2
1057,43,2026-04-02,2
1058,43,2026-04-07,2
1059,43,2026-04-13,2
1060,43,2026-04-20,2
1061,43,2026-04-29,2
1062,43,2026-05-05,2
1063,43,2026-05-14,2
1064,43,2026-05-20,1
1065,43,2026-05-26,2
1066,43,2026-06-02,2
1067,43,2026-06-08,2
1068,43,2026-06-19,2
1069,43,2026-06-23,2
1070,43,2026-07-02,2
1071,43,2026-07-06,1
1072,43,2026-07-17,2
1073,43,2026-07-20,2
1074,43,2026-07-30,1
1075,43,2026-08-05,1
1076,44,2026-02-16,2
1077,44,2026-02-27,2
1078,44,2026-03-02,2
1079,44,2026-03-09,2
1080,44,2026-03-19,1
1081,44,2026-03-24,2
1082,44,2026-03-31,1
1083,44,2026-04-08,2
1084,44,2026-04-14,3
1085,44,2026-04-21,3
1086,44,2026-04-27,2
1087,44,2026-05-04,2
1088,44,2026-05-14,2
1089,44,2026-05-18,2
1090,44,2026-05-25,2
1091,44,2026-06-03,3
1092,44,2026-06-09,2
1093,44,2026-06-15,2
1094,44,2026-06-23,2
1095,44,2026-06-29,2
1096,44,2026-07-07,1
1097,44,2026-07-14,3
1098,44,2026-07-20,2
1099,44,2026-07-30,2
1100,44,2026-08-07,2
1101,45,2026-02-18,2
1102,45,2026-02-25,2
1103,45,2026-03-06,2
1104,45,2026-03-10,2
1105,45,2026-03-20,2
1106,45,2026-03-24,3
1107,45,2026-04-03,2
1108,45,2026-04-09,2
1109,45,2026-04-16,2
1110,45,2026-04-20,2
1111,45,2026-04-28,2
1112,45,2026-05-05,3
1113,45,2026-05-11,2
1114,45,2026-05-20,2
1115,45,2026-05-27,3
1116,45,2026-06-02,1
1117,45,2026-06-08,3
1118,45,2026-06-18,3
1119,45,2026-06-24,3
1120,45,2026-06-29,2
1121,45,2026-07-09,1
1122,45,2026-07-14,3
1123,45,2026-07-23,3
1124,45,2026-07-28,3
1125,45,2026-08-03,3
1126,46,2026-02-20,2
1127,46,2026-02-25,2
1128,46,2026-03-02,2
1129,46,2026-03-09,1
1130,46,2026-03-17,3
1131,46,2026-03-26,2
1132,46,2026-04-01,1
1133,46,2026-04-10,2
1134,46,2026-04-16,1
1135,46,2026-04-20,3
1136,46,2026-05-01,2
1137,46,2026-05-08,2
1138,46,2026-05-12,2
1139,46,2026-05-20,2
1140,46,2026-05-25,2
1141,46,2026-06-05,1
1142,46,2026-06-10,3
1143,46,2026-06-18,1
1144,46,2026-06-23,3
1145,46,2026-07-01,2
1146,46,2026-07-07,2
1147,46,2026-07-15,2
1148,46,2026-07-23,1
1149,46,2026-07-27,1
1150,46,2026-08-05,1
1151,47,2026-02-20,2
1152,47,2026-02-27,3
1153,47,2026-03-05,2
1154,47,2026-03-12,2
1155,47,2026-03-20,2
1156,47,2026-03-24,2
1157,47,2026-04-03,3
1158,47,2026-04-10,2
1159,47,2026-04-13,3
1160,47,2026-04-21,2
1161,47,2026-04-27,2
1162,47,2026-05-08,3
1163,47,2026-05-11,2
1164,47,2026-05-20,2
1165,47,2026-05-26,2
1166,47,2026-06-04,3
1167,47,2026-06-09,1
1168,47,2026-06-19,2
1169,47,2026-06-22,3
1170,47,2026-06-29,2
1171,47,2026-07-07,2
1172,47,2026-07-15,2
1173,47,2026-07-23,3
1174,47,2026-07-29,3
1175,47,2026-08-04,2
1176,48,2026-02-19,2
1177,48,2026-02-24,2
1178,48,2026-03-02,2
1179,48,2026-03-10,2
1180,48,2026-03-20,2
1181,48,2026-03-26,3
1182,48,2026-04-01,2
1183,48,2026-04-07,2
1184,48,2026-04-15,3
1185,48,2026-04-22,2
1186,48,2026-04-27,2
1187,48,2026-05-08,3
1188,48,2026-05-14,3
1189,48,2026-05-20,1
1190,48,2026-05-25,2
1191,48,2026-06-02,2
1192,48,2026-06-10,2
1193,48,2026-06-17,2
1194,48,2026-06-23,2
1195,48,2026-06-30,2
1196,48,2026-07-10,3
1197,48,2026-07-13,2
1198,48,2026-07-21,2
1199,48,2026-07-28,2
1200,48,2026-08-07,2
1201,49,2026-02-20,2
1202,49,2026-02-25,3
1203,49,2026-03-03,3
1204,49,2026-03-12,3
1205,49,2026-03-16,3
1206,49,2026-03-23,3
1207,49,2026-04-02,2
1208,49,2026-04-06,2
1209,49,2026-04-14,2
1210,49,2026-04-20,3
1211,49,2026-04-28,2
1212,49,2026-05-05,1
1213,49,2026-05-12,3
1214,49,2026-05-18,2
1215,49,2026-05-26,3
1216,49,2026-06-05,3
1217,49,2026-06-12,2
1218,49,2026-06-16,3
1219,49,2026-06-23,3
1220,49,2026-07-03,2
1221,49,2026-07-06,2
1222,49,2026-07-16,2
1223,49,2026-07-23,2
1224,49,2026-07-29,3
1225,49,2026-08-04,3
1226,50,2026-02-17,1
1227,50,2026-02-26,3
1228,50,2026-03-03,2
1229,50,2026-03-13,2
1230,50,2026-03-17,2
1231,50,2026-03-25,2
1232,50,2026-04-01,2
1233,50,2026-04-10,2
1234,50,2026-04-16,1
1235,50,2026-04-21,2
1236,50,2026-04-29,2
1237,50,2026-05-07,2
1238,50,2026-05-11,3
1239,50,2026-05-20,2
1240,50,2026-05-28,3
1241,50,2026-06-04,1
1242,50,2026-06-09,2
1243,50,2026-06-18,2
1244,50,2026-06-25,2
1245,50,2026-07-02,2
1246,50,2026-07-10,2
1247,50,2026-07-17,2
1248,50,2026-07-23,2
1249,50,2026-07-28,1
1250,50,2026-08-06,3
1251,51,2026-02-19,1
1252,51,2026-02-26,2
1253,51,2026-03-02,2
1254,51,2026-03-11,1
1255,51,2026-03-20,2
1256,51,2026-03-27,2
1257,51,2026-03-31,2
1258,51,2026-04-10,1
1259,51,2026-04-14,3
1260,51,2026-04-22,1
1261,51,2026-04-30,2
1262,51,2026-05-07,2
1263,51,2026-05-13,2
1264,51,2026-05-21,2
1265,51,2026-05-27,2
1266,51,2026-06-04,1
1267,51,2026-06-12,2
1268,51,2026-06-19,2
1269,51,2026-06-25,2
1270,51,2026-06-29,1
1271,51,2026-07-08,1
1272,51,2026-07-14,2
1273,51,2026-07-23,1
1274,51,2026-07-28,1
1275,51,2026-08-04,2
1276,52,2026-02-16,3
1277,52,2026-02-23,1
1278,52,2026-03-06,2
1279,52,2026-03-11,2
1280,52,2026-03-19,2
1281,52,2026-03-26,2
1282,52,2026-04-02,2
1283,52,2026-04-09,2
1284,52,2026-04-15,2
1285,52,2026-04-23,1
1286,52,2026-04-30,2
1287,52,2026-05-06,1
1288,52,2026-05-15,2
1289,52,2026-05-18,2
1290,52,2026-05-28,2
1291,52,2026-06-01,2
1292,52,2026-06-08,1
1293,52,2026-06-18,2
1294,52,2026-06-26,1
1295,52,2026-06-30,3
1296,52,2026-07-07,1
1297,52,2026-07-16,2
1298,52,2026-07-22,2
1299,52,2026-07-29,2
1300,52,2026-08-07,2
1301,53,2026-02-18,3
1302,53,2026-02-23,1
1303,53,2026-03-05,1
1304,53,2026-03-12,3
1305,53,2026-03-17,1
1306,53,2026-03-24,2
1307,53,2026-04-02,1
1308,53,2026-04-06,2
1309,53,2026-04-15,1
1310,53,2026-04-20,2
1311,53,2026-04-28,2
1312,53,2026-05-06,1
1313,53,2026-05-15,2
1314,53,2026-05-21,2
1315,53,2026-05-26,1
1316,53,2026-06-03,2
1317,53,2026-06-09,2
1318,53,2026-06-19,2
1319,53,2026-06-26,2
1320,53,2026-06-30,1
1321,53,2026-07-06,1
1322,53,2026-07-13,2
1323,53,2026-07-20,2
1324,53,2026-07-30,2
1325,53,2026-08-06,2
1326,54,2026-02-16,2
1327,54,2026-02-27,3
1328,54,2026-03-03,1
1329,54,2026-03-12,3
1330,54,2026-03-17,3
1331,54,2026-03-26,2
1332,54,2026-04-01,3
1333,54,2026-04-08,2
1334,54,2026-04-17,2
1335,54,2026-04-24,1
1336,54,2026-04-30,3
1337,54,2026-05-08,3
1338,54,2026-05-13,3
1339,54,2026-05-21,1
1340,54,2026-05-25,2
1341,54,2026-06-01,3
1342,54,2026-06-12,3
1343,54,2026-06-17,3
1344,54,2026-06-23,3
1345,54,2026-07-01,2
1346,54,2026-07-07,3
1347,54,2026-07-16,3
1348,54,2026-07-22,1
1349,54,2026-07-27,2
1350,54,2026-08-04,3
1351,55,2026-02-16,2
1352,55,2026-02-23,2
1353,55,2026-03-02,2
1354,55,2026-03-12,3
1355,55,2026-03-20,1
1356,55,2026-03-26,2
1357,55,2026-04-01,2
1358,55,2026-04-09,3
1359,55,2026-04-14,2
1360,55,2026-04-21,2
1361,55,2026-04-29,2
1362,55,2026-05-05,2
1363,55,2026-05-12,3
1364,55,2026-05-19,3
1365,55,2026-05-28,2
1366,55,2026-06-02,2
1367,55,2026-06-12,2
1368,55,2026-06-15,2
1369,55,2026-06-25,2
1370,55,2026-07-03,1
1371,55,2026-07-07,3
1372,55,2026-07-14,2
1373,55,2026-07-21,3
1374,55,2026-07-27,2
1375,55,2026-08-04,3
1376,56,2026-02-18,3
1377,56,2026-02-26,1
1378,56,2026-03-05,2
1379,56,2026-03-13,2
1380,56,2026-03-16,2
1381,56,2026-03-24,2
1382,56,2026-03-30,1
1383,56,2026-04-08,2
1384,56,2026-04-13,3
1385,56,2026-04-23,3
1386,56,2026-04-27,2
1387,56,2026-05-06,1
1388,56,2026-05-11,2
1389,56,2026-05-20,3
1390,56,2026-05-25,2
1391,56,2026-06-05,2
1392,56,2026-06-09,3
1393,56,2026-06-18,3
1394,56,2026-06-25,3
1395,56,2026-06-29,2
1396,56,2026-07-06,3
1397,56,2026-07-13,3
1398,56,2026-07-22,3
1399,56,2026-07-27,2
1400,56,2026-08-07,2
1401,57,2026-02-16,2
1402,57,2026-02-24,2
1403,57,2026-03-06,3
1404,57,2026-03-09,3
1405,57,2026-03-19,2
1406,57,2026-03-27,3
1407,57,2026-04-03,2
1408,57,2026-04-08,2
1409,57,2026-04-16,3
1410,57,2026-04-23,3
1411,57,2026-04-29,3
1412,57,2026-05-08,3
1413,57,2026-05-14,1
1414,57,2026-05-20,2
1415,57,2026-05-27,2
1416,57,2026-06-03,2
1417,57,2026-06-10,2
1418,57,2026-06-16,2
1419,57,2026-06-24,2
1420,57,2026-07-02,1
1421,57,2026-07-09,2
1422,57,2026-07-17,3
1423,57,2026-07-20,2
1424,57,2026-07-29,2
1425,57,2026-08-05,3
1426,58,2026-02-16,2
1427,58,2026-02-26,3
1428,58,2026-03-05,2
1429,58,2026-03-10,2
1430,58,2026-03-16,2
1431,58,2026-03-27,2
1432,58,2026-03-30,2
1433,58,2026-04-10,2
1434,58,2026-04-15,2
1435,58,2026-04-21,1
1436,58,2026-04-29,2
1437,58,2026-05-07,2
1438,58,2026-05-15,2
1439,58,2026-05-21,1
1440,58,2026-05-29,2
1441,58,2026-06-04,2
1442,58,2026-06-09,2
1443,58,2026-06-15,1
1444,58,2026-06-24,1
1445,58,2026-06-29,2
1446,58,2026-07-08,1
1447,58,2026-07-13,2
1448,58,2026-07-22,2
1449,58,2026-07-30,2
1450,58,2026-08-04,2
1451,59,2026-02-19,3
1452,59,2026-02-26,2
1453,59,2026-03-06,1
1454,59,2026-03-09,1
1455,59,2026-03-18,3
1456,59,2026-03-26,3
1457,59,2026-04-02,1
1458,59,2026-04-06,3
1459,59,2026-04-16,2
1460,59,2026-04-22,2
1461,59,2026-05-01,3
1462,59,2026-05-05,2
1463,59,2026-05-12,3
1464,59,2026-05-22,2
1465,59,2026-05-29,3
1466,59,2026-06-05,2
1467,59,2026-06-08,2
1468,59,2026-06-16,3
1469,59,2026-06-25,3
1470,59,2026-06-29,2
1471,59,2026-07-08,3
1472,59,2026-07-17,2
1473,59,2026-07-23,3
1474,59,2026-07-28,2
1475,59,2026-08-06,2
1476,60,2026-02-19,2
1477,60,2026-02-27,2
1478,60,2026-03-03,1
1479,60,2026-03-10,2
1480,60,2026-03-17,2
1481,60,2026-03-24,2
1482,60,2026-03-30,2
1483,60,2026-04-06,2
1484,60,2026-04-16,3
1485,60,2026-04-20,2
1486,60,2026-04-28,3
1487,60,2026-05-06,2
1488,60,2026-05-14,1
1489,60,2026-05-20,1
1490,60,2026-05-26,2
1491,60,2026-06-03,2
1492,60,2026-06-11,2
1493,60,2026-06-15,2
1494,60,2026-06-23,2
1495,60,2026-07-03,2
1496,60,2026-07-09,2
1497,60,2026-07-13,2
1498,60,2026-07-22,1
1499,60,2026-07-28,3
1500,60,2026-08-07,2
1501,61,2026-02-16,1
1502,61,2026-02-25,3
1503,61,2026-03-05,3
1504,61,2026-03-12,2
1505,61,2026-03-20,3
1506,61,2026-03-26,1
1507,61,2026-03-31,2
1508,61,2026-04-07,1
1509,61,2026-04-15,2
1510,61,2026-04-20,3
1511,61,2026-04-29,2
1512,61,2026-05-04,2
1513,61,2026-05-11,3
1514,61,2026-05-18,1
1515,61,2026-05-27,3
1516,61,2026-06-05,3
1517,61,2026-06-09,3
1518,61,2026-06-15,2
1519,61,2026-06-26,2
1520,61,2026-07-01,2
1521,61,2026-07-07,3
1522,61,2026-07-15,3
1523,61,2026-07-23,3
1524,61,2026-07-31,2
1525,61,2026-08-03,1
1526,62,2026-02-16,2
1527,62,2026-02-27,2
1528,62,2026-03-06,2
1529,62,2026-03-10,2
1530,62,2026-03-19,2
1531,62,2026-03-26,2
1532,62,2026-04-01,2
1533,62,2026-04-08,1
1534,62,2026-04-14,2
1535,62,2026-04-24,3
1536,62,2026-05-01,1
1537,62,2026-05-08,2
1538,62,2026-05-12,2
1539,62,2026-05-18,1
1540,62,2026-05-28,2
1541,62,2026-06-01,3
1542,62,2026-06-12,2
1543,62,2026-06-18,2
1544,62,2026-06-24,1
1545,62,2026-06-30,3
1546,62,2026-07-08,1
1547,62,2026-07-14,3
1548,62,2026-07-23,2
1549,62,2026-07-30,2
1550,62,2026-08-04,1
1551,63,2026-02-18,2
1552,63,2026-02-24,1
1553,63,2026-03-02,2
1554,63,2026-03-13,2
1555,63,2026-03-18,1
1556,63,2026-03-25,2
1557,63,2026-04-03,2
1558,63,2026-04-06,2
1559,63,2026-04-15,2
1560,63,2026-04-24,3
1561,63,2026-04-30,2
1562,63,2026-05-05,2
1563,63,2026-05-14,2
1564,63,2026-05-20,2
1565,63,2026-05-28,2
1566,63,2026-06-01,2
1567,63,2026-06-10,3
1568,63,2026-06-16,1
1569,63,2026-06-23,2
1570,63,2026-06-30,2
1571,63,2026-07-06,2
1572,63,2026-07-14,1
1573,63,2026-07-23,2
1574,63,2026-07-30,3
1575,63,2026-08-05,2
1576,64,2026-02-16,3
1577,64,2026-02-27,2
1578,64,2026-03-05,2
1579,64,2026-03-11,1
1580,64,2026-03-19,3
1581,64,2026-03-26,1
1582,64,2026-04-01,2
1583,64,2026-04-09,2
1584,64,2026-04-16,1
1585,64,2026-04-20,2
1586,64,2026-05-01,3
1587,64,2026-05-06,3
1588,64,2026-05-13,1
1589,64,2026-05-19,1
1590,64,2026-05-29,3
1591,64,2026-06-04,3
1592,64,2026-06-08,2
1593,64,2026-06-16,2
1594,64,2026-06-24,3
1595,64,2026-07-03,2
1596,64,2026-07-06,2
1597,64,2026-07-15,2
1598,64,2026-07-23,3
1599,64,2026-07-28,1
1600,64,2026-08-07,3
1601,65,2026-02-19,3
1602,65,2026-02-26,3
1603,65,2026-03-04,3
1604,65,2026-03-10,3
1605,65,2026-03-17,2
1606,65,2026-03-24,3
1607,65,2026-03-31,3
1608,65,2026-04-06,2
1609,65,2026-04-15,2
1610,65,2026-04-24,3
1611,65,2026-04-27,3
1612,65,2026-05-05,2
1613,65,2026-05-14,2
1614,65,2026-05-21,1
1615,65,2026-05-26,3
1616,65,2026-06-01,3
1617,65,2026-06-08,2
1618,65,2026-06-17,3
1619,65,2026-06-25,2
1620,65,2026-06-30,2
1621,65,2026-07-06,3
1622,65,2026-07-13,3
1623,65,2026-07-24,2
1624,65,2026-07-29,3
1625,65,2026-08-07,3
1626,66,2026-02-17,2
1627,66,2026-02-26,1
1628,66,2026-03-03,2
1629,66,2026-03-09,2
1630,66,2026-03-16,1
1631,66,2026-03-24,2
1632,66,2026-04-02,1
1633,66,2026-04-09,2
1634,66,2026-04-15,2
1635,66,2026-04-24,2
1636,66,2026-04-28,2
1637,66,2026-05-07,3
1638,66,2026-05-11,1
1639,66,2026-05-21,1
1640,66,2026-05-28,1
1641,66,2026-06-03,2
1642,66,2026-06-11,2
1643,66,2026-06-17,1
1644,66,2026-06-22,3
1645,66,2026-06-29,1
1646,66,2026-07-06,1
1647,66,2026-07-13,3
1648,66,2026-07-20,1
1649,66,2026-07-30,2
1650,66,2026-08-07,1
1651,67,2026-02-16,2
1652,67,2026-02-27,2
1653,67,2026-03-06,2
1654,67,2026-03-13,1
1655,67,2026-03-19,2
1656,67,2026-03-25,3
1657,67,2026-03-30,2
1658,67,2026-04-10,2
1659,67,2026-04-14,1
1660,67,2026-04-23,2
1661,67,2026-04-30,2
1662,67,2026-05-07,2
1663,67,2026-05-13,2
1664,67,2026-05-22,2
1665,67,2026-05-26,2
1666,67,2026-06-01,2
1667,67,2026-06-10,2
1668,67,2026-06-15,2
1669,67,2026-06-26,2
1670,67,2026-06-30,2
1671,67,2026-07-09,2
1672,67,2026-07-13,2
1673,67,2026-07-23,2
1674,67,2026-07-31,2
1675,67,2026-08-07,2
1676,68,2026-02-19,2
1677,68,2026-02-23,1
1678,68,2026-03-06,2
1679,68,2026-03-13,2
1680,68,2026-03-20,1
1681,68,2026-03-23,3
1682,68,2026-03-31,3
1683,68,2026-04-06,1
1684,68,2026-04-14,1
1685,68,2026-04-24,2
1686,68,2026-04-28,3
1687,68,2026-05-04,3
1688,68,2026-05-15,1
1689,68,2026-05-21,1
1690,68,2026-05-27,3
1691,68,2026-06-01,2
1692,68,2026-06-08,2
1693,68,2026-06-16,3
1694,68,2026-06-26,3
1695,68,2026-06-30,2
1696,68,2026-07-07,1
1697,68,2026-07-13,3
1698,68,2026-07-24,2
1699,68,2026-07-29,1
1700,68,2026-08-03,3
1701,69,2026-02-16,3
1702,69,2026-02-27,1
1703,69,2026-03-04,1
1704,69,2026-03-11,1
1705,69,2026-03-20,1
1706,69,2026-03-24,1
1707,69,2026-04-02,3
1708,69,2026-04-06,2
1709,69,2026-04-14,3
1710,69,2026-04-22,1
1711,69,2026-04-27,3
1712,69,2026-05-08,1
1713,69,2026-05-13,3
1714,69,2026-05-22,1
1715,69,2026-05-28,3
1716,69,2026-06-02,3
1717,69,2026-06-12,3
1718,69,2026-06-18,1
1719,69,2026-06-24,3
1720,69,2026-07-03,1
1721,69,2026-07-08,3
1722,69,2026-07-17,1
1723,69,2026-07-24,1
1724,69,2026-07-31,3
1725,69,2026-08-04,3
1726,70,2026-02-16,1
1727,70,2026-02-24,3
1728,70,2026-03-02,2
1729,70,2026-03-10,2
1730,70,2026-03-17,2
1731,70,2026-03-25,2
1732,70,2026-03-31,2
1733,70,2026-04-07,2
1734,70,2026-04-17,2
1735,70,2026-04-24,1
1736,70,2026-04-28,2
1737,70,2026-05-08,2
1738,70,2026-05-13,2
1739,70,2026-05-20,2
1740,70,2026-05-26,2
1741,70,2026-06-05,3
1742,70,2026-06-11,2
1743,70,2026-06-15,2
1744,70,2026-06-26,2
1745,70,2026-07-01,2
1746,70,2026-07-08,3
1747,70,2026-07-16,2
1748,70,2026-07-21,2
1749,70,2026-07-30,1
1750,70,2026-08-06,1
1751,71,2026-02-18,2
1752,71,2026-02-26,2
1753,71,2026-03-03,3
1754,71,2026-03-13,2
1755,71,2026-03-17,2
1756,71,2026-03-23,2
1757,71,2026-04-01,3
1758,71,2026-04-07,1
1759,71,2026-04-15,2
1760,71,2026-04-24,2
1761,71,2026-05-01,3
1762,71,2026-05-08,3
1763,71,2026-05-12,2
1764,71,2026-05-21,1
1765,71,2026-05-26,3
1766,71,2026-06-03,2
1767,71,2026-06-11,2
1768,71,2026-06-18,2
1769,71,2026-06-22,2
1770,71,2026-07-03,1
1771,71,2026-07-07,3
1772,71,2026-07-13,2
1773,71,2026-07-22,2
1774,71,2026-07-27,2
1775,71,2026-08-07,1
1776,72,2026-02-20,2
1777,72,2026-02-26,2
1778,72,2026-03-02,2
1779,72,2026-03-11,2
1780,72,2026-03-16,2
1781,72,2026-03-25,3
1782,72,2026-04-01,1
1783,72,2026-04-08,2
1784,72,2026-04-14,2
1785,72,2026-04-21,2
1786,72,2026-04-29,3
1787,72,2026-05-04,2
1788,72,2026-05-11,3
1789,72,2026-05-21,3
1790,72,2026-05-26,1
1791,72,2026-06-04,3
1792,72,2026-06-08,3
1793,72,2026-06-15,1
1794,72,2026-06-23,1
1795,72,2026-07-03,2
1796,72,2026-07-08,3
1797,72,2026-07-17,2
1798,72,2026-07-23,2
1799,72,2026-07-27,3
1800,72,2026-08-07,3
1801,73,2026-02-20,1
1802,73,2026-02-25,3
1803,73,2026-03-06,3
1804,73,2026-03-11,2
1805,73,2026-03-20,1
1806,73,2026-03-23,2
1807,73,2026-03-30,1
1808,73,2026-04-07,2
1809,73,2026-04-15,1
1810,73,2026-04-23,2
1811,73,2026-04-28,2
1812,73,2026-05-06,3
1813,73,2026-05-15,2
1814,73,2026-05-22,2
1815,73,2026-05-29,2
1816,73,2026-06-04,3
1817,73,2026-06-11,3
1818,73,2026-06-19,2
1819,73,2026-06-23,1
1820,73,2026-07-01,3
1821,73,2026-07-06,2
1822,73,2026-07-17,2
1823,73,2026-07-21,2
1824,73,2026-07-28,3
1825,73,2026-08-04,1
1826,74,2026-02-20,1
1827,74,2026-02-25,2
1828,74,2026-03-02,2
1829,74,2026-03-11,2
1830,74,2026-03-17,2
1831,74,2026-03-27,3
1832,74,2026-04-02,3
1833,74,2026-04-09,3
1834,74,2026-04-14,1
1835,74,2026-04-23,1
1836,74,2026-04-29,2
1837,74,2026-05-07,2
1838,74,2026-05-15,2
1839,74,2026-05-20,3
1840,74,2026-05-27,2
1841,74,2026-06-04,2
1842,74,2026-06-12,2
1843,74,2026-06-16,2
1844,74,2026-06-24,2
1845,74,2026-06-29,2
1846,74,2026-07-08,2
1847,74,2026-07-16,1
1848,74,2026-07-22,2
1849,74,2026-07-27,2
1850,74,2026-08-03,1
1851,75,2026-02-17,2
1852,75,2026-02-23,2
1853,75,2026-03-03,1
1854,75,2026-03-13,3
1855,75,2026-03-16,2
1856,75,2026-03-23,2
1857,75,2026-04-01,2
1858,75,2026-04-10,2
1859,75,2026-04-16,2
1860,75,2026-04-20,2
1861,75,2026-04-30,1
1862,75,2026-05-08,2
1863,75,2026-05-12,2
1864,75,2026-05-21,2
1865,75,2026-05-28,2
1866,75,2026-06-05,2
1867,75,2026-06-12,2
1868,75,2026-06-15,3
1869,75,2026-06-25,2
1870,75,2026-06-29,2
1871,75,2026-07-10,2
1872,75,2026-07-14,2
1873,75,2026-07-20,2
1874,75,2026-07-30,2
1875,75,2026-08-07,2
1876,76,2026-02-17,2
1877,76,2026-02-27,2
1878,76,2026-03-06,3
1879,76,2026-03-09,2
1880,76,2026-03-20,2
1881,76,2026-03-26,2
1882,76,2026-03-31,1
1883,76,2026-04-10,2
1884,76,2026-04-14,2
1885,76,2026-04-21,1
1886,76,2026-04-27,1
1887,76,2026-05-06,1
1888,76,2026-05-12,2
1889,76,2026-05-22,2
1890,76,2026-05-27,1
1891,76,2026-06-01,2
1892,76,2026-06-11,2
1893,76,2026-06-18,2
1894,76,2026-06-25,2
1895,76,2026-06-30,1
1896,76,2026-07-08,1
1897,76,2026-07-13,2
1898,76,2026-07-22,1
1899,76,2026-07-28,2
1900,76,2026-08-07,2
1901,77,2026-02-18,1
1902,77,2026-02-25,3
1903,77,2026-03-05,2
1904,77,2026-03-11,3
1905,77,2026-03-18,3
1906,77,2026-03-24,1
1907,77,2026-03-30,3
1908,77,2026-04-10,3
1909,77,2026-04-16,2
1910,77,2026-04-21,1
1911,77,2026-04-29,2
1912,77,2026-05-08,2
1913,77,2026-05-11,2
1914,77,2026-05-21,3
1915,77,2026-05-29,3
1916,77,2026-06-04,3
1917,77,2026-06-08,2
1918,77,2026-06-17,2
1919,77,2026-06-22,2
1920,77,2026-07-03,2
1921,77,2026-07-09,3
1922,77,2026-07-15,2
1923,77,2026-07-22,3
1924,77,2026-07-29,2
1925,77,2026-08-03,2
1926,78,2026-02-18,2
1927,78,2026-02-24,2
1928,78,2026-03-05,2
1929,78,2026-03-11,2
1930,78,2026-03-16,2
1931,78,2026-03-23,3
1932,78,2026-04-02,2
1933,78,2026-04-09,2
1934,78,2026-04-14,2
1935,78,2026-04-20,2
1936,78,2026-05-01,2
1937,78,2026-05-08,2
1938,78,2026-05-12,2
1939,78,2026-05-21,2
1940,78,2026-05-25,2
1941,78,2026-06-04,2
1942,78,2026-06-08,2
1943,78,2026-06-16,2
1944,78,2026-06-24,2
1945,78,2026-06-30,2
1946,78,2026-07-09,2
1947,78,2026-07-16,2
1948,78,2026-07-22,3
1949,78,2026-07-29,2
1950,78,2026-08-05,2
1951,79,2026-02-17,1
1952,79,2026-02-27,2
1953,79,2026-03-04,1
1954,79,2026-03-09,2
1955,79,2026-03-19,1
1956,79,2026-03-26,1
1957,79,2026-03-31,1
1958,79,2026-04-07,2
1959,79,2026-04-15,2
1960,79,2026-04-23,1
1961,79,2026-04-27,3
1962,79,2026-05-06,2
1963,79,2026-05-12,2
1964,79,2026-05-18,2
1965,79,2026-05-26,2
1966,79,2026-06-03,1
1967,79,2026-06-08,2
1968,79,2026-06-16,2
1969,79,2026-06-25,2
1970,79,2026-07-02,2
1971,79,2026-07-08,2
1972,79,2026-07-13,2
1973,79,2026-07-21,3
1974,79,2026-07-28,2
1975,79,2026-08-06,1
1976,80,2026-02-16,2
1977,80,2026-02-26,2
1978,80,2026-03-05,3
1979,80,2026-03-13,3
1980,80,2026-03-19,2
1981,80,2026-03-24,1
1982,80,2026-04-01,2
1983,80,2026-04-09,2
1984,80,2026-04-17,2
1985,80,2026-04-23,2
1986,80,2026-04-28,2
1987,80,2026-05-04,2
1988,80,2026-05-11,2
1989,80,2026-05-18,1
1990,80,2026-05-26,2
1991,80,2026-06-02,1
1992,80,2026-06-10,3
1993,80,2026-06-19,2
1994,80,2026-06-22,2
1995,80,2026-06-30,2
1996,80,2026-07-06,2
1997,80,2026-07-15,3
1998,80,2026-07-23,2
1999,80,2026-07-31,1
2000,80,2026-08-03,3
2001,81,2026-02-19,1
2002,81,2026-02-25,3
2003,81,2026-03-04,3
2004,81,2026-03-12,3
2005,81,2026-03-16,2
2006,81,2026-03-26,3
2007,81,2026-03-31,3
2008,81,2026-04-10,3
2009,81,2026-04-14,2
2010,81,2026-04-24,2
2011,81,2026-04-28,2
2012,81,2026-05-05,2
2013,81,2026-05-13,2
2014,81,2026-05-18,1
2015,81,2026-05-27,2
2016,81,2026-06-02,2
2017,81,2026-06-11,2
2018,81,2026-06-16,2
2019,81,2026-06-25,1
2020,81,2026-06-29,2
2021,81,2026-07-10,1
2022,81,2026-07-17,2
2023,81,2026-07-21,3
2024,81,2026-07-28,3
2025,81,2026-08-07,2
2026,82,2026-02-17,2
2027,82,2026-02-23,2
2028,82,2026-03-03,2
2029,82,2026-03-12,2
2030,82,2026-03-16,2
2031,82,2026-03-25,3
2032,82,2026-03-31,2
2033,82,2026-04-07,2
2034,82,2026-04-16,2
2035,82,2026-04-20,2
2036,82,2026-05-01,2
2037,82,2026-05-05,3
2038,82,2026-05-11,3
2039,82,2026-05-18,2
2040,82,2026-05-28,2
2041,82,2026-06-04,2
2042,82,2026-06-12,2
2043,82,2026-06-17,3
2044,82,2026-06-23,1
2045,82,2026-06-30,2
2046,82,2026-07-08,3
2047,82,2026-07-16,2
2048,82,2026-07-23,2
2049,82,2026-07-27,2
2050,82,2026-08-07,3
2051,83,2026-02-16,2
2052,83,2026-02-25,2
2053,83,2026-03-02,2
2054,83,2026-03-11,3
2055,83,2026-03-18,1
2056,83,2026-03-25,1
2057,83,2026-04-01,1
2058,83,2026-04-09,2
2059,83,2026-04-14,1
2060,83,2026-04-22,2
2061,83,2026-04-27,1
2062,83,2026-05-05,3
2063,83,2026-05-11,2
2064,83,2026-05-18,1
2065,83,2026-05-25,2
2066,83,2026-06-03,2
2067,83,2026-06-09,2
2068,83,2026-06-17,2
2069,83,2026-06-25,2
2070,83,2026-07-01,1
2071,83,2026-07-10,1
2072,83,2026-07-13,1
2073,83,2026-07-23,2
2074,83,2026-07-28,1
2075,83,2026-08-05,1
2076,84,2026-02-18,2
2077,84,2026-02-25,2
2078,84,2026-03-04,2
2079,84,2026-03-09,3
2080,84,2026-03-16,3
2081,84,2026-03-23,3
2082,84,2026-04-03,2
2083,84,2026-04-07,3
2084,84,2026-04-15,2
2085,84,2026-04-22,2
2086,84,2026-04-29,2
2087,84,2026-05-08,3
2088,84,2026-05-15,3
2089,84,2026-05-22,2
2090,84,2026-05-27,2
2091,84,2026-06-02,2
2092,84,2026-06-10,2
2093,84,2026-06-16,3
2094,84,2026-06-26,3
2095,84,2026-07-02,3
2096,84,2026-07-06,2
2097,84,2026-07-13,3
2098,84,2026-07-21,3
2099,84,2026-07-31,2
2100,84,2026-08-03,2
2101,85,2026-02-20,2
2102,85,2026-02-24,2
2103,85,2026-03-03,3
2104,85,2026-03-12,2
2105,85,2026-03-16,3
2106,85,2026-03-23,2
2107,85,2026-04-03,2
2108,85,2026-04-10,2
2109,85,2026-04-15,3
2110,85,2026-04-22,2
2111,85,2026-04-30,2
2112,85,2026-05-05,2
2113,85,2026-05-15,2
2114,85,2026-05-19,3
2115,85,2026-05-25,2
2116,85,2026-06-02,2
2117,85,2026-06-09,2
2118,85,2026-06-18,2
2119,85,2026-06-26,2
2120,85,2026-07-01,2
2121,85,2026-07-10,2
2122,85,2026-07-15,2
2123,85,2026-07-22,2
2124,85,2026-07-30,2
2125,85,2026-08-03,3
2126,86,2026-02-16,1
2127,86,2026-02-26,2
2128,86,2026-03-05,2
2129,86,2026-03-13,1
2130,86,2026-03-20,2
2131,86,2026-03-23,3
2132,86,2026-03-31,3
2133,86,2026-04-10,1
2134,86,2026-04-15,3
2135,86,2026-04-21,1
2136,86,2026-04-29,2
2137,86,2026-05-04,3
2138,86,2026-05-15,2
2139,86,2026-05-18,3
2140,86,2026-05-26,2
2141,86,2026-06-04,2
2142,86,2026-06-11,2
2143,86,2026-06-19,2
2144,86,2026-06-26,1
2145,86,2026-06-29,2
2146,86,2026-07-07,2
2147,86,2026-07-16,2
2148,86,2026-07-24,2
2149,86,2026-07-30,3
2150,86,2026-08-07,1
2151,87,2026-02-19,2
2152,87,2026-02-27,2
2153,87,2026-03-04,2
2154,87,2026-03-10,2
2155,87,2026-03-17,2
2156,87,2026-03-23,1
2157,87,2026-03-31,2
2158,87,2026-04-10,2
2159,87,2026-04-14,3
2160,87,2026-04-24,2
2161,87,2026-04-27,2
2162,87,2026-05-08,2
2163,87,2026-05-14,2
2164,87,2026-05-22,2
2165,87,2026-05-29,1
2166,87,2026-06-03,2
2167,87,2026-06-10,2
2168,87,2026-06-16,2
2169,87,2026-06-24,1
2170,87,2026-07-01,2
2171,87,2026-07-10,2
2172,87,2026-07-13,2
2173,87,2026-07-21,2
2174,87,2026-07-28,2
2175,87,2026-08-03,2
2176,88,2026-02-17,2
2177,88,2026-02-25,2
2178,88,2026-03-02,2
2179,88,2026-03-10,2
2180,88,2026-03-18,2
2181,88,2026-03-24,2
2182,88,2026-04-01,2
2183,88,2026-04-06,2
2184,88,2026-04-14,2
2185,88,2026-04-21,2
2186,88,2026-05-01,2
2187,88,2026-05-04,2
2188,88,2026-05-11,2
2189,88,2026-05-20,2
2190,88,2026-05-29,2
2191,88,2026-06-03,2
2192,88,2026-06-10,2
2193,88,2026-06-15,2
2194,88,2026-06-26,2
2195,88,2026-07-01,2
2196,88,2026-07-07,2
2197,88,2026-07-16,2
2198,88,2026-07-24,2
2199,88,2026-07-29,2
2200,88,2026-08-05,2
2201,89,2026-02-16,1
2202,89,2026-02-25,3
2203,89,2026-03-03,2
2204,89,2026-03-11,2
2205,89,2026-03-17,3
2206,89,2026-03-25,3
2207,89,2026-03-30,1
2208,89,2026-04-10,1
2209,89,2026-04-17,2
2210,89,2026-04-20,3
2211,89,2026-04-30,2
2212,89,2026-05-06,3
2213,89,2026-05-15,2
2214,89,2026-05-22,1
2215,89,2026-05-26,2
2216,89,2026-06-04,3
2217,89,2026-06-09,1
2218,89,2026-06-17,3
2219,89,2026-06-24,1
2220,89,2026-06-30,3
2221,89,2026-07-10,2
2222,89,2026-07-16,2
2223,89,2026-07-21,3
2224,89,2026-07-30,1
2225,89,2026-08-04,2
2226,90,2026-02-18,2
2227,90,2026-02-24,2
2228,90,2026-03-05,2
2229,90,2026-03-09,2
2230,90,2026-03-19,1
2231,90,2026-03-24,2
2232,90,2026-04-02,2
2233,90,2026-04-07,2
2234,90,2026-04-14,3
2235,90,2026-04-21,3
2236,90,2026-05-01,2
2237,90,2026-05-07,2
2238,90,2026-05-12,3
2239,90,2026-05-20,1
2240,90,2026-05-25,2
2241,90,2026-06-03,2
2242,90,2026-06-09,2
2243,90,2026-06-16,2
2244,90,2026-06-25,1
2245,90,2026-07-03,1
2246,90,2026-07-07,2
2247,90,2026-07-13,2
2248,90,2026-07-21,1
2249,90,2026-07-27,2
2250,90,2026-08-06,1
2251,91,2026-02-19,3
2252,91,2026-02-26,3
2253,91,2026-03-02,2
2254,91,2026-03-13,2
2255,91,2026-03-17,3
2256,91,2026-03-23,2
2257,91,2026-04-03,3
2258,91,2026-04-06,3
2259,91,2026-04-16,3
2260,91,2026-04-23,2
2261,91,2026-04-27,3
2262,91,2026-05-04,2
2263,91,2026-05-11,1
2264,91,2026-05-18,1
2265,91,2026-05-26,3
2266,91,2026-06-02,2
2267,91,2026-06-08,3
2268,91,2026-06-17,2
2269,91,2026-06-23,2
2270,91,2026-07-03,3
2271,91,2026-07-06,3
2272,91,2026-07-13,2
2273,91,2026-07-20,2
2274,91,2026-07-31,3
2275,91,2026-08-05,2
2276,92,2026-02-17,2
2277,92,2026-02-24,1
2278,92,2026-03-05,3
2279,92,2026-03-13,1
2280,92,2026-03-19,1
2281,92,2026-03-24,1
2282,92,2026-04-01,1
2283,92,2026-04-08,2
2284,92,2026-04-16,2
2285,92,2026-04-21,2
2286,92,2026-04-28,3
2287,92,2026-05-04,1
2288,92,2026-05-15,1
2289,92,2026-05-20,2
2290,92,2026-05-29,2
2291,92,2026-06-01,1
2292,92,2026-06-08,2
2293,92,2026-06-15,1
2294,92,2026-06-22,3
2295,92,2026-07-03,3
2296,92,2026-07-08,2
2297,92,2026-07-13,2
2298,92,2026-07-24,1
2299,92,2026-07-30,2
2300,92,2026-08-04,1
2301,93,2026-02-17,3
2302,93,2026-02-23,2
2303,93,2026-03-03,2
2304,93,2026-03-12,3
2305,93,2026-03-19,3
2306,93,2026-03-24,3
2307,93,2026-04-01,2
2308,93,2026-04-08,2
2309,93,2026-04-14,2
2310,93,2026-04-23,2
2311,93,2026-04-27,3
2312,93,2026-05-07,1
2313,93,2026-05-12,2
2314,93,2026-05-18,3
2315,93,2026-05-26,3
2316,93,2026-06-01,3
2317,93,2026-06-10,2
2318,93,2026-06-17,3
2319,93,2026-06-22,2
2320,93,2026-07-03,2
2321,93,2026-07-08,2
2322,93,2026-07-13,2
2323,93,2026-07-22,2
2324,93,2026-07-27,2
2325,93,2026-08-03,2
2326,94,2026-02-17,3
2327,94,2026-02-24,2
2328,94,2026-03-05,3
2329,94,2026-03-13,2
2330,94,2026-03-18,2
2331,94,2026-03-27,3
2332,94,2026-03-31,3
2333,94,2026-04-09,1
2334,94,2026-04-14,3
2335,94,2026-04-22,3
2336,94,2026-05-01,2
2337,94,2026-05-06,2
2338,94,2026-05-13,3
2339,94,2026-05-18,3
2340,94,2026-05-27,2
2341,94,2026-06-04,3
2342,94,2026-06-10,3
2343,94,2026-06-17,1
2344,94,2026-06-22,3
2345,94,2026-06-29,2
2346,94,2026-07-07,3
2347,94,2026-07-14,3
2348,94,2026-07-22,3
2349,94,2026-07-28,3
2350,94,2026-08-06,2
2351,95,2026-02-19,1
2352,95,2026-02-23,2
2353,95,2026-03-02,1
2354,95,2026-03-13,1
2355,95,2026-03-19,1
2356,95,2026-03-25,2
2357,95,2026-03-31,1
2358,95,2026-04-06,1
2359,95,2026-04-15,1
2360,95,2026-04-21,1
2361,95,2026-04-28,2
2362,95,2026-05-07,2
2363,95,2026-05-13,2
2364,95,2026-05-20,2
2365,95,2026-05-28,2
2366,95,2026-06-04,1
2367,95,2026-06-11,2
2368,95,2026-06-18,2
2369,95,2026-06-26,2
2370,95,2026-07-01,3
2371,95,2026-07-07,2
2372,95,2026-07-14,1
2373,95,2026-07-23,2
2374,95,2026-07-30,1
2375,95,2026-08-07,2
2376,96,2026-02-20,2
2377,96,2026-02-27,2
2378,96,2026-03-05,2
2379,96,2026-03-13,2
2380,96,2026-03-20,2
2381,96,2026-03-24,2
2382,96,2026-04-02,2
2383,96,2026-04-06,3
2384,96,2026-04-17,2
2385,96,2026-04-23,3
2386,96,2026-05-01,2
2387,96,2026-05-08,3
2388,96,2026-05-12,3
2389,96,2026-05-18,2
2390,96,2026-05-26,2
2391,96,2026-06-03,2
2392,96,2026-06-08,3
2393,96,2026-06-16,2
2394,96,2026-06-22,2
2395,96,2026-07-01,2
2396,96,2026-07-10,3
2397,96,2026-07-16,2
2398,96,2026-07-21,2
2399,96,2026-07-27,2
2400,96,2026-08-03,2
2401,97,2026-02-18,2
2402,97,2026-02-24,2
2403,97,2026-03-04,1
2404,97,2026-03-12,2
2405,97,2026-03-17,2
2406,97,2026-03-27,2
2407,97,2026-04-02,2
2408,97,2026-04-07,3
2409,97,2026-04-14,3
2410,97,2026-04-21,2
2411,97,2026-04-27,3
2412,97,2026-05-05,1
2413,97,2026-05-11,2
2414,97,2026-05-19,2
2415,97,2026-05-28,3
2416,97,2026-06-01,1
2417,97,2026-06-11,2
2418,97,2026-06-17,3
2419,97,2026-06-22,3
2420,97,2026-06-29,3
2421,97,2026-07-10,3
2422,97,2026-07-13,2
2423,97,2026-07-23,2
2424,97,2026-07-31,1
2425,97,2026-08-04,2
2426,98,2026-02-17,3
2427,98,2026-02-25,2
2428,98,2026-03-03,2
2429,98,2026-03-09,1
2430,98,2026-03-17,2
2431,98,2026-03-23,3
2432,98,2026-03-30,3
2433,98,2026-04-10,2
2434,98,2026-04-16,2
2435,98,2026-04-21,1
2436,98,2026-04-28,3
2437,98,2026-05-07,2
2438,98,2026-05-12,2
2439,98,2026-05-22,2
2440,98,2026-05-27,2
2441,98,2026-06-04,3
2442,98,2026-06-11,3
2443,98,2026-06-17,2
2444,98,2026-06-25,2
2445,98,2026-06-29,2
2446,98,2026-07-08,2
2447,98,2026-07-13,1
2448,98,2026-07-21,3
2449,98,2026-07-27,3
2450,98,2026-08-03,2
2451,99,2026-02-17,2
2452,99,2026-02-27,2
2453,99,2026-03-03,2
2454,99,2026-03-09,2
2455,99,2026-03-19,2
2456,99,2026-03-26,2
2457,99,2026-04-02,1
2458,99,2026-04-10,2
2459,99,2026-04-15,2
2460,99,2026-04-24,2
2461,99,2026-05-01,2
2462,99,2026-05-06,2
2463,99,2026-05-12,1
2464,99,2026-05-21,2
2465,99,2026-05-26,2
2466,99,2026-06-03,2
2467,99,2026-06-08,2
2468,99,2026-06-19,2
2469,99,2026-06-25,2
2470,99,2026-06-30,2
2471,99,2026-07-07,2
2472,99,2026-07-16,2
2473,99,2026-07-24,3
2474,99,2026-07-27,1
2475,99,2026-08-04,2
2476,100,2026-02-17,1
2477,100,2026-02-27,2
2478,100,2026-03-06,1
2479,100,2026-03-09,2
2480,100,2026-03-19,2
2481,100,2026-03-26,2
2482,100,2026-04-01,2
2483,100,2026-04-09,2
2484,100,2026-04-16,3
2485,100,2026-04-21,1
2486,100,2026-04-27,2
2487,100,2026-05-06,1
2488,100,2026-05-14,2
2489,100,2026-05-19,3
2490,100,2026-05-27,2
2491,100,2026-06-01,2
2492,100,2026-06-08,2
2493,100,2026-06-15,1
2494,100,2026-06-24,2
2495,100,2026-07-03,1
2496,100,2026-07-08,2
2497,100,2026-07-13,2
2498,100,2026-07-21,3
2499,100,2026-07-29,2
2500,100,2026-08-04,2
2501,101,2026-02-16,3
2502,101,2026-02-23,2
2503,101,2026-03-03,2
2504,101,2026-03-13,1
2505,101,2026-03-16,2
2506,101,2026-03-25,2
2507,101,2026-03-31,1
2508,101,2026-04-10,1
2509,101,2026-04-14,2
2510,101,2026-04-20,2
2511,101,2026-04-28,3
2512,101,2026-05-06,2
2513,101,2026-05-11,2
2514,101,2026-05-22,1
2515,101,2026-05-29,2
2516,101,2026-06-01,1
2517,101,2026-06-12,1
2518,101,2026-06-18,3
2519,101,2026-06-22,1
2520,101,2026-06-29,1
2521,101,2026-07-08,1
2522,101,2026-07-13,2
2523,101,2026-07-22,3
2524,101,2026-07-27,1
2525,101,2026-08-05,2
2526,102,2026-02-19,1
2527,102,2026-02-27,2
2528,102,2026-03-03,1
2529,102,2026-03-11,3
2530,102,2026-03-19,2
2531,102,2026-03-25,1
2532,102,2026-03-31,3
2533,102,2026-04-06,1
2534,102,2026-04-15,1
2535,102,2026-04-23,2
2536,102,2026-05-01,2
2537,102,2026-05-04,2
2538,102,2026-05-15,2
2539,102,2026-05-19,2
2540,102,2026-05-25,3
2541,102,2026-06-05,1
2542,102,2026-06-11,1
2543,102,2026-06-18,2
2544,102,2026-06-26,2
2545,102,2026-06-29,2
2546,102,2026-07-08,3
2547,102,2026-07-14,3
2548,102,2026-07-21,2
2549,102,2026-07-30,3
2550,102,2026-08-03,2
2551,103,2026-02-17,1
2552,103,2026-02-24,2
2553,103,2026-03-03,2
2554,103,2026-03-10,2
2555,103,2026-03-20,2
2556,103,2026-03-27,3
2557,103,2026-04-03,2
2558,103,2026-04-10,2
2559,103,2026-04-15,3
2560,103,2026-04-23,3
2561,103,2026-04-28,1
2562,103,2026-05-06,2
2563,103,2026-05-13,2
2564,103,2026-05-20,2
2565,103,2026-05-29,3
2566,103,2026-06-04,3
2567,103,2026-06-08,3
2568,103,2026-06-18,2
2569,103,2026-06-23,2
2570,103,2026-06-30,3
2571,103,2026-07-10,2
2572,103,2026-07-17,3
2573,103,2026-07-20,3
2574,103,2026-07-28,2
2575,103,2026-08-07,3
2576,104,2026-02-16,2
2577,104,2026-02-23,2
2578,104,2026-03-03,2
2579,104,2026-03-11,2
2580,104,2026-03-20,2
2581,104,2026-03-23,2
2582,104,2026-04-02,1
2583,104,2026-04-06,2
2584,104,2026-04-16,2
2585,104,2026-04-22,2
2586,104,2026-04-28,2
2587,104,2026-05-06,2
2588,104,2026-05-12,2
2589,104,2026-05-18,2
2590,104,2026-05-27,2
2591,104,2026-06-05,2
2592,104,2026-06-10,2
2593,104,2026-06-17,2
2594,104,2026-06-22,2
2595,104,2026-06-29,1
2596,104,2026-07-07,2
2597,104,2026-07-16,2
2598,104,2026-07-22,2
2599,104,2026-07-30,2
2600,104,2026-08-05,2
2601,105,2026-02-17,2
2602,105,2026-02-23,1
2603,105,2026-03-06,1
2604,105,2026-03-12,1
2605,105,2026-03-16,1
2606,105,2026-03-25,2
2607,105,2026-04-01,1
2608,105,2026-04-09,1
2609,105,2026-04-16,2
2610,105,2026-04-24,3
2611,105,2026-04-28,3
2612,105,2026-05-07,3
2613,105,2026-05-13,2
2614,105,2026-05-22,2
2615,105,2026-05-29,2
2616,105,2026-06-03,1
2617,105,2026-06-10,2
2618,105,2026-06-15,1
2619,105,2026-06-25,2
2620,105,2026-07-03,2
2621,105,2026-07-09,2
2622,105,2026-07-15,1
2623,105,2026-07-20,2
2624,105,2026-07-31,2
2625,105,2026-08-03,1
2626,106,2026-02-20,2
2627,106,2026-02-23,2
2628,106,2026-03-03,2
2629,106,2026-03-09,2
2630,106,2026-03-18,2
2631,106,2026-03-26,1
2632,106,2026-03-31,1
2633,106,2026-04-10,2
2634,106,2026-04-16,2
2635,106,2026-04-20,1
2636,106,2026-04-28,1
2637,106,2026-05-07,2
2638,106,2026-05-14,2
2639,106,2026-05-18,2
2640,106,2026-05-27,1
2641,106,2026-06-04,2
2642,106,2026-06-11,2
2643,106,2026-06-19,2
2644,106,2026-06-25,1
2645,106,2026-06-29,1
2646,106,2026-07-06,2
2647,106,2026-07-14,2
2648,106,2026-07-20,2
2649,106,2026-07-30,1
2650,106,2026-08-06,2
2651,107,2026-02-19,3
2652,107,2026-02-25,3
2653,107,2026-03-02,2
2654,107,2026-03-11,2
2655,107,2026-03-18,2
2656,107,2026-03-27,2
2657,107,2026-04-02,2
2658,107,2026-04-07,2
2659,107,2026-04-16,1
2660,107,2026-04-20,2
2661,107,2026-04-29,2
2662,107,2026-05-07,2
2663,107,2026-05-11,2
2664,107,2026-05-22,1
2665,107,2026-05-26,2
2666,107,2026-06-04,2
2667,107,2026-06-09,2
2668,107,2026-06-16,2
2669,107,2026-06-24,2
2670,107,2026-07-03,2
2671,107,2026-07-06,1
2672,107,2026-07-17,2
2673,107,2026-07-23,3
2674,107,2026-07-27,2
2675,107,2026-08-05,2
2676,108,2026-02-19,1
2677,108,2026-02-24,2
2678,108,2026-03-02,2
2679,108,2026-03-10,3
2680,108,2026-03-16,2
2681,108,2026-03-26,3
2682,108,2026-04-01,2
2683,108,2026-04-08,2
2684,108,2026-04-14,2
2685,108,2026-04-20,2
2686,108,2026-04-28,2
2687,108,2026-05-04,2
2688,108,2026-05-13,1
2689,108,2026-05-21,3
2690,108,2026-05-25,3
2691,108,2026-06-03,2
2692,108,2026-06-11,2
2693,108,2026-06-18,2
2694,108,2026-06-26,3
2695,108,2026-06-30,2
2696,108,2026-07-08,2
2697,108,2026-07-14,2
2698,108,2026-07-20,2
2699,108,2026-07-27,3
2700,108,2026-08-06,2
2701,109,2026-02-18,2
2702,109,2026-02-24,1
2703,109,2026-03-03,2
2704,109,2026-03-11,2
2705,109,2026-03-19,1
2706,109,2026-03-26,2
2707,109,2026-04-02,1
2708,109,2026-04-10,2
2709,109,2026-04-14,2
2710,109,2026-04-23,2
2711,109,2026-04-29,2
2712,109,2026-05-08,1
2713,109,2026-05-14,1
2714,109,2026-05-18,1
2715,109,2026-05-29,2
2716,109,2026-06-05,1
2717,109,2026-06-09,1
2718,109,2026-06-15,1
2719,109,2026-06-26,2
2720,109,2026-07-03,2
2721,109,2026-07-07,2
2722,109,2026-07-15,1
2723,109,2026-07-22,2
2724,109,2026-07-27,1
2725,109,2026-08-04,2
2726,110,2026-02-17,2
2727,110,2026-02-26,2
2728,110,2026-03-04,3
2729,110,2026-03-09,3
2730,110,2026-03-19,2
2731,110,2026-03-25,2
2732,110,2026-04-03,3
2733,110,2026-04-06,2
2734,110,2026-04-16,3
2735,110,2026-04-21,2
2736,110,2026-04-30,2
2737,110,2026-05-08,2
2738,110,2026-05-11,2
2739,110,2026-05-18,2
2740,110,2026-05-26,2
2741,110,2026-06-02,1
2742,110,2026-06-11,2
2743,110,2026-06-19,2
2744,110,2026-06-23,1
2745,110,2026-07-03,2
2746,110,2026-07-09,2
2747,110,2026-07-14,1
2748,110,2026-07-22,2
2749,110,2026-07-28,2
2750,110,2026-08-04,2
2751,111,2026-02-16,3
2752,111,2026-02-25,3
2753,111,2026-03-04,2
2754,111,2026-03-09,1
2755,111,2026-03-18,2
2756,111,2026-03-25,2
2757,111,2026-04-03,1
2758,111,2026-04-06,2
2759,111,2026-04-16,3
2760,111,2026-04-23,2
2761,111,2026-04-30,1
2762,111,2026-05-07,3
2763,111,2026-05-13,2
2764,111,2026-05-20,1
2765,111,2026-05-29,2
2766,111,2026-06-04,2
2767,111,2026-06-12,2
2768,111,2026-06-17,2
2769,111,2026-06-22,3
2770,111,2026-06-30,2
2771,111,2026-07-09,2
2772,111,2026-07-16,1
2773,111,2026-07-22,2
2774,111,2026-07-28,2
2775,111,2026-08-07,2
2776,112,2026-02-17,3
2777,112,2026-02-27,3
2778,112,2026-03-05,2
2779,112,2026-03-12,3
2780,112,2026-03-18,3
2781,112,2026-03-26,2
2782,112,2026-04-01,2
2783,112,2026-04-10,2
2784,112,2026-04-13,3
2785,112,2026-04-20,2
2786,112,2026-04-27,3
2787,112,2026-05-04,3
2788,112,2026-05-11,3
2789,112,2026-05-22,3
2790,112,2026-05-28,3
2791,112,2026-06-01,3
2792,112,2026-06-11,3
2793,112,2026-06-19,1
2794,112,2026-06-26,3
2795,112,2026-06-29,2
2796,112,2026-07-09,3
2797,112,2026-07-17,3
2798,112,2026-07-24,3
2799,112,2026-07-27,3
2800,112,2026-08-05,3
2801,113,2026-02-17,2
2802,113,2026-02-24,3
2803,113,2026-03-05,1
2804,113,2026-03-13,2
2805,113,2026-03-19,2
2806,113,2026-03-23,1
2807,113,2026-03-31,3
2808,113,2026-04-09,1
2809,113,2026-04-13,2
2810,113,2026-04-22,2
2811,113,2026-04-30,1
2812,113,2026-05-07,1
2813,113,2026-05-14,2
2814,113,2026-05-18,2
2815,113,2026-05-27,2
2816,113,2026-06-02,2
2817,113,2026-06-12,3
2818,113,2026-06-17,2
2819,113,2026-06-24,2
2820,113,2026-07-01,2
2821,113,2026-07-08,2
2822,113,2026-07-16,2
2823,113,2026-07-21,3
2824,113,2026-07-27,2
2825,113,2026-08-06,1
2826,114,2026-02-16,2
2827,114,2026-02-23,2
2828,114,2026-03-03,2
2829,114,2026-03-11,1
2830,114,2026-03-20,2
2831,114,2026-03-27,2
2832,114,2026-04-01,2
2833,114,2026-04-08,1
2834,114,2026-04-14,2
2835,114,2026-04-24,1
2836,114,2026-04-30,2
2837,114,2026-05-05,2
2838,114,2026-05-15,2
2839,114,2026-05-21,2
2840,114,2026-05-26,2
2841,114,2026-06-05,1
2842,114,2026-06-11,2
2843,114,2026-06-15,3
2844,114,2026-06-26,2
2845,114,2026-07-02,2
2846,114,2026-07-07,1
2847,114,2026-07-16,2
2848,114,2026-07-21,3
2849,114,2026-07-30,2
2850,114,2026-08-05,2
2851,115,2026-02-17,1
2852,115,2026-02-26,2
2853,115,2026-03-03,1
2854,115,2026-03-09,3
2855,115,2026-03-17,3
2856,115,2026-03-27,2
2857,115,2026-03-30,3
2858,115,2026-04-10,1
2859,115,2026-04-16,1
2860,115,2026-04-22,1
2861,115,2026-05-01,1
2862,115,2026-05-05,2
2863,115,2026-05-13,2
2864,115,2026-05-19,2
2865,115,2026-05-25,2
2866,115,2026-06-01,1
2867,115,2026-06-08,2
2868,115,2026-06-18,1
2869,115,2026-06-22,1
2870,115,2026-07-03,2
2871,115,2026-07-07,2
2872,115,2026-07-13,2
2873,115,2026-07-24,1
2874,115,2026-07-31,2
2875,115,2026-08-03,2
2876,116,2026-02-19,1
2877,116,2026-02-23,3
2878,116,2026-03-03,1
2879,116,2026-03-12,2
2880,116,2026-03-18,2
2881,116,2026-03-24,2
2882,116,2026-03-31,1
2883,116,2026-04-07,3
2884,116,2026-04-15,2
2885,116,2026-04-21,2
2886,116,2026-05-01,2
2887,116,2026-05-05,2
2888,116,2026-05-14,2
2889,116,2026-05-20,2
2890,116,2026-05-25,2
2891,116,2026-06-03,1
2892,116,2026-06-08,1
2893,116,2026-06-16,2
2894,116,2026-06-22,1
2895,116,2026-07-03,2
2896,116,2026-07-06,2
2897,116,2026-07-13,3
2898,116,2026-07-23,2
2899,116,2026-07-31,2
2900,116,2026-08-03,1
2901,117,2026-02-17,2
2902,117,2026-02-25,2
2903,117,2026-03-04,2
2904,117,2026-03-10,1
2905,117,2026-03-16,2
2906,117,2026-03-23,2
2907,117,2026-04-02,1
2908,117,2026-04-08,2
2909,117,2026-04-14,2
2910,117,2026-04-23,2
2911,117,2026-04-27,1
2912,117,2026-05-07,1
2913,117,2026-05-11,1
2914,117,2026-05-21,1
2915,117,2026-05-25,2
2916,117,2026-06-04,2
2917,117,2026-06-08,1
2918,117,2026-06-16,3
2919,117,2026-06-25,2
2920,117,2026-07-02,2
2921,117,2026-07-08,3
2922,117,2026-07-16,3
2923,117,2026-07-21,1
2924,117,2026-07-28,2
2925,117,2026-08-05,2
2926,118,2026-02-17,3
2927,118,2026-02-27,2
2928,118,2026-03-06,2
2929,118,2026-03-09,2
2930,118,2026-03-16,2
2931,118,2026-03-25,2
2932,118,2026-04-01,2
2933,118,2026-04-09,2
2934,118,2026-04-17,3
2935,118,2026-04-24,2
2936,118,2026-05-01,2
2937,118,2026-05-04,3
2938,118,2026-05-12,2
2939,118,2026-05-22,2
2940,118,2026-05-27,3
2941,118,2026-06-01,3
2942,118,2026-06-09,2
2943,118,2026-06-19,3
2944,118,2026-06-22,2
2945,118,2026-07-03,2
2946,118,2026-07-06,2
2947,118,2026-07-17,2
2948,118,2026-07-24,1
2949,118,2026-07-28,2
2950,118,2026-08-04,2
2951,119,2026-02-16,1
2952,119,2026-02-24,1
2953,119,2026-03-02,2
2954,119,2026-03-11,3
2955,119,2026-03-17,1
2956,119,2026-03-24,1
2957,119,2026-03-30,3
2958,119,2026-04-07,3
2959,119,2026-04-15,2
2960,119,2026-04-22,1
2961,119,2026-04-30,2
2962,119,2026-05-05,1
2963,119,2026-05-11,1
2964,119,2026-05-20,2
2965,119,2026-05-29,2
2966,119,2026-06-03,2
2967,119,2026-06-11,2
2968,119,2026-06-18,2
2969,119,2026-06-25,3
2970,119,2026-07-03,3
2971,119,2026-07-09,2
2972,119,2026-07-14,1
2973,119,2026-07-22,2
2974,119,2026-07-28,2
2975,119,2026-08-04,1
2976,120,2026-02-19,3
2977,120,2026-02-23,1
2978,120,2026-03-06,1
2979,120,2026-03-13,2
2980,120,2026-03-18,1
2981,120,2026-03-24,2
2982,120,2026-03-31,3
2983,120,2026-04-09,2
2984,120,2026-04-16,3
2985,120,2026-04-23,2
2986,120,2026-04-30,2
2987,120,2026-05-08,2
2988,120,2026-05-13,1
2989,120,2026-05-20,1
2990,120,2026-05-29,3
2991,120,2026-06-01,1
2992,120,2026-06-12,2
2993,120,2026-06-18,2
2994,120,2026-06-25,2
2995,120,2026-06-30,2
2996,120,2026-07-10,3
2997,120,2026-07-15,1
2998,120,2026-07-22,2
2999,120,2026-07-27,1
3000,120,2026-08-06,3
3001,121,2026-02-16,1
3002,121,2026-02-27,3
3003,121,2026-03-04,3
3004,121,2026-03-13,2
3005,121,2026-03-19,2
3006,121,2026-03-25,2
3007,121,2026-04-03,2
3008,121,2026-04-10,2
3009,121,2026-04-15,3
3010,121,2026-04-23,1
3011,121,2026-04-27,2
3012,121,2026-05-04,2
3013,121,2026-05-12,1
3014,121,2026-05-20,1
3015,121,2026-05-28,2
3016,121,2026-06-02,2
3017,121,2026-06-10,3
3018,121,2026-06-16,1
3019,121,2026-06-22,3
3020,121,2026-06-30,1
3021,121,2026-07-08,3
3022,121,2026-07-15,2
3023,121,2026-07-21,3
3024,121,2026-07-29,1
3025,121,2026-08-03,3
3026,122,2026-02-18,2
3027,122,2026-02-23,1
3028,122,2026-03-04,3
3029,122,2026-03-10,3
3030,122,2026-03-19,3
3031,122,2026-03-27,2
3032,122,2026-04-01,1
3033,122,2026-04-07,3
3034,122,2026-04-17,2
3035,122,2026-04-20,3
3036,122,2026-04-30,1
3037,122,2026-05-06,3
3038,122,2026-05-15,3
3039,122,2026-05-19,3
3040,122,2026-05-29,2
3041,122,2026-06-02,2
3042,122,2026-06-08,2
3043,122,2026-06-19,3
3044,122,2026-06-24,2
3045,122,2026-07-03,2
3046,122,2026-07-06,1
3047,122,2026-07-17,2
3048,122,2026-07-23,2
3049,122,2026-07-30,1
3050,122,2026-08-05,1
3051,123,2026-02-17,1
3052,123,2026-02-24,2
3053,123,2026-03-02,2
3054,123,2026-03-12,2
3055,123,2026-03-19,2
3056,123,2026-03-23,3
3057,123,2026-04-01,2
3058,123,2026-04-09,2
3059,123,2026-04-13,1
3060,123,2026-04-20,3
3061,123,2026-04-30,2
3062,123,2026-05-05,2
3063,123,2026-05-15,2
3064,123,2026-05-20,2
3065,123,2026-05-29,3
3066,123,2026-06-04,1
3067,123,2026-06-09,1
3068,123,2026-06-19,2
3069,123,2026-06-22,1
3070,123,2026-07-01,2
3071,123,2026-07-06,1
3072,123,2026-07-17,2
3073,123,2026-07-20,1
3074,123,2026-07-30,3
3075,123,2026-08-05,2
3076,124,2026-02-19,2
3077,124,2026-02-23,1
3078,124,2026-03-06,1
3079,124,2026-03-13,2
3080,124,2026-03-16,2
3081,124,2026-03-25,1
3082,124,2026-03-30,2
3083,124,2026-04-06,1
3084,124,2026-04-16,2
3085,124,2026-04-20,1
3086,124,2026-04-30,1
3087,124,2026-05-06,1
3088,124,2026-05-13,2
3089,124,2026-05-20,1
3090,124,2026-05-27,1
3091,124,2026-06-04,1
3092,124,2026-06-08,2
3093,124,2026-06-19,1
3094,124,2026-06-24,1
3095,124,2026-07-02,2
3096,124,2026-07-10,2
3097,124,2026-07-13,3
3098,124,2026-07-23,2
3099,124,2026-07-29,1
3100,124,2026-08-06,2
3101,125,2026-02-16,2
3102,125,2026-02-25,2
3103,125,2026-03-06,2
3104,125,2026-03-09,2
3105,125,2026-03-16,2
3106,125,2026-03-24,2
3107,125,2026-03-30,2
3108,125,2026-04-06,1
3109,125,2026-04-14,1
3110,125,2026-04-20,2
3111,125,2026-04-29,2
3112,125,2026-05-07,2
3113,125,2026-05-12,2
3114,125,2026-05-19,2
3115,125,2026-05-25,2
3116,125,2026-06-02,2
3117,125,2026-06-10,1
3118,125,2026-06-19,2
3119,125,2026-06-22,2
3120,125,2026-06-29,2
3121,125,2026-07-08,2
3122,125,2026-07-13,1
3123,125,2026-07-20,2
3124,125,2026-07-27,1
3125,125,2026-08-05,2
3126,126,2026-02-18,2
3127,126,2026-02-25,2
3128,126,2026-03-06,2
3129,126,2026-03-12,2
3130,126,2026-03-18,1
3131,126,2026-03-24,2
3132,126,2026-03-31,1
3133,126,2026-04-10,1
3134,126,2026-04-16,2
3135,126,2026-04-20,1
3136,126,2026-04-28,2
3137,126,2026-05-06,2
3138,126,2026-05-12,2
3139,126,2026-05-22,2
3140,126,2026-05-28,3
3141,126,2026-06-04,2
3142,126,2026-06-08,2
3143,126,2026-06-19,2
3144,126,2026-06-26,3
3145,126,2026-06-30,2
3146,126,2026-07-10,2
3147,126,2026-07-16,2
3148,126,2026-07-23,2
3149,126,2026-07-29,2
3150,126,2026-08-05,2
3151,127,2026-02-17,2
3152,127,2026-02-23,2
3153,127,2026-03-04,2
3154,127,2026-03-11,2
3155,127,2026-03-16,3
3156,127,2026-03-25,3
3157,127,2026-04-03,2
3158,127,2026-04-07,2
3159,127,2026-04-14,1
3160,127,2026-04-20,2
3161,127,2026-04-27,2
3162,127,2026-05-07,3
3163,127,2026-05-11,2
3164,127,2026-05-19,2
3165,127,2026-05-25,3
3166,127,2026-06-02,2
3167,127,2026-06-11,2
3168,127,2026-06-18,3
3169,127,2026-06-23,2
3170,127,2026-07-02,3
3171,127,2026-07-06,3
3172,127,2026-07-15,3
3173,127,2026-07-21,2
3174,127,2026-07-31,2
3175,127,2026-08-07,3
3176,128,2026-02-18,2
3177,128,2026-02-25,2
3178,128,2026-03-05,2
3179,128,2026-03-10,1
3180,128,2026-03-20,2
3181,128,2026-03-23,2
3182,128,2026-03-31,1
3183,128,2026-04-07,2
3184,128,2026-04-15,2
3185,128,2026-04-23,1
3186,128,2026-04-30,2
3187,128,2026-05-08,2
3188,128,2026-05-15,1
3189,128,2026-05-19,2
3190,128,2026-05-28,2
3191,128,2026-06-02,2
3192,128,2026-06-08,2
3193,128,2026-06-17,2
3194,128,2026-06-25,1
3195,128,2026-06-30,2
3196,128,2026-07-08,2
3197,128,2026-07-17,1
3198,128,2026-07-20,2
3199,128,2026-07-28,2
3200,128,2026-08-06,2
3201,129,2026-02-16,2
3202,129,2026-02-24,2
3203,129,2026-03-02,2
3204,129,2026-03-12,1
3205,129,2026-03-17,1
3206,129,2026-03-25,3
3207,129,2026-03-30,3
3208,129,2026-04-09,2
3209,129,2026-04-17,2
3210,129,2026-04-23,2
3211,129,2026-04-29,2
3212,129,2026-05-06,3
3213,129,2026-05-11,2
3214,129,2026-05-22,1
3215,129,2026-05-25,2
3216,129,2026-06-03,2
3217,129,2026-06-11,1
3218,129,2026-06-16,1
3219,129,2026-06-23,2
3220,129,2026-07-02,2
3221,129,2026-07-10,3
3222,129,2026-07-16,2
3223,129,2026-07-24,2
3224,129,2026-07-29,2
3225,129,2026-08-03,2
3226,130,2026-02-18,2
3227,130,2026-02-25,2
3228,130,2026-03-02,2
3229,130,2026-03-09,2
3230,130,2026-03-19,2
3231,130,2026-03-26,2
3232,130,2026-03-31,2
3233,130,2026-04-08,2
3234,130,2026-04-14,2
3235,130,2026-04-23,2
3236,130,2026-04-28,1
3237,130,2026-05-08,2
3238,130,2026-05-13,2
3239,130,2026-05-22,1
3240,130,2026-05-29,1
3241,130,2026-06-04,2
3242,130,2026-06-12,2
3243,130,2026-06-18,2
3244,130,2026-06-22,2
3245,130,2026-06-29,2
3246,130,2026-07-07,2
3247,130,2026-07-13,3
3248,130,2026-07-21,2
3249,130,2026-07-27,2
3250,130,2026-08-03,3
3251,131,2026-02-20,2
3252,131,2026-02-25,2
3253,131,2026-03-03,3
3254,131,2026-03-09,2
3255,131,2026-03-20,3
3256,131,2026-03-23,2
3257,131,2026-04-01,2
3258,131,2026-04-07,2
3259,131,2026-04-17,2
3260,131,2026-04-23,2
3261,131,2026-04-30,2
3262,131,2026-05-07,2
3263,131,2026-05-11,3
3264,131,2026-05-19,2
3265,131,2026-05-27,2
3266,131,2026-06-04,2
3267,131,2026-06-09,3
3268,131,2026-06-16,2
3269,131,2026-06-23,2
3270,131,2026-07-01,3
3271,131,2026-07-08,2
3272,131,2026-07-17,1
3273,131,2026-07-22,2
3274,131,2026-07-27,2
3275,131,2026-08-03,2
3276,132,2026-02-20,1
3277,132,2026-02-27,2
3278,132,2026-03-05,3
3279,132,2026-03-11,2
3280,132,2026-03-17,1
3281,132,2026-03-24,3
3282,132,2026-04-01,1
3283,132,2026-04-06,1
3284,132,2026-04-14,1
3285,132,2026-04-21,1
3286,132,2026-04-29,3
3287,132,2026-05-07,2
3288,132,2026-05-12,1
3289,132,2026-05-18,1
3290,132,2026-05-28,2
3291,132,2026-06-04,1
3292,132,2026-06-10,1
3293,132,2026-06-15,1
3294,132,2026-06-23,1
3295,132,2026-07-01,2
3296,132,2026-07-06,2
3297,132,2026-07-14,2
3298,132,2026-07-20,1
3299,132,2026-07-31,2
3300,132,2026-08-05,1
3301,133,2026-02-20,2
3302,133,2026-02-23,2
3303,133,2026-03-05,2
3304,133,2026-03-10,3
3305,133,2026-03-19,1
3306,133,2026-03-23,2
3307,133,2026-03-30,2
3308,133,2026-04-06,2
3309,133,2026-04-17,2
3310,133,2026-04-22,1
3311,133,2026-04-28,2
3312,133,2026-05-08,2
3313,133,2026-05-15,1
3314,133,2026-05-19,2
3315,133,2026-05-26,2
3316,133,2026-06-01,1
3317,133,2026-06-08,1
3318,133,2026-06-17,1
3319,133,2026-06-24,2
3320,133,2026-07-02,3
3321,133,2026-07-09,2
3322,133,2026-07-15,1
3323,133,2026-07-24,2
3324,133,2026-07-29,2
3325,133,2026-08-06,2
3326,134,2026-02-18,2
3327,134,2026-02-26,1
3328,134,2026-03-02,3
3329,134,2026-03-11,2
3330,134,2026-03-18,3
3331,134,2026-03-25,1
3332,134,2026-04-03,1
3333,134,2026-04-10,2
3334,134,2026-04-16,2
3335,134,2026-04-20,1
3336,134,2026-04-29,1
3337,134,2026-05-08,2
3338,134,2026-05-11,3
3339,134,2026-05-19,1
3340,134,2026-05-28,3
3341,134,2026-06-02,3
3342,134,2026-06-09,1
3343,134,2026-06-17,2
3344,134,2026-06-25,3
3345,134,2026-06-29,2
3346,134,2026-07-07,2
3347,134,2026-07-17,3
3348,134,2026-07-23,2
3349,134,2026-07-29,3
3350,134,2026-08-04,1
3351,135,2026-02-17,2
3352,135,2026-02-26,2
3353,135,2026-03-02,2
3354,135,2026-03-11,2
3355,135,2026-03-20,2
3356,135,2026-03-26,2
3357,135,2026-04-03,2
3358,135,2026-04-07,2
3359,135,2026-04-15,2
3360,135,2026-04-22,2
3361,135,2026-04-29,2
3362,135,2026-05-07,2
3363,135,2026-05-15,2
3364,135,2026-05-21,2
3365,135,2026-05-27,2
3366,135,2026-06-03,2
3367,135,2026-06-09,2
3368,135,2026-06-15,2
3369,135,2026-06-26,1
3370,135,2026-07-03,2
3371,135,2026-07-08,2
3372,135,2026-07-17,2
3373,135,2026-07-20,2
3374,135,2026-07-30,2
3375,135,2026-08-06,2
3376,136,2026-02-18,2
3377,136,2026-02-25,3
3378,136,2026-03-02,2
3379,136,2026-03-09,1
3380,136,2026-03-19,3
3381,136,2026-03-24,2
3382,136,2026-04-02,2
3383,136,2026-04-07,1
3384,136,2026-04-17,3
3385,136,2026-04-22,2
3386,136,2026-05-01,2
3387,136,2026-05-08,2
3388,136,2026-05-12,2
3389,136,2026-05-20,2
3390,136,2026-05-28,1
3391,136,2026-06-03,2
3392,136,2026-06-08,2
3393,136,2026-06-17,2
3394,136,2026-06-22,2
3395,136,2026-07-02,3
3396,136,2026-07-06,2
3397,136,2026-07-14,2
3398,136,2026-07-22,3
3399,136,2026-07-31,2
3400,136,2026-08-03,1
3401,137,2026-02-19,2
3402,137,2026-02-25,2
3403,137,2026-03-02,2
3404,137,2026-03-12,1
3405,137,2026-03-18,2
3406,137,2026-03-23,2
3407,137,2026-03-30,2
3408,137,2026-04-08,1
3409,137,2026-04-14,3
3410,137,2026-04-22,2
3411,137,2026-04-29,2
3412,137,2026-05-08,2
3413,137,2026-05-15,2
3414,137,2026-05-19,2
3415,137,2026-05-25,2
3416,137,2026-06-03,2
3417,137,2026-06-09,1
3418,137,2026-06-16,2
3419,137,2026-06-25,2
3420,137,2026-07-03,2
3421,137,2026-07-06,2
3422,137,2026-07-15,2
3423,137,2026-07-21,2
3424,137,2026-07-27,1
3425,137,2026-08-06,2
3426,138,2026-02-17,2
3427,138,2026-02-26,2
3428,138,2026-03-05,3
3429,138,2026-03-12,1
3430,138,2026-03-16,3
3431,138,2026-03-25,2
3432,138,2026-04-01,2
3433,138,2026-04-10,1
3434,138,2026-04-15,3
3435,138,2026-04-21,2
3436,138,2026-05-01,2
3437,138,2026-05-07,1
3438,138,2026-05-13,2
3439,138,2026-05-22,1
3440,138,2026-05-26,3
3441,138,2026-06-02,3
3442,138,2026-06-10,2
3443,138,2026-06-16,2
3444,138,2026-06-25,2
3445,138,2026-07-03,1
3446,138,2026-07-07,1
3447,138,2026-07-15,1
3448,138,2026-07-22,2
3449,138,2026-07-27,2
3450,138,2026-08-05,2
3451,139,2026-02-19,1
3452,139,2026-02-27,1
3453,139,2026-03-03,2
3454,139,2026-03-12,2
3455,139,2026-03-19,2
3456,139,2026-03-23,1
3457,139,2026-03-31,3
3458,139,2026-04-10,2
3459,139,2026-04-16,2
3460,139,2026-04-22,2
3461,139,2026-05-01,3
3462,139,2026-05-06,1
3463,139,2026-05-14,3
3464,139,2026-05-20,3
3465,139,2026-05-28,1
3466,139,2026-06-04,3
3467,139,2026-06-11,2
3468,139,2026-06-18,2
3469,139,2026-06-25,3
3470,139,2026-06-29,1
3471,139,2026-07-10,1
3472,139,2026-07-13,2
3473,139,2026-07-23,2
3474,139,2026-07-27,1
3475,139,2026-08-04,2
3476,140,2026-02-18,2
3477,140,2026-02-24,1
3478,140,2026-03-06,1
3479,140,2026-03-13,2
3480,140,2026-03-18,2
3481,140,2026-03-24,3
3482,140,2026-04-03,1
3483,140,2026-04-10,2
3484,140,2026-04-17,2
3485,140,2026-04-22,2
3486,140,2026-04-27,3
3487,140,2026-05-07,2
3488,140,2026-05-12,1
3489,140,2026-05-21,1
3490,140,2026-05-25,3
3491,140,2026-06-04,3
3492,140,2026-06-12,1
3493,140,2026-06-18,3
3494,140,2026-06-22,3
3495,140,2026-06-29,2
3496,140,2026-07-06,2
3497,140,2026-07-15,3
3498,140,2026-07-20,2
3499,140,2026-07-29,3
3500,140,2026-08-07,3
3501,141,2026-02-18,2
3502,141,2026-02-27,2
3503,141,2026-03-05,2
3504,141,2026-03-11,2
3505,141,2026-03-16,2
3506,141,2026-03-23,3
3507,141,2026-04-03,1
3508,141,2026-04-10,1
3509,141,2026-04-13,2
3510,141,2026-04-21,2
3511,141,2026-05-01,3
3512,141,2026-05-05,3
3513,141,2026-05-15,2
3514,141,2026-05-21,1
3515,141,2026-05-26,2
3516,141,2026-06-02,3
3517,141,2026-06-09,2
3518,141,2026-06-17,2
3519,141,2026-06-24,2
3520,141,2026-06-29,2
3521,141,2026-07-09,2
3522,141,2026-07-17,2
3523,141,2026-07-21,2
3524,141,2026-07-27,2
3525,141,2026-08-03,2
3526,142,2026-02-17,3
3527,142,2026-02-27,2
3528,142,2026-03-02,1
3529,142,2026-03-13,2
3530,142,2026-03-16,1
3531,142,2026-03-24,1
3532,142,2026-03-31,2
3533,142,2026-04-06,1
3534,142,2026-04-16,2
3535,142,2026-04-20,1
3536,142,2026-05-01,2
3537,142,2026-05-07,2
3538,142,2026-05-14,1
3539,142,2026-05-18,3
3540,142,2026-05-25,1
3541,142,2026-06-03,2
3542,142,2026-06-11,1
3543,142,2026-06-18,3
3544,142,2026-06-23,2
3545,142,2026-06-30,2
3546,142,2026-07-10,1
3547,142,2026-07-15,3
3548,142,2026-07-24,3
3549,142,2026-07-30,1
3550,142,2026-08-07,1
3551,143,2026-02-19,1
3552,143,2026-02-24,2
3553,143,2026-03-02,3
3554,143,2026-03-10,2
3555,143,2026-03-17,2
3556,143,2026-03-24,2
3557,143,2026-03-31,2
3558,143,2026-04-10,3
3559,143,2026-04-17,3
3560,143,2026-04-21,3
3561,143,2026-04-30,3
3562,143,2026-05-07,1
3563,143,2026-05-13,3
3564,143,2026-05-20,2
3565,143,2026-05-25,2
3566,143,2026-06-05,2
3567,143,2026-06-11,1
3568,143,2026-06-17,2
3569,143,2026-06-24,2
3570,143,2026-07-02,2
3571,143,2026-07-09,2
3572,143,2026-07-13,2
3573,143,2026-07-23,2
3574,143,2026-07-30,1
3575,143,2026-08-06,2
3576,144,2026-02-16,2
3577,144,2026-02-25,2
3578,144,2026-03-05,1
3579,144,2026-03-09,1
3580,144,2026-03-20,1
3581,144,2026-03-26,1
3582,144,2026-03-30,1
3583,144,2026-04-10,2
3584,144,2026-04-15,3
3585,144,2026-04-20,1
3586,144,2026-05-01,1
3587,144,2026-05-07,3
3588,144,2026-05-11,1
3589,144,2026-05-20,1
3590,144,2026-05-26,1
3591,144,2026-06-04,1
3592,144,2026-06-11,2
3593,144,2026-06-17,1
3594,144,2026-06-22,1
3595,144,2026-06-30,2
3596,144,2026-07-08,2
3597,144,2026-07-17,3
3598,144,2026-07-24,1
3599,144,2026-07-28,1
3600,144,2026-08-05,1
3601,145,2026-02-19,2
3602,145,2026-02-27,1
3603,145,2026-03-02,2
3604,145,2026-03-10,2
3605,145,2026-03-17,3
3606,145,2026-03-25,1
3607,145,2026-04-03,2
3608,145,2026-04-08,2
3609,145,2026-04-16,2
3610,145,2026-04-21,3
3611,145,2026-04-29,1
3612,145,2026-05-06,2
3613,145,2026-05-14,1
3614,145,2026-05-18,2
3615,145,2026-05-28,2
3616,145,2026-06-04,2
3617,145,2026-06-11,2
3618,145,2026-06-19,3
3619,145,2026-06-23,3
3620,145,2026-07-03,2
3621,145,2026-07-10,2
3622,145,2026-07-17,1
3623,145,2026-07-22,2
3624,145,2026-07-28,2
3625,145,2026-08-05,3
3626,146,2026-02-20,2
3627,146,2026-02-25,2
3628,146,2026-03-06,2
3629,146,2026-03-13,2
3630,146,2026-03-19,2
3631,146,2026-03-23,2
3632,146,2026-03-30,2
3633,146,2026-04-06,3
3634,146,2026-04-14,2
3635,146,2026-04-21,2
3636,146,2026-04-27,2
3637,146,2026-05-04,2
3638,146,2026-05-14,2
3639,146,2026-05-21,2
3640,146,2026-05-27,2
3641,146,2026-06-02,2
3642,146,2026-06-09,2
3643,146,2026-06-15,1
3644,146,2026-06-23,1
3645,146,2026-07-02,2
3646,146,2026-07-09,2
3647,146,2026-07-13,2
3648,146,2026-07-20,2
3649,146,2026-07-31,2
3650,146,2026-08-05,2
3651,147,2026-02-16,3
3652,147,2026-02-23,2
3653,147,2026-03-05,2
3654,147,2026-03-11,2
3655,147,2026-03-20,2
3656,147,2026-03-23,2
3657,147,2026-03-31,2
3658,147,2026-04-08,2
3659,147,2026-04-13,2
3660,147,2026-04-23,1
3661,147,2026-04-30,2
3662,147,2026-05-05,2
3663,147,2026-05-15,2
3664,147,2026-05-22,2
3665,147,2026-05-26,2
3666,147,2026-06-02,2
3667,147,2026-06-10,2
3668,147,2026-06-18,2
3669,147,2026-06-25,2
3670,147,2026-07-01,2
3671,147,2026-07-07,2
3672,147,2026-07-14,2
3673,147,2026-07-21,2
3674,147,2026-07-30,2
3675,147,2026-08-07,3
3676,148,2026-02-16,3
3677,148,2026-02-27,2
3678,148,2026-03-02,2
3679,148,2026-03-09,3
3680,148,2026-03-17,2
3681,148,2026-03-23,1
3682,148,2026-03-31,1
3683,148,2026-04-06,1
3684,148,2026-04-15,2
3685,148,2026-04-23,1
3686,148,2026-05-01,1
3687,148,2026-05-08,3
3688,148,2026-05-11,1
3689,148,2026-05-20,3
3690,148,2026-05-26,2
3691,148,2026-06-05,2
3692,148,2026-06-11,2
3693,148,2026-06-16,3
3694,148,2026-06-23,1
3695,148,2026-07-03,2
3696,148,2026-07-09,2
3697,148,2026-07-17,2
3698,148,2026-07-22,2
3699,148,2026-07-29,2
3700,148,2026-08-07,3
3701,149,2026-02-17,2
3702,149,2026-02-23,2
3703,149,2026-03-05,2
3704,149,2026-03-12,2
3705,149,2026-03-19,2
3706,149,2026-03-23,2
3707,149,2026-04-03,2
3708,149,2026-04-06,2
3709,149,2026-04-14,1
3710,149,2026-04-24,2
3711,149,2026-04-29,3
3712,149,2026-05-04,2
3713,149,2026-05-11,2
3714,149,2026-05-21,2
3715,149,2026-05-26,2
3716,149,2026-06-01,2
3717,149,2026-06-12,2
3718,149,2026-06-19,2
3719,149,2026-06-24,2
3720,149,2026-06-29,1
3721,149,2026-07-07,2
3722,149,2026-07-15,1
3723,149,2026-07-22,2
3724,149,2026-07-30,2
3725,149,2026-08-05,2
3726,150,2026-02-17,1
3727,150,2026-02-25,1
3728,150,2026-03-02,2
3729,150,2026-03-13,2
3730,150,2026-03-20,1
3731,150,2026-03-24,1
3732,150,2026-04-03,3
3733,150,2026-04-10,2
3734,150,2026-04-17,3
3735,150,2026-04-22,3
3736,150,2026-04-30,2
3737,150,2026-05-08,3
3738,150,2026-05-11,3
3739,150,2026-05-22,1
3740,150,2026-05-25,3
3741,150,2026-06-05,3
3742,150,2026-06-11,2
3743,150,2026-06-17,3
3744,150,2026-06-22,2
3745,150,2026-06-29,3
3746,150,2026-07-08,1
3747,150,2026-07-16,1
3748,150,2026-07-22,3
3749,150,2026-07-28,3
3750,150,2026-08-05,3
3751,151,2026-02-17,1
3752,151,2026-02-24,2
3753,151,2026-03-06,2
3754,151,2026-03-11,2
3755,151,2026-03-16,3
3756,151,2026-03-24,2
3757,151,2026-04-02,2
3758,151,2026-04-06,2
3759,151,2026-04-17,3
3760,151,2026-04-24,2
3761,151,2026-04-27,3
3762,151,2026-05-06,3
3763,151,2026-05-11,2
3764,151,2026-05-21,2
3765,151,2026-05-29,2
3766,151,2026-06-05,3
3767,151,2026-06-08,3
3768,151,2026-06-19,3
3769,151,2026-06-25,2
3770,151,2026-06-30,2
3771,151,2026-07-08,3
3772,151,2026-07-13,3
3773,151,2026-07-20,2
3774,151,2026-07-27,2
3775,151,2026-08-06,2
3776,152,2026-02-17,2
3777,152,2026-02-25,2
3778,152,2026-03-05,2
3779,152,2026-03-12,3
3780,152,2026-03-18,2
3781,152,2026-03-24,3
3782,152,2026-03-30,2
3783,152,2026-04-06,3
3784,152,2026-04-13,3
3785,152,2026-04-21,1
3786,152,2026-05-01,1
3787,152,2026-05-08,2
3788,152,2026-05-14,2
3789,152,2026-05-18,2
3790,152,2026-05-29,2
3791,152,2026-06-04,3
3792,152,2026-06-08,2
3793,152,2026-06-18,2
3794,152,2026-06-25,2
3795,152,2026-06-30,2
3796,152,2026-07-09,1
3797,152,2026-07-16,2
3798,152,2026-07-24,2
3799,152,2026-07-28,3
3800,152,2026-08-03,3
3801,153,2026-02-16,2
3802,153,2026-02-27,3
3803,153,2026-03-04,2
3804,153,2026-03-11,2
3805,153,2026-03-17,1
3806,153,2026-03-25,2
3807,153,2026-04-02,2
3808,153,2026-04-06,1
3809,153,2026-04-14,3
3810,153,2026-04-21,2
3811,153,2026-04-27,2
3812,153,2026-05-08,2
3813,153,2026-05-11,2
3814,153,2026-05-19,1
3815,153,2026-05-28,2
3816,153,2026-06-05,1
3817,153,2026-06-12,1
3818,153,2026-06-15,2
3819,153,2026-06-22,2
3820,153,2026-06-30,2
3821,153,2026-07-06,2
3822,153,2026-07-13,2
3823,153,2026-07-20,2
3824,153,2026-07-28,2
3825,153,2026-08-06,2
3826,154,2026-02-18,2
3827,154,2026-02-23,2
3828,154,2026-03-04,2
3829,154,2026-03-11,2
3830,154,2026-03-20,2
3831,154,2026-03-24,1
3832,154,2026-04-01,3
3833,154,2026-04-07,1
3834,154,2026-04-17,2
3835,154,2026-04-23,1
3836,154,2026-04-30,2
3837,154,2026-05-04,2
3838,154,2026-05-11,2
3839,154,2026-05-18,2
3840,154,2026-05-27,2
3841,154,2026-06-05,2
3842,154,2026-06-09,2
3843,154,2026-06-18,2
3844,154,2026-06-24,2
3845,154,2026-06-30,2
3846,154,2026-07-09,1
3847,154,2026-07-15,2
3848,154,2026-07-22,2
3849,154,2026-07-31,2
3850,154,2026-08-05,2
3851,155,2026-02-20,2
3852,155,2026-02-25,2
3853,155,2026-03-04,1
3854,155,2026-03-13,2
3855,155,2026-03-20,2
3856,155,2026-03-23,2
3857,155,2026-03-30,2
3858,155,2026-04-08,2
3859,155,2026-04-16,1
3860,155,2026-04-24,1
3861,155,2026-04-30,2
3862,155,2026-05-06,2
3863,155,2026-05-11,2
3864,155,2026-05-19,3
3865,155,2026-05-26,2
3866,155,2026-06-05,2
3867,155,2026-06-09,3
3868,155,2026-06-17,2
3869,155,2026-06-26,1
3870,155,2026-06-30,3
3871,155,2026-07-06,2
3872,155,2026-07-15,2
3873,155,2026-07-21,1
3874,155,2026-07-27,2
3875,155,2026-08-04,2
3876,156,2026-02-19,3
3877,156,2026-02-23,1
3878,156,2026-03-02,1
3879,156,2026-03-12,2
3880,156,2026-03-16,2
3881,156,2026-03-25,2
3882,156,2026-04-01,2
3883,156,2026-04-10,1
3884,156,2026-04-16,2
3885,156,2026-04-22,3
3886,156,2026-04-27,2
3887,156,2026-05-04,2
3888,156,2026-05-13,3
3889,156,2026-05-22,2
3890,156,2026-05-28,2
3891,156,2026-06-04,2
3892,156,2026-06-08,3
3893,156,2026-06-18,3
3894,156,2026-06-25,2
3895,156,2026-07-02,1
3896,156,2026-07-06,2
3897,156,2026-07-14,3
3898,156,2026-07-21,2
3899,156,2026-07-30,2
3900,156,2026-08-04,2
3901,157,2026-02-20,3
3902,157,2026-02-23,2
3903,157,2026-03-04,2
3904,157,2026-03-09,3
3905,157,2026-03-20,2
3906,157,2026-03-25,3
3907,157,2026-03-30,2
3908,157,2026-04-10,2
3909,157,2026-04-15,3
3910,157,2026-04-22,2
3911,157,2026-05-01,2
3912,157,2026-05-05,2
3913,157,2026-05-11,2
3914,157,2026-05-20,2
3915,157,2026-05-29,3
3916,157,2026-06-04,2
3917,157,2026-06-11,1
3918,157,2026-06-15,2
3919,157,2026-06-22,3
3920,157,2026-07-03,2
3921,157,2026-07-09,1
3922,157,2026-07-15,3
3923,157,2026-07-24,2
3924,157,2026-07-30,2
3925,157,2026-08-06,2
3926,158,2026-02-20,1
3927,158,2026-02-27,3
3928,158,2026-03-04,2
3929,158,2026-03-10,3
3930,158,2026-03-19,2
3931,158,2026-03-26,2
3932,158,2026-03-31,2
3933,158,2026-04-07,3
3934,158,2026-04-13,2
3935,158,2026-04-22,2
3936,158,2026-04-29,2
3937,158,2026-05-04,2
3938,158,2026-05-12,2
3939,158,2026-05-22,3
3940,158,2026-05-27,2
3941,158,2026-06-03,1
3942,158,2026-06-12,1
3943,158,2026-06-18,1
3944,158,2026-06-22,2
3945,158,2026-07-03,2
3946,158,2026-07-08,3
3947,158,2026-07-15,2
3948,158,2026-07-22,2
3949,158,2026-07-29,2
3950,158,2026-08-07,3
3951,159,2026-02-16,3
3952,159,2026-02-25,3
3953,159,2026-03-06,2
3954,159,2026-03-11,3
3955,159,2026-03-18,2
3956,159,2026-03-24,2
3957,159,2026-04-02,3
3958,159,2026-04-09,2
3959,159,2026-04-13,2
3960,159,2026-04-23,2
3961,159,2026-04-27,1
3962,159,2026-05-07,3
3963,159,2026-05-11,1
3964,159,2026-05-20,2
3965,159,2026-05-28,3
3966,159,2026-06-05,2
3967,159,2026-06-09,1
3968,159,2026-06-18,3
3969,159,2026-06-22,3
3970,159,2026-07-03,2
3971,159,2026-07-06,1
3972,159,2026-07-15,2
3973,159,2026-07-24,1
3974,159,2026-07-31,2
3975,159,2026-08-05,3
3976,160,2026-02-19,3
3977,160,2026-02-24,2
3978,160,2026-03-04,3
3979,160,2026-03-11,3
3980,160,2026-03-18,2
3981,160,2026-03-26,3
3982,160,2026-03-31,2
3983,160,2026-04-07,3
3984,160,2026-04-14,1
3985,160,2026-04-21,3
3986,160,2026-05-01,3
3987,160,2026-05-04,2
3988,160,2026-05-12,3
3989,160,2026-05-18,2
3990,160,2026-05-25,2
3991,160,2026-06-02,2
3992,160,2026-06-12,2
3993,160,2026-06-18,1
3994,160,2026-06-26,3
3995,160,2026-07-01,3
3996,160,2026-07-06,1
3997,160,2026-07-17,2
3998,160,2026-07-21,2
3999,160,2026-07-27,2
4000,160,2026-08-05,2
4001,161,2026-02-16,1
4002,161,2026-02-25,1
4003,161,2026-03-06,1
4004,161,2026-03-09,1
4005,161,2026-03-20,2
4006,161,2026-03-24,1
4007,161,2026-04-01,1
4008,161,2026-04-06,2
4009,161,2026-04-13,2
4010,161,2026-04-24,2
4011,161,2026-04-30,1
4012,161,2026-05-04,2
4013,161,2026-05-15,2
4014,161,2026-05-18,1
4015,161,2026-05-26,1
4016,161,2026-06-02,3
4017,161,2026-06-10,2
4018,161,2026-06-19,2
4019,161,2026-06-24,1
4020,161,2026-07-02,2
4021,161,2026-07-06,2
4022,161,2026-07-16,2
4023,161,2026-07-22,2
4024,161,2026-07-28,2
4025,161,2026-08-03,2
4026,162,2026-02-20,3
4027,162,2026-02-25,2
4028,162,2026-03-04,2
4029,162,2026-03-12,3
4030,162,2026-03-18,3
4031,162,2026-03-26,2
4032,162,2026-04-01,3
4033,162,2026-04-10,2
4034,162,2026-04-13,2
4035,162,2026-04-21,3
4036,162,2026-04-29,2
4037,162,2026-05-04,2
4038,162,2026-05-13,1
4039,162,2026-05-19,3
4040,162,2026-05-29,2
4041,162,2026-06-01,2
4042,162,2026-06-08,3
4043,162,2026-06-19,3
4044,162,2026-06-23,2
4045,162,2026-07-01,2
4046,162,2026-07-10,3
4047,162,2026-07-17,1
4048,162,2026-07-24,2
4049,162,2026-07-29,3
4050,162,2026-08-04,3
4051,163,2026-02-20,2
4052,163,2026-02-23,1
4053,163,2026-03-03,1
4054,163,2026-03-12,2
4055,163,2026-03-16,2
4056,163,2026-03-23,3
4057,163,2026-03-31,3
4058,163,2026-04-10,2
4059,163,2026-04-17,1
4060,163,2026-04-24,3
4061,163,2026-05-01,2
4062,163,2026-05-07,1
4063,163,2026-05-15,2
4064,163,2026-05-18,2
4065,163,2026-05-29,1
4066,163,2026-06-01,1
4067,163,2026-06-12,3
4068,163,2026-06-18,2
4069,163,2026-06-26,1
4070,163,2026-07-03,2
4071,163,2026-07-09,2
4072,163,2026-07-15,2
4073,163,2026-07-22,1
4074,163,2026-07-28,1
4075,163,2026-08-07,2
4076,164,2026-02-17,2
4077,164,2026-02-25,1
4078,164,2026-03-03,3
4079,164,2026-03-11,2
4080,164,2026-03-17,2
4081,164,2026-03-26,1
4082,164,2026-04-01,3
4083,164,2026-04-06,1
4084,164,2026-04-14,2
4085,164,2026-04-23,1
4086,164,2026-04-30,2
4087,164,2026-05-06,2
4088,164,2026-05-11,1
4089,164,2026-05-20,1
4090,164,2026-05-29,3
4091,164,2026-06-05,3
4092,164,2026-06-08,2
4093,164,2026-06-17,2
4094,164,2026-06-25,2
4095,164,2026-07-03,3
4096,164,2026-07-07,2
4097,164,2026-07-16,1
4098,164,2026-07-23,1
4099,164,2026-07-28,2
4100,164,2026-08-07,2
4101,165,2026-02-20,2
4102,165,2026-02-24,2
4103,165,2026-03-05,2
4104,165,2026-03-13,2
4105,165,2026-03-17,2
4106,165,2026-03-27,2
4107,165,2026-04-01,2
4108,165,2026-04-08,2
4109,165,2026-04-15,2
4110,165,2026-04-22,2
4111,165,2026-04-27,2
4112,165,2026-05-04,2
4113,165,2026-05-14,2
4114,165,2026-05-21,2
4115,165,2026-05-29,2
4116,165,2026-06-02,2
4117,165,2026-06-12,2
4118,165,2026-06-18,2
4119,165,2026-06-23,2
4120,165,2026-06-30,2
4121,165,2026-07-09,2
4122,165,2026-07-13,2
4123,165,2026-07-21,2
4124,165,2026-07-27,2
4125,165,2026-08-06,2
4126,166,2026-02-20,2
4127,166,2026-02-26,2
4128,166,2026-03-02,1
4129,166,2026-03-10,2
4130,166,2026-03-16,2
4131,166,2026-03-26,2
4132,166,2026-03-30,2
4133,166,2026-04-07,2
4134,166,2026-04-13,1
4135,166,2026-04-21,1
4136,166,2026-05-01,2
4137,166,2026-05-08,2
4138,166,2026-05-14,2
4139,166,2026-05-21,2
4140,166,2026-05-27,2
4141,166,2026-06-02,2
4142,166,2026-06-11,2
4143,166,2026-06-19,2
4144,166,2026-06-23,2
4145,166,2026-07-01,2
4146,166,2026-07-06,2
4147,166,2026-07-15,2
4148,166,2026-07-22,2
4149,166,2026-07-31,2
4150,166,2026-08-07,2
4151,167,2026-02-16,2
4152,167,2026-02-23,3
4153,167,2026-03-02,3
4154,167,2026-03-11,1
4155,167,2026-03-19,2
4156,167,2026-03-26,3
4157,167,2026-04-02,1
4158,167,2026-04-09,2
4159,167,2026-04-15,3
4160,167,2026-04-23,2
4161,167,2026-04-28,2
4162,167,2026-05-05,2
4163,167,2026-05-15,2
4164,167,2026-05-22,3
4165,167,2026-05-25,1
4166,167,2026-06-02,1
4167,167,2026-06-08,2
4168,167,2026-06-19,1
4169,167,2026-06-26,2
4170,167,2026-07-01,1
4171,167,2026-07-09,2
4172,167,2026-07-16,2
4173,167,2026-07-22,2
4174,167,2026-07-30,2
4175,167,2026-08-04,3
4176,168,2026-02-20,3
4177,168,2026-02-25,3
4178,168,2026-03-02,3
4179,168,2026-03-10,2
4180,168,2026-03-18,2
4181,168,2026-03-26,1
4182,168,2026-04-01,2
4183,168,2026-04-06,2
4184,168,2026-04-17,2
4185,168,2026-04-24,2
4186,168,2026-05-01,2
4187,168,2026-05-08,2
4188,168,2026-05-15,2
4189,168,2026-05-21,2
4190,168,2026-05-27,2
4191,168,2026-06-03,2
4192,168,2026-06-11,2
4193,168,2026-06-17,2
4194,168,2026-06-23,2
4195,168,2026-06-30,2
4196,168,2026-07-06,2
4197,168,2026-07-14,2
4198,168,2026-07-23,3
4199,168,2026-07-31,2
4200,168,2026-08-05,2
4201,169,2026-02-20,2
4202,169,2026-02-25,2
4203,169,2026-03-02,2
4204,169,2026-03-11,2
4205,169,2026-03-18,2
4206,169,2026-03-24,2
4207,169,2026-03-30,2
4208,169,2026-04-08,2
4209,169,2026-04-15,2
4210,169,2026-04-23,2
4211,169,2026-04-30,2
4212,169,2026-05-05,2
4213,169,2026-05-12,2
4214,169,2026-05-20,2
4215,169,2026-05-27,2
4216,169,2026-06-05,2
4217,169,2026-06-08,2
4218,169,2026-06-16,2
4219,169,2026-06-24,2
4220,169,2026-06-30,2
4221,169,2026-07-06,2
4222,169,2026-07-14,2
4223,169,2026-07-24,2
4224,169,2026-07-31,2
4225,169,2026-08-04,2
4226,170,2026-02-20,3
4227,170,2026-02-23,2
4228,170,2026-03-06,2
4229,170,2026-03-13,2
4230,170,2026-03-17,3
4231,170,2026-03-23,3
4232,170,2026-04-02,1
4233,170,2026-04-06,2
4234,170,2026-04-15,2
4235,170,2026-04-21,2
4236,170,2026-04-29,2
4237,170,2026-05-08,2
4238,170,2026-05-14,2
4239,170,2026-05-21,3
4240,170,2026-05-29,2
4241,170,2026-06-02,2
4242,170,2026-06-11,2
4243,170,2026-06-17,2
4244,170,2026-06-22,2
4245,170,2026-06-29,2
4246,170,2026-07-09,1
4247,170,2026-07-16,2
4248,170,2026-07-23,3
4249,170,2026-07-29,2
4250,170,2026-08-03,2
4251,171,2026-02-18,2
4252,171,2026-02-23,2
4253,171,2026-03-04,2
4254,171,2026-03-09,2
4255,171,2026-03-17,2
4256,171,2026-03-23,3
4257,171,2026-04-01,1
4258,171,2026-04-07,1
4259,171,2026-04-17,3
4260,171,2026-04-22,3
4261,171,2026-04-29,2
4262,171,2026-05-07,2
4263,171,2026-05-15,1
4264,171,2026-05-18,1
4265,171,2026-05-27,2
4266,171,2026-06-01,1
4267,171,2026-06-11,2
4268,171,2026-06-15,3
4269,171,2026-06-26,2
4270,171,2026-07-01,3
4271,171,2026-07-07,2
4272,171,2026-07-17,1
4273,171,2026-07-20,2
4274,171,2026-07-27,2
4275,171,2026-08-04,2
4276,172,2026-02-20,2
4277,172,2026-02-26,3
4278,172,2026-03-03,2
4279,172,2026-03-10,3
4280,172,2026-03-18,2
4281,172,2026-03-26,2
4282,172,2026-03-31,2
4283,172,2026-04-09,2
4284,172,2026-04-14,2
4285,172,2026-04-23,2
4286,172,2026-04-29,2
4287,172,2026-05-05,2
4288,172,2026-05-12,2
4289,172,2026-05-18,2
4290,172,2026-05-29,3
4291,172,2026-06-02,2
4292,172,2026-06-08,1
4293,172,2026-06-18,2
4294,172,2026-06-22,2
4295,172,2026-07-02,2
4296,172,2026-07-10,2
4297,172,2026-07-17,2
4298,172,2026-07-21,3
4299,172,2026-07-28,3
4300,172,2026-08-03,2
4301,173,2026-02-18,2
4302,173,2026-02-27,2
4303,173,2026-03-05,2
4304,173,2026-03-13,2
4305,173,2026-03-17,2
4306,173,2026-03-25,1
4307,173,2026-04-02,2
4308,173,2026-04-10,2
4309,173,2026-04-14,2
4310,173,2026-04-22,2
4311,173,2026-04-28,1
4312,173,2026-05-06,2
4313,173,2026-05-14,3
4314,173,2026-05-21,2
4315,173,2026-05-28,2
4316,173,2026-06-05,2
4317,173,2026-06-10,2
4318,173,2026-06-19,3
4319,173,2026-06-25,2
4320,173,2026-07-01,2
4321,173,2026-07-06,2
4322,173,2026-07-14,2
4323,173,2026-07-20,2
4324,173,2026-07-29,2
4325,173,2026-08-06,3
4326,174,2026-02-18,2
4327,174,2026-02-24,2
4328,174,2026-03-05,1
4329,174,2026-03-09,2
4330,174,2026-03-17,1
4331,174,2026-03-26,2
4332,174,2026-04-01,2
4333,174,2026-04-06,2
4334,174,2026-04-15,3
4335,174,2026-04-23,2
4336,174,2026-04-28,2
4337,174,2026-05-07,1
4338,174,2026-05-14,1
4339,174,2026-05-22,2
4340,174,2026-05-28,2
4341,174,2026-06-02,1
4342,174,2026-06-08,2
4343,174,2026-06-17,1
4344,174,2026-06-24,2
4345,174,2026-07-03,2
4346,174,2026-07-07,3
4347,174,2026-07-16,2
4348,174,2026-07-20,1
4349,174,2026-07-31,1
4350,174,2026-08-05,3
4351,175,2026-02-18,2
4352,175,2026-02-26,2
4353,175,2026-03-05,2
4354,175,2026-03-12,2
4355,175,2026-03-19,1
4356,175,2026-03-26,2
4357,175,2026-04-01,2
4358,175,2026-04-06,2
4359,175,2026-04-15,2
4360,175,2026-04-23,2
4361,175,2026-04-28,2
4362,175,2026-05-06,2
4363,175,2026-05-11,3
4364,175,2026-05-20,1
4365,175,2026-05-28,2
4366,175,2026-06-04,2
4367,175,2026-06-09,2
4368,175,2026-06-19,2
4369,175,2026-06-23,2
4370,175,2026-07-03,2
4371,175,2026-07-07,1
4372,175,2026-07-13,2
4373,175,2026-07-24,3
4374,175,2026-07-31,3
4375,175,2026-08-05,2
4376,176,2026-02-20,2
4377,176,2026-02-27,2
4378,176,2026-03-02,2
4379,176,2026-03-09,1
4380,176,2026-03-19,3
4381,176,2026-03-23,2
4382,176,2026-04-01,2
4383,176,2026-04-08,3
4384,176,2026-04-17,1
4385,176,2026-04-20,2
4386,176,2026-04-27,2
4387,176,2026-05-08,3
4388,176,2026-05-12,3
4389,176,2026-05-20,3
4390,176,2026-05-29,3
4391,176,2026-06-02,1
4392,176,2026-06-09,3
4393,176,2026-06-19,2
4394,176,2026-06-25,3
4395,176,2026-06-30,3
4396,176,2026-07-08,3
4397,176,2026-07-14,2
4398,176,2026-07-22,3
4399,176,2026-07-29,3
4400,176,2026-08-06,3
4401,177,2026-02-20,2
4402,177,2026-02-24,2
4403,177,2026-03-02,2
4404,177,2026-03-09,3
4405,177,2026-03-16,3
4406,177,2026-03-27,2
4407,177,2026-03-30,3
4408,177,2026-04-10,1
4409,177,2026-04-16,2
4410,177,2026-04-23,2
4411,177,2026-04-27,3
4412,177,2026-05-05,2
4413,177,2026-05-13,1
4414,177,2026-05-20,2
4415,177,2026-05-25,2
4416,177,2026-06-02,2
4417,177,2026-06-09,2
4418,177,2026-06-15,2
4419,177,2026-06-24,2
4420,177,2026-06-29,3
4421,177,2026-07-09,2
4422,177,2026-07-16,2
4423,177,2026-07-21,2
4424,177,2026-07-29,2
4425,177,2026-08-03,2
4426,178,2026-02-16,2
4427,178,2026-02-27,2
4428,178,2026-03-05,2
4429,178,2026-03-09,2
4430,178,2026-03-16,2
4431,178,2026-03-27,2
4432,178,2026-04-03,2
4433,178,2026-04-07,2
4434,178,2026-04-13,2
4435,178,2026-04-24,1
4436,178,2026-04-30,3
4437,178,2026-05-05,1
4438,178,2026-05-15,2
4439,178,2026-05-20,1
4440,178,2026-05-27,1
4441,178,2026-06-04,2
4442,178,2026-06-12,2
4443,178,2026-06-15,2
4444,178,2026-06-24,2
4445,178,2026-07-01,2
4446,178,2026-07-09,2
4447,178,2026-07-14,2
4448,178,2026-07-20,2
4449,178,2026-07-29,2
4450,178,2026-08-07,2
4451,179,2026-02-19,2
4452,179,2026-02-25,1
4453,179,2026-03-05,2
4454,179,2026-03-09,2
4455,179,2026-03-17,2
4456,179,2026-03-26,1
4457,179,2026-04-03,3
4458,179,2026-04-08,2
4459,179,2026-04-16,3
4460,179,2026-04-22,2
4461,179,2026-05-01,2
4462,179,2026-05-08,2
4463,179,2026-05-12,2
4464,179,2026-05-21,3
4465,179,2026-05-25,2
4466,179,2026-06-04,2
4467,179,2026-06-11,2
4468,179,2026-06-17,2
4469,179,2026-06-26,2
4470,179,2026-06-29,2
4471,179,2026-07-09,2
4472,179,2026-07-14,2
4473,179,2026-07-24,3
4474,179,2026-07-27,2
4475,179,2026-08-06,2
4476,180,2026-02-19,2
4477,180,2026-02-25,3
4478,180,2026-03-05,2
4479,180,2026-03-13,2
4480,180,2026-03-16,2
4481,180,2026-03-25,2
4482,180,2026-04-01,2
4483,180,2026-04-07,1
4484,180,2026-04-13,3
4485,180,2026-04-20,2
4486,180,2026-05-01,3
4487,180,2026-05-05,2
4488,180,2026-05-12,1
4489,180,2026-05-21,3
4490,180,2026-05-29,1
4491,180,2026-06-02,1
4492,180,2026-06-08,1
4493,180,2026-06-16,1
4494,180,2026-06-25,1
4495,180,2026-07-03,1
4496,180,2026-07-09,3
4497,180,2026-07-17,2
4498,180,2026-07-24,1
4499,180,2026-07-28,2
4500,180,2026-08-03,2
4501,181,2026-02-18,2
4502,181,2026-02-26,2
4503,181,2026-03-04,2
4504,181,2026-03-11,2
4505,181,2026-03-17,2
4506,181,2026-03-23,2
4507,181,2026-04-01,2
4508,181,2026-04-10,2
4509,181,2026-04-17,2
4510,181,2026-04-23,3
4511,181,2026-04-27,3
4512,181,2026-05-06,2
4513,181,2026-05-12,3
4514,181,2026-05-22,2
4515,181,2026-05-28,2
4516,181,2026-06-05,3
4517,181,2026-06-11,2
4518,181,2026-06-17,2
4519,181,2026-06-23,2
4520,181,2026-07-01,2
4521,181,2026-07-09,3
4522,181,2026-07-16,1
4523,181,2026-07-24,2
4524,181,2026-07-31,2
4525,181,2026-08-03,2
4526,182,2026-02-19,2
4527,182,2026-02-23,2
4528,182,2026-03-05,1
4529,182,2026-03-10,2
4530,182,2026-03-16,2
4531,182,2026-03-24,1
4532,182,2026-04-03,3
4533,182,2026-04-06,2
4534,182,2026-04-14,2
4535,182,2026-04-21,2
4536,182,2026-04-30,3
4537,182,2026-05-04,1
4538,182,2026-05-11,1
4539,182,2026-05-21,2
4540,182,2026-05-28,2
4541,182,2026-06-02,3
4542,182,2026-06-12,2
4543,182,2026-06-18,1
4544,182,2026-06-23,1
4545,182,2026-07-03,2
4546,182,2026-07-09,2
4547,182,2026-07-16,2
4548,182,2026-07-20,3
4549,182,2026-07-29,2
4550,182,2026-08-03,1
4551,183,2026-02-18,2
4552,183,2026-02-25,1
4553,183,2026-03-06,1
4554,183,2026-03-11,3
4555,183,2026-03-20,1
4556,183,2026-03-25,1
4557,183,2026-04-03,3
4558,183,2026-04-07,1
4559,183,2026-04-14,3
4560,183,2026-04-22,1
4561,183,2026-05-01,1
4562,183,2026-05-05,1
4563,183,2026-05-15,2
4564,183,2026-05-20,1
4565,183,2026-05-29,2
4566,183,2026-06-05,1
4567,183,2026-06-10,3
4568,183,2026-06-18,1
4569,183,2026-06-25,1
4570,183,2026-06-30,2
4571,183,2026-07-08,1
4572,183,2026-07-14,2
4573,183,2026-07-21,2
4574,183,2026-07-31,1
4575,183,2026-08-06,1
4576,184,2026-02-18,2
4577,184,2026-02-26,2
4578,184,2026-03-03,2
4579,184,2026-03-10,1
4580,184,2026-03-19,2
4581,184,2026-03-23,2
4582,184,2026-03-30,3
4583,184,2026-04-08,1
4584,184,2026-04-14,1
4585,184,2026-04-21,2
4586,184,2026-04-27,1
4587,184,2026-05-08,3
4588,184,2026-05-14,2
4589,184,2026-05-20,2
4590,184,2026-05-25,3
4591,184,2026-06-01,2
4592,184,2026-06-12,3
4593,184,2026-06-18,1
4594,184,2026-06-26,2
4595,184,2026-06-30,3
4596,184,2026-07-06,2
4597,184,2026-07-15,2
4598,184,2026-07-24,2
4599,184,2026-07-28,2
4600,184,2026-08-05,2
4601,185,2026-02-17,3
4602,185,2026-02-25,2
4603,185,2026-03-04,1
4604,185,2026-03-12,2
4605,185,2026-03-20,3
4606,185,2026-03-25,3
4607,185,2026-04-01,1
4608,185,2026-04-10,2
4609,185,2026-04-16,3
4610,185,2026-04-22,2
4611,185,2026-05-01,3
4612,185,2026-05-08,2
4613,185,2026-05-12,3
4614,185,2026-05-18,3
4615,185,2026-05-29,3
4616,185,2026-06-02,2
4617,185,2026-06-08,3
4618,185,2026-06-16,1
4619,185,2026-06-24,3
4620,185,2026-06-30,3
4621,185,2026-07-08,3
4622,185,2026-07-17,3
4623,185,2026-07-20,2
4624,185,2026-07-28,1
4625,185,2026-08-07,3
4626,186,2026-02-19,1
4627,186,2026-02-25,2
4628,186,2026-03-06,3
4629,186,2026-03-13,2
4630,186,2026-03-20,2
4631,186,2026-03-25,2
4632,186,2026-04-03,3
4633,186,2026-04-09,2
4634,186,2026-04-14,2
4635,186,2026-04-21,1
4636,186,2026-04-27,1
4637,186,2026-05-05,1
4638,186,2026-05-12,3
4639,186,2026-05-18,1
4640,186,2026-05-29,2
4641,186,2026-06-02,2
4642,186,2026-06-09,2
4643,186,2026-06-16,2
4644,186,2026-06-25,3
4645,186,2026-06-29,3
4646,186,2026-07-08,3
4647,186,2026-07-13,1
4648,186,2026-07-20,2
4649,186,2026-07-28,2
4650,186,2026-08-07,3
4651,187,2026-02-19,2
4652,187,2026-02-26,1
4653,187,2026-03-04,1
4654,187,2026-03-11,1
4655,187,2026-03-20,2
4656,187,2026-03-23,3
4657,187,2026-03-31,2
4658,187,2026-04-10,2
4659,187,2026-04-16,2
4660,187,2026-04-23,3
4661,187,2026-04-30,1
4662,187,2026-05-07,3
4663,187,2026-05-13,3
4664,187,2026-05-20,3
4665,187,2026-05-29,3
4666,187,2026-06-03,3
4667,187,2026-06-12,3
4668,187,2026-06-15,1
4669,187,2026-06-26,3
4670,187,2026-06-30,2
4671,187,2026-07-07,2
4672,187,2026-07-15,2
4673,187,2026-07-21,2
4674,187,2026-07-30,2
4675,187,2026-08-07,2
4676,188,2026-02-19,2
4677,188,2026-02-25,2
4678,188,2026-03-02,2
4679,188,2026-03-13,2
4680,188,2026-03-19,2
4681,188,2026-03-25,2
4682,188,2026-03-31,3
4683,188,2026-04-06,2
4684,188,2026-04-15,2
4685,188,2026-04-23,3
4686,188,2026-04-29,2
4687,188,2026-05-07,1
4688,188,2026-05-12,2
4689,188,2026-05-22,2
4690,188,2026-05-29,2
4691,188,2026-06-02,2
4692,188,2026-06-11,3
4693,188,2026-06-17,2
4694,188,2026-06-23,2
4695,188,2026-06-29,2
4696,188,2026-07-07,2
4697,188,2026-07-16,2
4698,188,2026-07-22,2
4699,188,2026-07-31,2
4700,188,2026-08-04,3
4701,189,2026-02-20,3
4702,189,2026-02-25,3
4703,189,2026-03-04,2
4704,189,2026-03-09,2
4705,189,2026-03-18,2
4706,189,2026-03-25,2
4707,189,2026-04-03,3
4708,189,2026-04-06,1
4709,189,2026-04-17,3
4710,189,2026-04-22,3
4711,189,2026-04-27,3
4712,189,2026-05-06,3
4713,189,2026-05-14,3
4714,189,2026-05-21,3
4715,189,2026-05-25,3
4716,189,2026-06-03,2
4717,189,2026-06-10,2
4718,189,2026-06-15,1
4719,189,2026-06-26,2
4720,189,2026-06-29,3
4721,189,2026-07-09,3
4722,189,2026-07-17,3
4723,189,2026-07-23,3
4724,189,2026-07-30,3
4725,189,2026-08-04,3
4726,190,2026-02-20,2
4727,190,2026-02-23,2
4728,190,2026-03-02,3
4729,190,2026-03-11,3
4730,190,2026-03-16,2
4731,190,2026-03-27,3
4732,190,2026-03-31,2
4733,190,2026-04-07,2
4734,190,2026-04-14,2
4735,190,2026-04-20,2
4736,190,2026-04-30,3
4737,190,2026-05-04,2
4738,190,2026-05-11,2
4739,190,2026-05-21,2
4740,190,2026-05-25,2
4741,190,2026-06-03,3
4742,190,2026-06-08,2
4743,190,2026-06-19,2
4744,190,2026-06-24,2
4745,190,2026-06-30,2
4746,190,2026-07-10,2
4747,190,2026-07-13,2
4748,190,2026-07-22,2
4749,190,2026-07-29,2
4750,190,2026-08-04,3
4751,191,2026-02-18,2
4752,191,2026-02-27,2
4753,191,2026-03-02,2
4754,191,2026-03-12,2
4755,191,2026-03-19,3
4756,191,2026-03-23,2
4757,191,2026-03-30,2
4758,191,2026-04-07,2
4759,191,2026-04-17,1
4760,191,2026-04-21,2
4761,191,2026-04-29,2
4762,191,2026-05-04,2
4763,191,2026-05-12,3
4764,191,2026-05-21,2
4765,191,2026-05-25,2
4766,191,2026-06-03,3
4767,191,2026-06-12,2
4768,191,2026-06-16,1
4769,191,2026-06-26,2
4770,191,2026-07-02,2
4771,191,2026-07-07,2
4772,191,2026-07-13,2
4773,191,2026-07-22,3
4774,191,2026-07-29,2
4775,191,2026-08-07,3
4776,192,2026-02-16,2
4777,192,2026-02-25,2
4778,192,2026-03-05,3
4779,192,2026-03-13,1
4780,192,2026-03-16,1
4781,192,2026-03-27,2
4782,192,2026-04-02,2
4783,192,2026-04-06,1
4784,192,2026-04-13,2
4785,192,2026-04-20,2
4786,192,2026-04-28,2
4787,192,2026-05-04,3
4788,192,2026-05-12,2
4789,192,2026-05-20,2
4790,192,2026-05-29,3
4791,192,2026-06-01,1
4792,192,2026-06-09,2
4793,192,2026-06-15,1
4794,192,2026-06-23,1
4795,192,2026-07-01,2
4796,192,2026-07-09,2
4797,192,2026-07-13,2
4798,192,2026-07-21,2
4799,192,2026-07-29,1
4800,192,2026-08-04,1
4801,193,2026-02-18,2
4802,193,2026-02-23,2
4803,193,2026-03-05,2
4804,193,2026-03-11,2
4805,193,2026-03-17,2
4806,193,2026-03-25,3
4807,193,2026-03-31,2
4808,193,2026-04-10,2
4809,193,2026-04-15,1
4810,193,2026-04-23,2
4811,193,2026-04-28,3
4812,193,2026-05-05,3
4813,193,2026-05-13,1
4814,193,2026-05-19,2
4815,193,2026-05-26,2
4816,193,2026-06-03,2
4817,193,2026-06-10,2
4818,193,2026-06-18,2
4819,193,2026-06-24,2
4820,193,2026-06-29,2
4821,193,2026-07-09,1
4822,193,2026-07-15,1
4823,193,2026-07-24,3
4824,193,2026-07-29,3
4825,193,2026-08-05,2
4826,194,2026-02-19,2
4827,194,2026-02-24,2
4828,194,2026-03-02,1
4829,194,2026-03-13,2
4830,194,2026-03-19,2
4831,194,2026-03-24,2
4832,194,2026-04-03,2
4833,194,2026-04-10,2
4834,194,2026-04-14,2
4835,194,2026-04-23,1
4836,194,2026-04-29,1
4837,194,2026-05-06,2
4838,194,2026-05-12,2
4839,194,2026-05-20,1
4840,194,2026-05-29,1
4841,194,2026-06-05,2
4842,194,2026-06-10,1
4843,194,2026-06-15,1
4844,194,2026-06-26,2
4845,194,2026-06-30,2
4846,194,2026-07-08,2
4847,194,2026-07-14,1
4848,194,2026-07-23,2
4849,194,2026-07-29,2
4850,194,2026-08-03,2
4851,195,2026-02-20,3
4852,195,2026-02-24,2
4853,195,2026-03-05,2
4854,195,2026-03-10,2
4855,195,2026-03-19,2
4856,195,2026-03-27,1
4857,195,2026-04-01,1
4858,195,2026-04-08,3
4859,195,2026-04-17,2
4860,195,2026-04-23,2
4861,195,2026-05-01,2
4862,195,2026-05-04,2
4863,195,2026-05-13,2
4864,195,2026-05-18,2
4865,195,2026-05-27,3
4866,195,2026-06-01,2
4867,195,2026-06-09,2
4868,195,2026-06-18,2
4869,195,2026-06-25,2
4870,195,2026-07-01,2
4871,195,2026-07-08,2
4872,195,2026-07-13,2
4873,195,2026-07-21,2
4874,195,2026-07-29,2
4875,195,2026-08-05,2
4876,196,2026-02-19,2
4877,196,2026-02-27,2
4878,196,2026-03-03,2
4879,196,2026-03-09,3
4880,196,2026-03-19,2
4881,196,2026-03-27,2
4882,196,2026-04-02,3
4883,196,2026-04-10,2
4884,196,2026-04-17,1
4885,196,2026-04-23,1
4886,196,2026-04-30,1
4887,196,2026-05-07,2
4888,196,2026-05-12,2
4889,196,2026-05-20,3
4890,196,2026-05-27,3
4891,196,2026-06-05,2
4892,196,2026-06-10,2
4893,196,2026-06-18,2
4894,196,2026-06-25,1
4895,196,2026-07-01,2
4896,196,2026-07-06,2
4897,196,2026-07-14,2
4898,196,2026-07-24,2
4899,196,2026-07-27,2
4900,196,2026-08-06,3
4901,197,2026-02-18,1
4902,197,2026-02-27,2
4903,197,2026-03-05,2
4904,197,2026-03-13,2
4905,197,2026-03-16,2
4906,197,2026-03-24,3
4907,197,2026-04-03,1
4908,197,2026-04-07,1
4909,197,2026-04-15,2
4910,197,2026-04-24,2
4911,197,2026-05-01,2
4912,197,2026-05-05,2
4913,197,2026-05-15,2
4914,197,2026-05-19,2
4915,197,2026-05-26,2
4916,197,2026-06-03,3
4917,197,2026-06-08,2
4918,197,2026-06-15,3
4919,197,2026-06-24,2
4920,197,2026-06-30,3
4921,197,2026-07-08,2
4922,197,2026-07-16,1
4923,197,2026-07-23,2
4924,197,2026-07-28,3
4925,197,2026-08-06,2
4926,198,2026-02-17,2
4927,198,2026-02-24,2
4928,198,2026-03-03,1
4929,198,2026-03-11,2
4930,198,2026-03-18,2
4931,198,2026-03-23,2
4932,198,2026-03-31,1
4933,198,2026-04-07,1
4934,198,2026-04-14,2
4935,198,2026-04-23,3
4936,198,2026-04-27,2
4937,198,2026-05-05,2
4938,198,2026-05-12,2
4939,198,2026-05-22,2
4940,198,2026-05-27,2
4941,198,2026-06-01,2
4942,198,2026-06-11,3
4943,198,2026-06-16,1
4944,198,2026-06-24,1
4945,198,2026-06-29,1
4946,198,2026-07-09,2
4947,198,2026-07-17,2
4948,198,2026-07-23,2
4949,198,2026-07-28,2
4950,198,2026-08-06,2
4951,199,2026-02-19,1
4952,199,2026-02-24,3
4953,199,2026-03-02,2
4954,199,2026-03-12,2
4955,199,2026-03-17,2
4956,199,2026-03-25,2
4957,199,2026-03-31,2
4958,199,2026-04-09,3
4959,199,2026-04-15,2
4960,199,2026-04-22,2
4961,199,2026-04-30,2
4962,199,2026-05-08,2
4963,199,2026-05-14,3
4964,199,2026-05-22,2
4965,199,2026-05-25,2
4966,199,2026-06-03,2
4967,199,2026-06-11,2
4968,199,2026-06-19,2
4969,199,2026-06-22,2
4970,199,2026-06-30,2
4971,199,2026-07-10,1
4972,199,2026-07-14,2
4973,199,2026-07-21,3
4974,199,2026-07-29,2
4975,199,2026-08-05,2
4976,200,2026-02-20,2
4977,200,2026-02-23,2
4978,200,2026-03-06,2
4979,200,2026-03-13,2
4980,200,2026-03-19,2
4981,200,2026-03-23,2
4982,200,2026-03-31,2
4983,200,2026-04-07,2
4984,200,2026-04-16,2
4985,200,2026-04-21,2
4986,200,2026-04-27,2
4987,200,2026-05-05,2
4988,200,2026-05-13,2
4989,200,2026-05-21,2
4990,200,2026-05-25,2
4991,200,2026-06-03,3
4992,200,2026-06-11,2
4993,200,2026-06-16,3
4994,200,2026-06-25,2
4995,200,2026-06-30,2
4996,200,2026-07-08,2
4997,200,2026-07-15,3
4998,200,2026-07-23,3
4999,200,2026-07-30,2
5000,200,2026-08-03,3
5001,201,2026-02-19,1
5002,201,2026-02-24,2
5003,201,2026-03-03,2
5004,201,2026-03-12,2
5005,201,2026-03-20,2
5006,201,2026-03-23,2
5007,201,2026-04-02,2
5008,201,2026-04-06,1
5009,201,2026-04-15,2
5010,201,2026-04-20,2
5011,201,2026-04-30,2
5012,201,2026-05-04,1
5013,201,2026-05-12,2
5014,201,2026-05-20,2
5015,201,2026-05-26,2
5016,201,2026-06-05,2
5017,201,2026-06-12,2
5018,201,2026-06-18,2
5019,201,2026-06-25,2
5020,201,2026-06-29,2
5021,201,2026-07-09,2
5022,201,2026-07-16,2
5023,201,2026-07-23,2
5024,201,2026-07-27,2
5025,201,2026-08-05,2
5026,202,2026-02-18,2
5027,202,2026-02-23,3
5028,202,2026-03-06,2
5029,202,2026-03-12,3
5030,202,2026-03-20,2
5031,202,2026-03-25,2
5032,202,2026-04-02,2
5033,202,2026-04-08,1
5034,202,2026-04-17,2
5035,202,2026-04-22,1
5036,202,2026-04-27,3
5037,202,2026-05-05,2
5038,202,2026-05-14,2
5039,202,2026-05-22,2
5040,202,2026-05-28,2
5041,202,2026-06-01,2
5042,202,2026-06-09,2
5043,202,2026-06-15,2
5044,202,2026-06-24,2
5045,202,2026-07-03,2
5046,202,2026-07-08,2
5047,202,2026-07-14,2
5048,202,2026-07-24,3
5049,202,2026-07-31,2
5050,202,2026-08-06,3
5051,203,2026-02-16,1
5052,203,2026-02-26,1
5053,203,2026-03-04,2
5054,203,2026-03-09,2
5055,203,2026-03-16,2
5056,203,2026-03-26,2
5057,203,2026-04-02,2
5058,203,2026-04-08,2
5059,203,2026-04-13,2
5060,203,2026-04-24,2
5061,203,2026-04-29,2
5062,203,2026-05-06,2
5063,203,2026-05-14,2
5064,203,2026-05-20,1
5065,203,2026-05-27,2
5066,203,2026-06-01,2
5067,203,2026-06-12,1
5068,203,2026-06-17,2
5069,203,2026-06-23,2
5070,203,2026-07-01,2
5071,203,2026-07-08,2
5072,203,2026-07-16,1
5073,203,2026-07-20,2
5074,203,2026-07-30,2
5075,203,2026-08-05,3
5076,204,2026-02-16,3
5077,204,2026-02-27,2
5078,204,2026-03-02,3
5079,204,2026-03-11,2
5080,204,2026-03-16,3
5081,204,2026-03-27,2
5082,204,2026-04-02,3
5083,204,2026-04-07,3
5084,204,2026-04-14,2
5085,204,2026-04-20,2
5086,204,2026-05-01,1
5087,204,2026-05-04,2
5088,204,2026-05-12,2
5089,204,2026-05-19,3
5090,204,2026-05-28,2
5091,204,2026-06-04,2
5092,204,2026-06-10,2
5093,204,2026-06-17,2
5094,204,2026-06-25,3
5095,204,2026-07-03,3
5096,204,2026-07-07,3
5097,204,2026-07-17,2
5098,204,2026-07-24,3
5099,204,2026-07-30,2
5100,204,2026-08-03,2
5101,205,2026-02-18,3
5102,205,2026-02-25,2
5103,205,2026-03-02,2
5104,205,2026-03-10,2
5105,205,2026-03-20,2
5106,205,2026-03-23,2
5107,205,2026-04-02,3
5108,205,2026-04-10,2
5109,205,2026-04-13,2
5110,205,2026-04-22,2
5111,205,2026-04-29,2
5112,205,2026-05-07,2
5113,205,2026-05-14,2
5114,205,2026-05-18,3
5115,205,2026-05-26,2
5116,205,2026-06-03,2
5117,205,2026-06-08,3
5118,205,2026-06-18,2
5119,205,2026-06-22,2
5120,205,2026-06-30,2
5121,205,2026-07-10,2
5122,205,2026-07-15,2
5123,205,2026-07-22,2
5124,205,2026-07-31,2
5125,205,2026-08-07,3
5126,206,2026-02-17,2
5127,206,2026-02-23,2
5128,206,2026-03-04,2
5129,206,2026-03-13,1
5130,206,2026-03-19,3
5131,206,2026-03-24,1
5132,206,2026-04-02,2
5133,206,2026-04-08,3
5134,206,2026-04-14,2
5135,206,2026-04-22,1
5136,206,2026-05-01,1
5137,206,2026-05-04,2
5138,206,2026-05-15,2
5139,206,2026-05-21,3
5140,206,2026-05-26,3
5141,206,2026-06-03,1
5142,206,2026-06-10,2
5143,206,2026-06-15,2
5144,206,2026-06-25,1
5145,206,2026-06-30,2
5146,206,2026-07-06,1
5147,206,2026-07-16,2
5148,206,2026-07-21,2
5149,206,2026-07-29,1
5150,206,2026-08-05,3
5151,207,2026-02-20,2
5152,207,2026-02-25,3
5153,207,2026-03-02,3
5154,207,2026-03-10,3
5155,207,2026-03-17,2
5156,207,2026-03-23,3
5157,207,2026-04-01,3
5158,207,2026-04-07,2
5159,207,2026-04-13,2
5160,207,2026-04-24,1
5161,207,2026-04-29,3
5162,207,2026-05-08,3
5163,207,2026-05-14,2
5164,207,2026-05-22,2
5165,207,2026-05-28,3
5166,207,2026-06-05,2
5167,207,2026-06-10,2
5168,207,2026-06-19,3
5169,207,2026-06-25,2
5170,207,2026-07-02,2
5171,207,2026-07-10,3
5172,207,2026-07-13,1
5173,207,2026-07-22,2
5174,207,2026-07-29,2
5175,207,2026-08-05,3
5176,208,2026-02-19,3
5177,208,2026-02-24,3
5178,208,2026-03-05,2
5179,208,2026-03-12,2
5180,208,2026-03-17,2
5181,208,2026-03-27,2
5182,208,2026-03-31,2
5183,208,2026-04-09,1
5184,208,2026-04-15,2
5185,208,2026-04-23,3
5186,208,2026-04-27,1
5187,208,2026-05-08,3
5188,208,2026-05-11,2
5189,208,2026-05-21,2
5190,208,2026-05-29,1
5191,208,2026-06-03,2
5192,208,2026-06-08,1
5193,208,2026-06-16,3
5194,208,2026-06-26,3
5195,208,2026-07-01,3
5196,208,2026-07-08,1
5197,208,2026-07-15,1
5198,208,2026-07-22,2
5199,208,2026-07-30,2
5200,208,2026-08-06,3
5201,209,2026-02-17,1
5202,209,2026-02-27,2
5203,209,2026-03-06,2
5204,209,2026-03-10,1
5205,209,2026-03-20,2
5206,209,2026-03-25,2
5207,209,2026-04-03,2
5208,209,2026-04-09,1
5209,209,2026-04-16,2
5210,209,2026-04-20,2
5211,209,2026-04-29,2
5212,209,2026-05-08,2
5213,209,2026-05-14,1
5214,209,2026-05-19,2
5215,209,2026-05-28,2
5216,209,2026-06-05,2
5217,209,2026-06-09,1
5218,209,2026-06-18,2
5219,209,2026-06-26,1
5220,209,2026-06-29,1
5221,209,2026-07-06,2
5222,209,2026-07-16,1
5223,209,2026-07-21,2
5224,209,2026-07-28,2
5225,209,2026-08-03,2
5226,210,2026-02-18,2
5227,210,2026-02-24,3
5228,210,2026-03-03,2
5229,210,2026-03-12,3
5230,210,2026-03-20,3
5231,210,2026-03-26,1
5232,210,2026-04-01,2
5233,210,2026-04-07,2
5234,210,2026-04-16,2
5235,210,2026-04-24,2
5236,210,2026-04-29,1
5237,210,2026-05-06,2
5238,210,2026-05-13,2
5239,210,2026-05-18,2
5240,210,2026-05-27,2
5241,210,2026-06-05,2
5242,210,2026-06-12,1
5243,210,2026-06-19,2
5244,210,2026-06-25,2
5245,210,2026-06-30,2
5246,210,2026-07-09,1
5247,210,2026-07-16,2
5248,210,2026-07-23,2
5249,210,2026-07-29,2
5250,210,2026-08-06,2
5251,211,2026-02-17,1
5252,211,2026-02-26,3
5253,211,2026-03-04,3
5254,211,2026-03-09,2
5255,211,2026-03-20,2
5256,211,2026-03-25,2
5257,211,2026-04-02,3
5258,211,2026-04-07,3
5259,211,2026-04-13,3
5260,211,2026-04-23,2
5261,211,2026-05-01,1
5262,211,2026-05-07,2
5263,211,2026-05-14,2
5264,211,2026-05-21,2
5265,211,2026-05-26,1
5266,211,2026-06-01,2
5267,211,2026-06-12,1
5268,211,2026-06-16,2
5269,211,2026-06-23,1
5270,211,2026-07-03,3
5271,211,2026-07-10,1
5272,211,2026-07-17,2
5273,211,2026-07-20,3
5274,211,2026-07-31,2
5275,211,2026-08-07,1
5276,212,2026-02-16,2
5277,212,2026-02-25,2
5278,212,2026-03-06,2
5279,212,2026-03-10,1
5280,212,2026-03-17,2
5281,212,2026-03-27,1
5282,212,2026-04-02,3
5283,212,2026-04-06,2
5284,212,2026-04-15,3
5285,212,2026-04-20,1
5286,212,2026-05-01,2
5287,212,2026-05-07,2
5288,212,2026-05-15,3
5289,212,2026-05-22,2
5290,212,2026-05-26,2
5291,212,2026-06-02,3
5292,212,2026-06-11,2
5293,212,2026-06-17,3
5294,212,2026-06-23,2
5295,212,2026-06-30,2
5296,212,2026-07-09,1
5297,212,2026-07-14,2
5298,212,2026-07-22,2
5299,212,2026-07-28,2
5300,212,2026-08-05,3
5301,213,2026-02-16,2
5302,213,2026-02-24,1
5303,213,2026-03-06,1
5304,213,2026-03-12,1
5305,213,2026-03-19,2
5306,213,2026-03-24,2
5307,213,2026-04-03,1
5308,213,2026-04-09,2
5309,213,2026-04-14,1
5310,213,2026-04-21,2
5311,213,2026-04-30,2
5312,213,2026-05-08,1
5313,213,2026-05-11,2
5314,213,2026-05-22,1
5315,213,2026-05-27,2
5316,213,2026-06-02,1
5317,213,2026-06-09,1
5318,213,2026-06-18,1
5319,213,2026-06-22,1
5320,213,2026-06-29,1
5321,213,2026-07-06,1
5322,213,2026-07-16,2
5323,213,2026-07-24,2
5324,213,2026-07-30,2
5325,213,2026-08-06,2
5326,214,2026-02-19,2
5327,214,2026-02-25,2
5328,214,2026-03-06,1
5329,214,2026-03-09,2
5330,214,2026-03-20,2
5331,214,2026-03-27,2
5332,214,2026-03-30,1
5333,214,2026-04-09,2
5334,214,2026-04-16,1
5335,214,2026-04-20,3
5336,214,2026-04-29,2
5337,214,2026-05-07,3
5338,214,2026-05-11,1
5339,214,2026-05-20,2
5340,214,2026-05-28,2
5341,214,2026-06-05,1
5342,214,2026-06-11,1
5343,214,2026-06-18,2
5344,214,2026-06-22,2
5345,214,2026-06-29,2
5346,214,2026-07-07,2
5347,214,2026-07-15,2
5348,214,2026-07-24,1
5349,214,2026-07-27,2
5350,214,2026-08-04,2
5351,215,2026-02-19,1
5352,215,2026-02-25,1
5353,215,2026-03-03,2
5354,215,2026-03-10,1
5355,215,2026-03-19,1
5356,215,2026-03-24,2
5357,215,2026-04-01,2
5358,215,2026-04-06,1
5359,215,2026-04-15,1
5360,215,2026-04-20,2
5361,215,2026-04-30,2
5362,215,2026-05-07,2
5363,215,2026-05-12,3
5364,215,2026-05-20,3
5365,215,2026-05-27,3
5366,215,2026-06-03,2
5367,215,2026-06-11,2
5368,215,2026-06-17,3
5369,215,2026-06-25,3
5370,215,2026-07-01,3
5371,215,2026-07-10,3
5372,215,2026-07-15,2
5373,215,2026-07-24,3
5374,215,2026-07-27,3
5375,215,2026-08-04,2
5376,216,2026-02-20,2
5377,216,2026-02-25,2
5378,216,2026-03-02,1
5379,216,2026-03-10,3
5380,216,2026-03-18,2
5381,216,2026-03-27,2
5382,216,2026-04-01,3
5383,216,2026-04-08,2
5384,216,2026-04-15,3
5385,216,2026-04-21,2
5386,216,2026-05-01,1
5387,216,2026-05-06,2
5388,216,2026-05-14,2
5389,216,2026-05-21,2
5390,216,2026-05-27,2
5391,216,2026-06-02,2
5392,216,2026-06-09,1
5393,216,2026-06-16,1
5394,216,2026-06-26,2
5395,216,2026-07-01,1
5396,216,2026-07-09,2
5397,216,2026-07-15,3
5398,216,2026-07-21,2
5399,216,2026-07-27,3
5400,216,2026-08-04,2
5401,217,2026-02-18,2
5402,217,2026-02-24,1
5403,217,2026-03-06,1
5404,217,2026-03-09,2
5405,217,2026-03-18,2
5406,217,2026-03-25,1
5407,217,2026-04-03,3
5408,217,2026-04-10,1
5409,217,2026-04-16,2
5410,217,2026-04-23,2
5411,217,2026-05-01,1
5412,217,2026-05-05,2
5413,217,2026-05-13,1
5414,217,2026-05-19,2
5415,217,2026-05-29,2
5416,217,2026-06-05,2
5417,217,2026-06-10,1
5418,217,2026-06-19,2
5419,217,2026-06-24,2
5420,217,2026-07-02,3
5421,217,2026-07-09,2
5422,217,2026-07-14,1
5423,217,2026-07-24,3
5424,217,2026-07-30,1
5425,217,2026-08-04,1
5426,218,2026-02-19,1
5427,218,2026-02-23,2
5428,218,2026-03-02,1
5429,218,2026-03-11,1
5430,218,2026-03-17,3
5431,218,2026-03-25,3
5432,218,2026-03-31,3
5433,218,2026-04-07,2
5434,218,2026-04-14,1
5435,218,2026-04-22,3
5436,218,2026-05-01,2
5437,218,2026-05-04,2
5438,218,2026-05-12,1
5439,218,2026-05-20,3
5440,218,2026-05-28,3
5441,218,2026-06-04,2
5442,218,2026-06-12,1
5443,218,2026-06-15,1
5444,218,2026-06-26,1
5445,218,2026-06-30,2
5446,218,2026-07-07,3
5447,218,2026-07-15,3
5448,218,2026-07-20,3
5449,218,2026-07-30,2
5450,218,2026-08-03,2
5451,219,2026-02-20,1
5452,219,2026-02-23,2
5453,219,2026-03-04,2
5454,219,2026-03-13,2
5455,219,2026-03-20,2
5456,219,2026-03-27,2
5457,219,2026-03-30,2
5458,219,2026-04-06,2
5459,219,2026-04-16,2
5460,219,2026-04-24,2
5461,219,2026-05-01,2
5462,219,2026-05-05,1
5463,219,2026-05-12,2
5464,219,2026-05-20,2
5465,219,2026-05-26,1
5466,219,2026-06-02,2
5467,219,2026-06-09,1
5468,219,2026-06-18,1
5469,219,2026-06-23,2
5470,219,2026-06-29,2
5471,219,2026-07-10,2
5472,219,2026-07-15,1
5473,219,2026-07-24,2
5474,219,2026-07-29,2
5475,219,2026-08-03,2
5476,220,2026-02-16,2
5477,220,2026-02-24,2
5478,220,2026-03-06,2
5479,220,2026-03-11,2
5480,220,2026-03-16,2
5481,220,2026-03-24,2
5482,220,2026-03-31,2
5483,220,2026-04-07,1
5484,220,2026-04-17,3
5485,220,2026-04-24,1
5486,220,2026-04-30,3
5487,220,2026-05-07,3
5488,220,2026-05-11,2
5489,220,2026-05-22,2
5490,220,2026-05-25,2
5491,220,2026-06-03,3
5492,220,2026-06-08,1
5493,220,2026-06-16,2
5494,220,2026-06-25,2
5495,220,2026-06-29,3
5496,220,2026-07-09,3
5497,220,2026-07-13,2
5498,220,2026-07-23,2
5499,220,2026-07-28,2
5500,220,2026-08-03,2
5501,221,2026-02-20,2
5502,221,2026-02-24,2
5503,221,2026-03-06,2
5504,221,2026-03-12,2
5505,221,2026-03-18,2
5506,221,2026-03-27,3
5507,221,2026-03-30,2
5508,221,2026-04-10,2
5509,221,2026-04-16,2
5510,221,2026-04-20,3
5511,221,2026-04-30,2
5512,221,2026-05-05,3
5513,221,2026-05-15,2
5514,221,2026-05-22,2
5515,221,2026-05-28,2
5516,221,2026-06-01,2
5517,221,2026-06-10,2
5518,221,2026-06-18,2
5519,221,2026-06-26,1
5520,221,2026-07-01,2
5521,221,2026-07-09,2
5522,221,2026-07-14,2
5523,221,2026-07-22,2
5524,221,2026-07-31,3
5525,221,2026-08-06,2
5526,222,2026-02-18,2
5527,222,2026-02-25,2
5528,222,2026-03-04,2
5529,222,2026-03-13,2
5530,222,2026-03-17,2
5531,222,2026-03-25,2
5532,222,2026-04-01,1
5533,222,2026-04-10,2
5534,222,2026-04-17,2
5535,222,2026-04-22,2
5536,222,2026-04-30,2
5537,222,2026-05-04,2
5538,222,2026-05-12,2
5539,222,2026-05-21,2
5540,222,2026-05-25,2
5541,222,2026-06-03,2
5542,222,2026-06-12,1
5543,222,2026-06-18,2
5544,222,2026-06-25,2
5545,222,2026-06-30,2
5546,222,2026-07-07,2
5547,222,2026-07-13,2
5548,222,2026-07-23,2
5549,222,2026-07-29,3
5550,222,2026-08-03,2
5551,223,2026-02-18,2
5552,223,2026-02-27,3
5553,223,2026-03-03,2
5554,223,2026-03-10,2
5555,223,2026-03-16,3
5556,223,2026-03-24,3
5557,223,2026-03-31,2
5558,223,2026-04-08,3
5559,223,2026-04-17,3
5560,223,2026-04-22,1
5561,223,2026-04-29,2
5562,223,2026-05-08,3
5563,223,2026-05-14,2
5564,223,2026-05-18,2
5565,223,2026-05-27,3
5566,223,2026-06-05,2
5567,223,2026-06-09,2
5568,223,2026-06-19,3
5569,223,2026-06-23,3
5570,223,2026-07-01,3
5571,223,2026-07-07,2
5572,223,2026-07-14,1
5573,223,2026-07-23,2
5574,223,2026-07-28,1
5575,223,2026-08-04,1
5576,224,2026-02-17,3
5577,224,2026-02-25,2
5578,224,2026-03-06,2
5579,224,2026-03-12,3
5580,224,2026-03-20,2
5581,224,2026-03-26,2
5582,224,2026-04-01,2
5583,224,2026-04-07,1
5584,224,2026-04-15,1
5585,224,2026-04-23,2
5586,224,2026-04-29,3
5587,224,2026-05-06,2
5588,224,2026-05-12,3
5589,224,2026-05-20,1
5590,224,2026-05-27,3
5591,224,2026-06-03,3
5592,224,2026-06-10,2
5593,224,2026-06-18,1
5594,224,2026-06-24,3
5595,224,2026-07-02,2
5596,224,2026-07-10,3
5597,224,2026-07-16,1
5598,224,2026-07-23,1
5599,224,2026-07-27,2
5600,224,2026-08-06,2
5601,225,2026-02-19,2
5602,225,2026-02-25,2
5603,225,2026-03-03,2
5604,225,2026-03-12,2
5605,225,2026-03-18,2
5606,225,2026-03-23,2
5607,225,2026-03-31,2
5608,225,2026-04-07,2
5609,225,2026-04-15,2
5610,225,2026-04-22,2
5611,225,2026-04-29,2
5612,225,2026-05-04,2
5613,225,2026-05-13,2
5614,225,2026-05-21,2
5615,225,2026-05-28,2
5616,225,2026-06-03,2
5617,225,2026-06-12,2
5618,225,2026-06-19,2
5619,225,2026-06-23,2
5620,225,2026-06-30,2
5621,225,2026-07-10,2
5622,225,2026-07-17,2
5623,225,2026-07-23,2
5624,225,2026-07-29,2
5625,225,2026-08-03,2
5626,226,2026-02-17,2
5627,226,2026-02-24,2
5628,226,2026-03-04,3
5629,226,2026-03-12,1
5630,226,2026-03-20,2
5631,226,2026-03-26,2
5632,226,2026-03-30,2
5633,226,2026-04-09,2
5634,226,2026-04-16,3
5635,226,2026-04-21,3
5636,226,2026-04-29,2
5637,226,2026-05-08,3
5638,226,2026-05-15,2
5639,226,2026-05-21,1
5640,226,2026-05-25,2
5641,226,2026-06-01,1
5642,226,2026-06-08,2
5643,226,2026-06-17,2
5644,226,2026-06-24,2
5645,226,2026-07-03,3
5646,226,2026-07-08,1
5647,226,2026-07-16,2
5648,226,2026-07-22,2
5649,226,2026-07-27,3
5650,226,2026-08-06,2
5651,227,2026-02-16,1
5652,227,2026-02-25,1
5653,227,2026-03-05,2
5654,227,2026-03-10,1
5655,227,2026-03-17,3
5656,227,2026-03-27,3
5657,227,2026-04-01,3
5658,227,2026-04-10,2
5659,227,2026-04-14,2
5660,227,2026-04-24,3
5661,227,2026-04-27,3
5662,227,2026-05-07,1
5663,227,2026-05-12,3
5664,227,2026-05-20,3
5665,227,2026-05-29,3
5666,227,2026-06-05,3
5667,227,2026-06-10,2
5668,227,2026-06-19,2
5669,227,2026-06-26,3
5670,227,2026-07-01,1
5671,227,2026-07-06,2
5672,227,2026-07-14,1
5673,227,2026-07-20,2
5674,227,2026-07-29,2
5675,227,2026-08-05,2
5676,228,2026-02-17,2
5677,228,2026-02-24,2
5678,228,2026-03-04,2
5679,228,2026-03-12,3
5680,228,2026-03-17,1
5681,228,2026-03-26,2
5682,228,2026-04-01,2
5683,228,2026-04-08,2
5684,228,2026-04-14,2
5685,228,2026-04-22,2
5686,228,2026-04-29,2
5687,228,2026-05-08,2
5688,228,2026-05-11,2
5689,228,2026-05-19,2
5690,228,2026-05-25,2
5691,228,2026-06-04,2
5692,228,2026-06-11,2
5693,228,2026-06-18,2
5694,228,2026-06-25,2
5695,228,2026-06-29,2
5696,228,2026-07-10,2
5697,228,2026-07-13,2
5698,228,2026-07-24,2
5699,228,2026-07-29,2
5700,228,2026-08-03,2
5701,229,2026-02-19,1
5702,229,2026-02-23,1
5703,229,2026-03-06,2
5704,229,2026-03-11,3
5705,229,2026-03-20,2
5706,229,2026-03-26,3
5707,229,2026-04-01,2
5708,229,2026-04-10,3
5709,229,2026-04-15,2
5710,229,2026-04-20,2
5711,229,2026-04-27,2
5712,229,2026-05-08,3
5713,229,2026-05-11,3
5714,229,2026-05-22,2
5715,229,2026-05-25,1
5716,229,2026-06-05,1
5717,229,2026-06-09,2
5718,229,2026-06-19,3
5719,229,2026-06-22,2
5720,229,2026-07-03,2
5721,229,2026-07-09,2
5722,229,2026-07-17,3
5723,229,2026-07-21,2
5724,229,2026-07-27,3
5725,229,2026-08-06,2
5726,230,2026-02-19,2
5727,230,2026-02-26,1
5728,230,2026-03-03,1
5729,230,2026-03-11,2
5730,230,2026-03-16,2
5731,230,2026-03-24,2
5732,230,2026-04-03,1
5733,230,2026-04-08,2
5734,230,2026-04-16,3
5735,230,2026-04-24,1
5736,230,2026-04-30,1
5737,230,2026-05-04,2
5738,230,2026-05-14,1
5739,230,2026-05-22,2
5740,230,2026-05-27,1
5741,230,2026-06-01,2
5742,230,2026-06-12,2
5743,230,2026-06-18,1
5744,230,2026-06-22,2
5745,230,2026-06-29,3
5746,230,2026-07-07,2
5747,230,2026-07-15,1
5748,230,2026-07-23,1
5749,230,2026-07-28,2
5750,230,2026-08-05,2
5751,231,2026-02-20,2
5752,231,2026-02-25,1
5753,231,2026-03-06,1
5754,231,2026-03-12,2
5755,231,2026-03-17,2
5756,231,2026-03-27,2
5757,231,2026-04-01,2
5758,231,2026-04-10,3
5759,231,2026-04-14,3
5760,231,2026-04-21,2
5761,231,2026-04-28,3
5762,231,2026-05-05,2
5763,231,2026-05-13,1
5764,231,2026-05-19,3
5765,231,2026-05-25,2
5766,231,2026-06-01,2
5767,231,2026-06-12,1
5768,231,2026-06-19,1
5769,231,2026-06-22,3
5770,231,2026-06-30,3
5771,231,2026-07-10,2
5772,231,2026-07-15,2
5773,231,2026-07-20,3
5774,231,2026-07-29,1
5775,231,2026-08-05,3
5776,232,2026-02-17,1
5777,232,2026-02-24,2
5778,232,2026-03-04,1
5779,232,2026-03-10,1
5780,232,2026-03-19,1
5781,232,2026-03-25,1
5782,232,2026-03-31,2
5783,232,2026-04-07,1
5784,232,2026-04-15,1
5785,232,2026-04-20,2
5786,232,2026-04-28,1
5787,232,2026-05-07,1
5788,232,2026-05-11,1
5789,232,2026-05-21,1
5790,232,2026-05-25,2
5791,232,2026-06-04,1
5792,232,2026-06-09,3
5793,232,2026-06-18,2
5794,232,2026-06-22,2
5795,232,2026-07-02,2
5796,232,2026-07-09,1
5797,232,2026-07-16,3
5798,232,2026-07-21,3
5799,232,2026-07-28,3
5800,232,2026-08-06,1
5801,233,2026-02-16,2
5802,233,2026-02-23,2
5803,233,2026-03-03,2
5804,233,2026-03-13,2
5805,233,2026-03-20,2
5806,233,2026-03-27,2
5807,233,2026-03-30,2
5808,233,2026-04-07,1
5809,233,2026-04-14,2
5810,233,2026-04-20,2
5811,233,2026-04-30,2
5812,233,2026-05-08,2
5813,233,2026-05-13,2
5814,233,2026-05-20,2
5815,233,2026-05-28,2
5816,233,2026-06-02,2
5817,233,2026-06-09,2
5818,233,2026-06-15,2
5819,233,2026-06-26,2
5820,233,2026-07-01,2
5821,233,2026-07-09,2
5822,233,2026-07-15,2
5823,233,2026-07-24,2
5824,233,2026-07-27,2
5825,233,2026-08-06,2
5826,234,2026-02-16,3
5827,234,2026-02-26,2
5828,234,2026-03-05,2
5829,234,2026-03-12,2
5830,234,2026-03-16,2
5831,234,2026-03-25,2
5832,234,2026-04-01,2
5833,234,2026-04-08,2
5834,234,2026-04-13,2
5835,234,2026-04-23,2
5836,234,2026-04-29,2
5837,234,2026-05-05,2
5838,234,2026-05-11,2
5839,234,2026-05-21,2
5840,234,2026-05-28,3
5841,234,2026-06-01,2
5842,234,2026-06-10,2
5843,234,2026-06-17,2
5844,234,2026-06-22,2
5845,234,2026-06-30,2
5846,234,2026-07-07,2
5847,234,2026-07-14,2
5848,234,2026-07-24,2
5849,234,2026-07-27,2
5850,234,2026-08-04,2
5851,235,2026-02-17,3
5852,235,2026-02-24,2
5853,235,2026-03-05,2
5854,235,2026-03-09,2
5855,235,2026-03-16,1
5856,235,2026-03-27,2
5857,235,2026-03-31,1
5858,235,2026-04-08,1
5859,235,2026-04-15,2
5860,235,2026-04-24,1
5861,235,2026-04-30,1
5862,235,2026-05-05,2
5863,235,2026-05-14,2
5864,235,2026-05-19,3
5865,235,2026-05-26,2
5866,235,2026-06-05,2
5867,235,2026-06-09,3
5868,235,2026-06-16,2
5869,235,2026-06-24,2
5870,235,2026-06-29,1
5871,235,2026-07-07,2
5872,235,2026-07-13,2
5873,235,2026-07-23,2
5874,235,2026-07-28,2
5875,235,2026-08-05,2
5876,236,2026-02-18,3
5877,236,2026-02-25,2
5878,236,2026-03-06,3
5879,236,2026-03-11,2
5880,236,2026-03-16,2
5881,236,2026-03-23,1
5882,236,2026-04-01,3
5883,236,2026-04-06,3
5884,236,2026-04-16,1
5885,236,2026-04-20,1
5886,236,2026-04-28,2
5887,236,2026-05-07,2
5888,236,2026-05-11,2
5889,236,2026-05-22,2
5890,236,2026-05-28,2
5891,236,2026-06-05,1
5892,236,2026-06-12,3
5893,236,2026-06-16,1
5894,236,2026-06-23,2
5895,236,2026-06-29,2
5896,236,2026-07-06,2
5897,236,2026-07-15,2
5898,236,2026-07-21,2
5899,236,2026-07-27,1
5900,236,2026-08-06,2
5901,237,2026-02-16,3
5902,237,2026-02-26,3
5903,237,2026-03-05,1
5904,237,2026-03-12,2
5905,237,2026-03-20,2
5906,237,2026-03-26,2
5907,237,2026-03-31,1
5908,237,2026-04-10,1
5909,237,2026-04-13,3
5910,237,2026-04-22,2
5911,237,2026-04-30,2
5912,237,2026-05-07,2
5913,237,2026-05-13,2
5914,237,2026-05-19,2
5915,237,2026-05-27,2
5916,237,2026-06-05,2
5917,237,2026-06-10,2
5918,237,2026-06-19,2
5919,237,2026-06-22,2
5920,237,2026-07-02,2
5921,237,2026-07-09,2
5922,237,2026-07-17,2
5923,237,2026-07-21,2
5924,237,2026-07-28,2
5925,237,2026-08-04,1
5926,238,2026-02-17,3
5927,238,2026-02-24,1
5928,238,2026-03-03,3
5929,238,2026-03-09,3
5930,238,2026-03-16,2
5931,238,2026-03-26,1
5932,238,2026-04-01,1
5933,238,2026-04-10,2
5934,238,2026-04-13,2
5935,238,2026-04-21,2
5936,238,2026-04-28,1
5937,238,2026-05-06,2
5938,238,2026-05-12,2
5939,238,2026-05-20,2
5940,238,2026-05-27,2
5941,238,2026-06-04,3
5942,238,2026-06-12,2
5943,238,2026-06-19,2
5944,238,2026-06-26,2
5945,238,2026-07-03,3
5946,238,2026-07-08,2
5947,238,2026-07-14,1
5948,238,2026-07-22,2
5949,238,2026-07-30,1
5950,238,2026-08-05,2
5951,239,2026-02-20,2
5952,239,2026-02-23,2
5953,239,2026-03-05,2
5954,239,2026-03-09,2
5955,239,2026-03-17,2
5956,239,2026-03-24,2
5957,239,2026-03-30,2
5958,239,2026-04-07,2
5959,239,2026-04-13,2
5960,239,2026-04-21,2
5961,239,2026-04-28,2
5962,239,2026-05-07,2
5963,239,2026-05-13,2
5964,239,2026-05-18,2
5965,239,2026-05-29,2
5966,239,2026-06-04,2
5967,239,2026-06-11,2
5968,239,2026-06-17,2
5969,239,2026-06-23,2
5970,239,2026-07-03,2
5971,239,2026-07-09,2
5972,239,2026-07-16,1
5973,239,2026-07-21,1
5974,239,2026-07-30,2
5975,239,2026-08-07,1
5976,240,2026-02-20,1
5977,240,2026-02-26,1
5978,240,2026-03-02,1
5979,240,2026-03-11,3
5980,240,2026-03-20,2
5981,240,2026-03-25,3
5982,240,2026-04-01,1
5983,240,2026-04-07,3
5984,240,2026-04-15,2
5985,240,2026-04-22,2
5986,240,2026-04-30,3
5987,240,2026-05-08,3
5988,240,2026-05-14,3
5989,240,2026-05-18,3
5990,240,2026-05-27,1
5991,240,2026-06-05,1
5992,240,2026-06-10,3
5993,240,2026-06-15,3
5994,240,2026-06-24,1
5995,240,2026-07-02,3
5996,240,2026-07-06,1
5997,240,2026-07-17,3
5998,240,2026-07-21,3
5999,240,2026-07-27,2
6000,240,2026-08-04,1
6001,241,2026-02-16,1
6002,241,2026-02-23,2
6003,241,2026-03-06,3
6004,241,2026-03-11,2
6005,241,2026-03-17,2
6006,241,2026-03-25,2
6007,241,2026-04-01,2
6008,241,2026-04-09,2
6009,241,2026-04-16,2
6010,241,2026-04-24,2
6011,241,2026-04-27,3
6012,241,2026-05-08,1
6013,241,2026-05-12,2
6014,241,2026-05-21,2
6015,241,2026-05-29,2
6016,241,2026-06-02,1
6017,241,2026-06-09,2
6018,241,2026-06-16,2
6019,241,2026-06-22,2
6020,241,2026-06-30,2
6021,241,2026-07-08,2
6022,241,2026-07-17,2
6023,241,2026-07-24,2
6024,241,2026-07-28,1
6025,241,2026-08-07,2
6026,242,2026-02-20,1
6027,242,2026-02-23,2
6028,242,2026-03-06,1
6029,242,2026-03-11,1
6030,242,2026-03-20,1
6031,242,2026-03-24,1
6032,242,2026-04-03,2
6033,242,2026-04-07,2
6034,242,2026-04-15,2
6035,242,2026-04-21,3
6036,242,2026-04-27,2
6037,242,2026-05-05,1
6038,242,2026-05-15,2
6039,242,2026-05-19,2
6040,242,2026-05-26,3
6041,242,2026-06-05,2
6042,242,2026-06-12,2
6043,242,2026-06-18,2
6044,242,2026-06-23,2
6045,242,2026-07-01,3
6046,242,2026-07-06,2
6047,242,2026-07-16,1
6048,242,2026-07-22,2
6049,242,2026-07-30,1
6050,242,2026-08-07,1
6051,243,2026-02-19,2
6052,243,2026-02-26,2
6053,243,2026-03-04,2
6054,243,2026-03-10,2
6055,243,2026-03-18,3
6056,243,2026-03-23,1
6057,243,2026-03-30,2
6058,243,2026-04-08,1
6059,243,2026-04-17,2
6060,243,2026-04-22,2
6061,243,2026-04-28,2
6062,243,2026-05-08,2
6063,243,2026-05-15,2
6064,243,2026-05-18,2
6065,243,2026-05-25,2
6066,243,2026-06-04,2
6067,243,2026-06-09,2
6068,243,2026-06-16,2
6069,243,2026-06-25,1
6070,243,2026-06-30,2
6071,243,2026-07-07,1
6072,243,2026-07-16,2
6073,243,2026-07-21,2
6074,243,2026-07-30,2
6075,243,2026-08-06,2
6076,244,2026-02-17,2
6077,244,2026-02-24,2
6078,244,2026-03-04,2
6079,244,2026-03-09,1
6080,244,2026-03-17,2
6081,244,2026-03-25,2
6082,244,2026-03-31,2
6083,244,2026-04-09,2
6084,244,2026-04-13,2
6085,244,2026-04-24,2
6086,244,2026-04-28,2
6087,244,2026-05-05,2
6088,244,2026-05-14,2
6089,244,2026-05-19,2
6090,244,2026-05-27,2
6091,244,2026-06-03,2
6092,244,2026-06-08,1
6093,244,2026-06-15,2
6094,244,2026-06-26,2
6095,244,2026-07-01,2
6096,244,2026-07-10,2
6097,244,2026-07-13,2
6098,244,2026-07-24,2
6099,244,2026-07-30,2
6100,244,2026-08-04,2
6101,245,2026-02-18,2
6102,245,2026-02-23,2
6103,245,2026-03-06,3
6104,245,2026-03-13,2
6105,245,2026-03-19,1
6106,245,2026-03-24,1
6107,245,2026-03-30,1
6108,245,2026-04-08,3
6109,245,2026-04-15,2
6110,245,2026-04-20,1
6111,245,2026-04-30,3
6112,245,2026-05-06,2
6113,245,2026-05-11,3
6114,245,2026-05-21,2
6115,245,2026-05-28,2
6116,245,2026-06-05,3
6117,245,2026-06-09,2
6118,245,2026-06-18,3
6119,245,2026-06-24,2
6120,245,2026-06-30,2
6121,245,2026-07-10,2
6122,245,2026-07-13,2
6123,245,2026-07-20,1
6124,245,2026-07-31,1
6125,245,2026-08-07,1
6126,246,2026-02-17,2
6127,246,2026-02-26,2
6128,246,2026-03-05,2
6129,246,2026-03-12,1
6130,246,2026-03-16,2
6131,246,2026-03-23,3
6132,246,2026-04-01,3
6133,246,2026-04-08,3
6134,246,2026-04-15,3
6135,246,2026-04-24,2
6136,246,2026-04-29,3
6137,246,2026-05-07,2
6138,246,2026-05-13,2
6139,246,2026-05-20,2
6140,246,2026-05-25,3
6141,246,2026-06-01,3
6142,246,2026-06-08,3
6143,246,2026-06-18,3
6144,246,2026-06-23,3
6145,246,2026-07-03,3
6146,246,2026-07-09,3
6147,246,2026-07-14,3
6148,246,2026-07-24,3
6149,246,2026-07-30,2
6150,246,2026-08-05,3
6151,247,2026-02-19,1
6152,247,2026-02-27,3
6153,247,2026-03-06,1
6154,247,2026-03-13,1
6155,247,2026-03-19,2
6156,247,2026-03-27,2
6157,247,2026-04-03,2
6158,247,2026-04-09,1
6159,247,2026-04-13,1
6160,247,2026-04-24,2
6161,247,2026-04-27,2
6162,247,2026-05-08,3
6163,247,2026-05-11,1
6164,247,2026-05-22,3
6165,247,2026-05-25,3
6166,247,2026-06-01,3
6167,247,2026-06-09,3
6168,247,2026-06-17,2
6169,247,2026-06-26,1
6170,247,2026-07-03,3
6171,247,2026-07-09,1
6172,247,2026-07-16,2
6173,247,2026-07-20,3
6174,247,2026-07-29,1
6175,247,2026-08-06,3
6176,248,2026-02-20,3
6177,248,2026-02-27,1
6178,248,2026-03-02,3
6179,248,2026-03-12,2
6180,248,2026-03-19,1
6181,248,2026-03-23,2
6182,248,2026-03-31,2
6183,248,2026-04-10,1
6184,248,2026-04-14,3
6185,248,2026-04-20,3
6186,248,2026-04-29,3
6187,248,2026-05-04,3
6188,248,2026-05-13,3
6189,248,2026-05-21,3
6190,248,2026-05-25,3
6191,248,2026-06-04,1
6192,248,2026-06-10,1
6193,248,2026-06-17,3
6194,248,2026-06-24,3
6195,248,2026-07-01,1
6196,248,2026-07-07,3
6197,248,2026-07-15,3
6198,248,2026-07-23,1
6199,248,2026-07-27,1
6200,248,2026-08-05,1
6201,249,2026-02-18,2
6202,249,2026-02-24,2
6203,249,2026-03-03,2
6204,249,2026-03-13,2
6205,249,2026-03-20,2
6206,249,2026-03-25,2
6207,249,2026-04-02,1
6208,249,2026-04-08,2
6209,249,2026-04-14,2
6210,249,2026-04-23,2
6211,249,2026-04-27,2
6212,249,2026-05-06,2
6213,249,2026-05-13,2
6214,249,2026-05-22,1
6215,249,2026-05-29,2
6216,249,2026-06-02,2
6217,249,2026-06-10,2
6218,249,2026-06-17,1
6219,249,2026-06-22,2
6220,249,2026-06-29,1
6221,249,2026-07-09,2
6222,249,2026-07-15,2
6223,249,2026-07-24,2
6224,249,2026-07-30,2
6225,249,2026-08-04,2
6226,250,2026-02-17,2
6227,250,2026-02-25,3
6228,250,2026-03-05,3
6229,250,2026-03-11,2
6230,250,2026-03-18,2
6231,250,2026-03-26,2
6232,250,2026-04-01,3
6233,250,2026-04-07,2
6234,250,2026-04-14,2
6235,250,2026-04-22,3
6236,250,2026-04-27,2
6237,250,2026-05-04,1
6238,250,2026-05-12,2
6239,250,2026-05-22,1
6240,250,2026-05-27,2
6241,250,2026-06-05,3
6242,250,2026-06-12,2
6243,250,2026-06-17,2
6244,250,2026-06-26,1
6245,250,2026-07-03,1
6246,250,2026-07-07,2
6247,250,2026-07-16,2
6248,250,2026-07-24,2
6249,250,2026-07-27,2
6250,250,2026-08-04,1
6251,251,2026-02-16,1
6252,251,2026-02-27,1
6253,251,2026-03-05,2
6254,251,2026-03-11,2
6255,251,2026-03-17,1
6256,251,2026-03-25,2
6257,251,2026-04-03,2
6258,251,2026-04-08,2
6259,251,2026-04-16,2
6260,251,2026-04-21,3
6261,251,2026-04-30,1
6262,251,2026-05-04,1
6263,251,2026-05-13,2
6264,251,2026-05-22,1
6265,251,2026-05-29,1
6266,251,2026-06-01,3
6267,251,2026-06-10,2
6268,251,2026-06-16,1
6269,251,2026-06-25,2
6270,251,2026-06-29,1
6271,251,2026-07-07,2
6272,251,2026-07-17,1
6273,251,2026-07-21,1
6274,251,2026-07-29,2
6275,251,2026-08-03,1
6276,252,2026-02-17,2
6277,252,2026-02-24,3
6278,252,2026-03-03,3
6279,252,2026-03-10,2
6280,252,2026-03-19,3
6281,252,2026-03-24,2
6282,252,2026-03-31,2
6283,252,2026-04-06,2
6284,252,2026-04-15,2
6285,252,2026-04-21,3
6286,252,2026-04-27,2
6287,252,2026-05-08,3
6288,252,2026-05-14,3
6289,252,2026-05-21,2
6290,252,2026-05-28,2
6291,252,2026-06-05,3
6292,252,2026-06-12,3
6293,252,2026-06-19,3
6294,252,2026-06-23,2
6295,252,2026-07-02,3
6296,252,2026-07-07,2
6297,252,2026-07-17,2
6298,252,2026-07-24,2
6299,252,2026-07-30,3
6300,252,2026-08-07,1
6301,253,2026-02-18,1
6302,253,2026-02-25,2
6303,253,2026-03-04,1
6304,253,2026-03-12,2
6305,253,2026-03-18,2
6306,253,2026-03-25,2
6307,253,2026-03-31,2
6308,253,2026-04-08,2
6309,253,2026-04-17,2
6310,253,2026-04-22,2
6311,253,2026-04-27,2
6312,253,2026-05-05,2
6313,253,2026-05-13,1
6314,253,2026-05-19,2
6315,253,2026-05-29,2
6316,253,2026-06-05,2
6317,253,2026-06-09,2
6318,253,2026-06-15,2
6319,253,2026-06-26,2
6320,253,2026-07-02,2
6321,253,2026-07-10,3
6322,253,2026-07-15,2
6323,253,2026-07-20,2
6324,253,2026-07-31,3
6325,253,2026-08-04,2
6326,254,2026-02-20,2
6327,254,2026-02-24,3
6328,254,2026-03-05,3
6329,254,2026-03-11,2
6330,254,2026-03-20,1
6331,254,2026-03-23,2
6332,254,2026-04-02,2
6333,254,2026-04-10,1
6334,254,2026-04-16,1
6335,254,2026-04-23,3
6336,254,2026-05-01,3
6337,254,2026-05-07,2
6338,254,2026-05-11,2
6339,254,2026-05-19,2
6340,254,2026-05-25,2
6341,254,2026-06-05,1
6342,254,2026-06-11,2
6343,254,2026-06-19,2
6344,254,2026-06-22,2
6345,254,2026-07-01,1
6346,254,2026-07-09,2
6347,254,2026-07-14,1
6348,254,2026-07-20,2
6349,254,2026-07-29,3
6350,254,2026-08-03,2
6351,255,2026-02-20,2
6352,255,2026-02-25,3
6353,255,2026-03-02,2
6354,255,2026-03-13,2
6355,255,2026-03-19,2
6356,255,2026-03-26,2
6357,255,2026-03-31,2
6358,255,2026-04-09,3
6359,255,2026-04-14,2
6360,255,2026-04-23,2
6361,255,2026-04-29,2
6362,255,2026-05-08,2
6363,255,2026-05-13,2
6364,255,2026-05-20,2
6365,255,2026-05-26,2
6366,255,2026-06-05,2
6367,255,2026-06-12,2
6368,255,2026-06-18,3
6369,255,2026-06-23,2
6370,255,2026-07-03,2
6371,255,2026-07-10,2
6372,255,2026-07-15,2
6373,255,2026-07-20,2
6374,255,2026-07-31,2
6375,255,2026-08-03,3
6376,256,2026-02-20,2
6377,256,2026-02-23,2
6378,256,2026-03-02,2
6379,256,2026-03-13,2
6380,256,2026-03-16,2
6381,256,2026-03-27,2
6382,256,2026-04-02,2
6383,256,2026-04-07,2
6384,256,2026-04-14,3
6385,256,2026-04-21,3
6386,256,2026-05-01,2
6387,256,2026-05-05,1
6388,256,2026-05-12,2
6389,256,2026-05-18,2
6390,256,2026-05-28,2
6391,256,2026-06-01,2
6392,256,2026-06-10,2
6393,256,2026-06-15,2
6394,256,2026-06-22,1
6395,256,2026-07-02,2
6396,256,2026-07-10,2
6397,256,2026-07-16,3
6398,256,2026-07-23,2
6399,256,2026-07-30,2
6400,256,2026-08-06,2
6401,257,2026-02-18,3
6402,257,2026-02-24,3
6403,257,2026-03-02,2
6404,257,2026-03-11,2
6405,257,2026-03-18,3
6406,257,2026-03-24,2
6407,257,2026-04-02,3
6408,257,2026-04-08,2
6409,257,2026-04-16,2
6410,257,2026-04-20,3
6411,257,2026-04-28,2
6412,257,2026-05-06,2
6413,257,2026-05-14,3
6414,257,2026-05-19,1
6415,257,2026-05-26,1
6416,257,2026-06-03,1
6417,257,2026-06-08,2
6418,257,2026-06-17,2
6419,257,2026-06-25,2
6420,257,2026-06-29,1
6421,257,2026-07-10,2
6422,257,2026-07-15,2
6423,257,2026-07-20,1
6424,257,2026-07-31,2
6425,257,2026-08-03,2
6426,258,2026-02-16,3
6427,258,2026-02-25,2
6428,258,2026-03-02,2
6429,258,2026-03-10,2
6430,258,2026-03-16,2
6431,258,2026-03-27,2
6432,258,2026-03-30,1
6433,258,2026-04-06,1
6434,258,2026-04-15,2
6435,258,2026-04-23,1
6436,258,2026-04-29,2
6437,258,2026-05-04,2
6438,258,2026-05-15,2
6439,258,2026-05-22,2
6440,258,2026-05-27,1
6441,258,2026-06-01,2
6442,258,2026-06-09,1
6443,258,2026-06-16,2
6444,258,2026-06-26,2
6445,258,2026-07-02,2
6446,258,2026-07-07,2
6447,258,2026-07-17,2
6448,258,2026-07-21,2
6449,258,2026-07-29,1
6450,258,2026-08-03,3
6451,259,2026-02-20,2
6452,259,2026-02-25,1
6453,259,2026-03-06,1
6454,259,2026-03-10,2
6455,259,2026-03-19,2
6456,259,2026-03-24,1
6457,259,2026-04-03,2
6458,259,2026-04-07,3
6459,259,2026-04-16,1
6460,259,2026-04-20,2
6461,259,2026-05-01,2
6462,259,2026-05-04,1
6463,259,2026-05-15,2
6464,259,2026-05-18,1
6465,259,2026-05-27,2
6466,259,2026-06-03,2
6467,259,2026-06-08,1
6468,259,2026-06-17,2
6469,259,2026-06-23,2
6470,259,2026-07-03,2
6471,259,2026-07-10,2
6472,259,2026-07-14,2
6473,259,2026-07-20,2
6474,259,2026-07-30,2
6475,259,2026-08-04,3
6476,260,2026-02-17,2
6477,260,2026-02-27,1
6478,260,2026-03-04,2
6479,260,2026-03-12,3
6480,260,2026-03-20,2
6481,260,2026-03-26,1
6482,260,2026-04-02,2
6483,260,2026-04-06,1
6484,260,2026-04-17,2
6485,260,2026-04-20,1
6486,260,2026-04-29,2
6487,260,2026-05-05,1
6488,260,2026-05-13,3
6489,260,2026-05-19,2
6490,260,2026-05-26,2
6491,260,2026-06-04,3
6492,260,2026-06-09,1
6493,260,2026-06-18,2
6494,260,2026-06-22,2
6495,260,2026-07-01,1
6496,260,2026-07-06,1
6497,260,2026-07-16,2
6498,260,2026-07-24,2
6499,260,2026-07-27,2
6500,260,2026-08-07,2
6501,261,2026-02-18,2
6502,261,2026-02-27,2
6503,261,2026-03-06,3
6504,261,2026-03-13,3
6505,261,2026-03-20,2
6506,261,2026-03-27,2
6507,261,2026-04-02,1
6508,261,2026-04-10,2
6509,261,2026-04-14,1
6510,261,2026-04-22,2
6511,261,2026-04-29,2
6512,261,2026-05-05,2
6513,261,2026-05-14,1
6514,261,2026-05-19,3
6515,261,2026-05-27,1
6516,261,2026-06-04,2
6517,261,2026-06-11,3
6518,261,2026-06-18,2
6519,261,2026-06-25,3
6520,261,2026-06-29,3
6521,261,2026-07-09,2
6522,261,2026-07-13,2
6523,261,2026-07-23,1
6524,261,2026-07-27,2
6525,261,2026-08-05,2
6526,262,2026-02-19,3
6527,262,2026-02-27,2
6528,262,2026-03-05,2
6529,262,2026-03-11,1
6530,262,2026-03-19,2
6531,262,2026-03-25,2
6532,262,2026-03-30,2
6533,262,2026-04-10,3
6534,262,2026-04-13,1
6535,262,2026-04-21,2
6536,262,2026-04-27,3
6537,262,2026-05-06,1
6538,262,2026-05-15,2
6539,262,2026-05-22,2
6540,262,2026-05-29,2
6541,262,2026-06-02,2
6542,262,2026-06-10,2
6543,262,2026-06-15,3
6544,262,2026-06-26,2
6545,262,2026-06-29,1
6546,262,2026-07-06,3
6547,262,2026-07-15,2
6548,262,2026-07-23,3
6549,262,2026-07-28,1
6550,262,2026-08-05,3
6551,263,2026-02-16,3
6552,263,2026-02-26,2
6553,263,2026-03-06,2
6554,263,2026-03-13,2
6555,263,2026-03-17,2
6556,263,2026-03-27,2
6557,263,2026-04-01,3
6558,263,2026-04-06,2
6559,263,2026-04-14,1
6560,263,2026-04-20,2
6561,263,2026-04-30,2
6562,263,2026-05-05,3
6563,263,2026-05-12,2
6564,263,2026-05-20,2
6565,263,2026-05-25,2
6566,263,2026-06-02,1
6567,263,2026-06-11,1
6568,263,2026-06-16,2
6569,263,2026-06-26,2
6570,263,2026-07-03,3
6571,263,2026-07-06,1
6572,263,2026-07-13,2
6573,263,2026-07-23,3
6574,263,2026-07-28,2
6575,263,2026-08-03,2
6576,264,2026-02-16,2
6577,264,2026-02-24,2
6578,264,2026-03-04,1
6579,264,2026-03-10,1
6580,264,2026-03-19,3
6581,264,2026-03-24,2
6582,264,2026-04-01,3
6583,264,2026-04-09,3
6584,264,2026-04-13,1
6585,264,2026-04-21,2
6586,264,2026-04-28,2
6587,264,2026-05-08,3
6588,264,2026-05-12,3
6589,264,2026-05-22,2
6590,264,2026-05-27,2
6591,264,2026-06-04,1
6592,264,2026-06-12,3
6593,264,2026-06-17,2
6594,264,2026-06-23,2
6595,264,2026-07-01,2
6596,264,2026-07-09,2
6597,264,2026-07-13,3
6598,264,2026-07-23,3
6599,264,2026-07-30,2
6600,264,2026-08-06,3
6601,265,2026-02-17,1
6602,265,2026-02-26,2
6603,265,2026-03-04,2
6604,265,2026-03-13,1
6605,265,2026-03-16,2
6606,265,2026-03-26,2
6607,265,2026-03-30,2
6608,265,2026-04-09,2
6609,265,2026-04-14,1
6610,265,2026-04-21,2
6611,265,2026-04-27,2
6612,265,2026-05-04,3
6613,265,2026-05-11,2
6614,265,2026-05-19,2
6615,265,2026-05-28,2
6616,265,2026-06-01,2
6617,265,2026-06-09,2
6618,265,2026-06-19,1
6619,265,2026-06-24,2
6620,265,2026-06-30,1
6621,265,2026-07-08,1
6622,265,2026-07-16,2
6623,265,2026-07-22,2
6624,265,2026-07-31,2
6625,265,2026-08-05,1
6626,266,2026-02-20,1
6627,266,2026-02-25,3
6628,266,2026-03-02,2
6629,266,2026-03-09,2
6630,266,2026-03-19,2
6631,266,2026-03-24,1
6632,266,2026-03-30,1
6633,266,2026-04-10,2
6634,266,2026-04-16,3
6635,266,2026-04-21,1
6636,266,2026-04-28,1
6637,266,2026-05-08,2
6638,266,2026-05-11,3
6639,266,2026-05-21,2
6640,266,2026-05-28,2
6641,266,2026-06-01,2
6642,266,2026-06-08,2
6643,266,2026-06-16,2
6644,266,2026-06-22,2
6645,266,2026-07-02,2
6646,266,2026-07-07,3
6647,266,2026-07-13,1
6648,266,2026-07-20,2
6649,266,2026-07-28,1
6650,266,2026-08-06,1
6651,267,2026-02-18,1
6652,267,2026-02-26,1
6653,267,2026-03-03,1
6654,267,2026-03-12,1
6655,267,2026-03-20,2
6656,267,2026-03-23,2
6657,267,2026-04-03,1
6658,267,2026-04-07,1
6659,267,2026-04-14,2
6660,267,2026-04-22,2
6661,267,2026-04-27,3
6662,267,2026-05-08,1
6663,267,2026-05-11,1
6664,267,2026-05-19,1
6665,267,2026-05-27,1
6666,267,2026-06-03,1
6667,267,2026-06-09,1
6668,267,2026-06-17,1
6669,267,2026-06-25,1
6670,267,2026-06-30,2
6671,267,2026-07-06,2
6672,267,2026-07-16,3
6673,267,2026-07-23,1
6674,267,2026-07-28,2
6675,267,2026-08-05,1
6676,268,2026-02-16,2
6677,268,2026-02-24,2
6678,268,2026-03-03,2
6679,268,2026-03-10,2
6680,268,2026-03-18,2
6681,268,2026-03-26,2
6682,268,2026-03-30,2
6683,268,2026-04-09,2
6684,268,2026-04-13,3
6685,268,2026-04-21,2
6686,268,2026-05-01,3
6687,268,2026-05-08,3
6688,268,2026-05-13,2
6689,268,2026-05-22,2
6690,268,2026-05-26,3
6691,268,2026-06-02,2
6692,268,2026-06-12,2
6693,268,2026-06-17,1
6694,268,2026-06-22,2
6695,268,2026-06-29,2
6696,268,2026-07-06,2
6697,268,2026-07-16,2
6698,268,2026-07-24,2
6699,268,2026-07-31,2
6700,268,2026-08-03,2
6701,269,2026-02-17,2
6702,269,2026-02-25,2
6703,269,2026-03-04,2
6704,269,2026-03-09,2
6705,269,2026-03-17,3
6706,269,2026-03-23,2
6707,269,2026-03-31,3
6708,269,2026-04-06,2
6709,269,2026-04-16,2
6710,269,2026-04-20,3
6711,269,2026-05-01,2
6712,269,2026-05-04,2
6713,269,2026-05-14,2
6714,269,2026-05-22,3
6715,269,2026-05-25,3
6716,269,2026-06-02,2
6717,269,2026-06-08,3
6718,269,2026-06-19,2
6719,269,2026-06-26,2
6720,269,2026-06-29,3
6721,269,2026-07-06,2
6722,269,2026-07-16,2
6723,269,2026-07-24,2
6724,269,2026-07-30,2
6725,269,2026-08-05,2
6726,270,2026-02-19,2
6727,270,2026-02-26,2
6728,270,2026-03-03,2
6729,270,2026-03-12,2
6730,270,2026-03-20,2
6731,270,2026-03-25,2
6732,270,2026-04-01,2
6733,270,2026-04-09,3
6734,270,2026-04-16,2
6735,270,2026-04-21,2
6736,270,2026-04-30,2
6737,270,2026-05-08,3
6738,270,2026-05-13,2
6739,270,2026-05-19,2
6740,270,2026-05-26,2
6741,270,2026-06-03,2
6742,270,2026-06-09,2
6743,270,2026-06-18,2
6744,270,2026-06-24,2
6745,270,2026-06-30,3
6746,270,2026-07-08,2
6747,270,2026-07-13,2
6748,270,2026-07-23,3
6749,270,2026-07-29,2
6750,270,2026-08-04,2
6751,271,2026-02-19,2
6752,271,2026-02-26,2
6753,271,2026-03-06,2
6754,271,2026-03-10,2
6755,271,2026-03-19,2
6756,271,2026-03-24,2
6757,271,2026-04-01,2
6758,271,2026-04-07,3
6759,271,2026-04-16,2
6760,271,2026-04-23,2
6761,271,2026-04-30,2
6762,271,2026-05-07,2
6763,271,2026-05-14,2
6764,271,2026-05-21,2
6765,271,2026-05-28,1
6766,271,2026-06-04,2
6767,271,2026-06-10,2
6768,271,2026-06-17,2
6769,271,2026-06-24,2
6770,271,2026-07-02,1
6771,271,2026-07-07,1
6772,271,2026-07-17,3
6773,271,2026-07-21,2
6774,271,2026-07-28,2
6775,271,2026-08-04,1
6776,272,2026-02-20,1
6777,272,2026-02-24,2
6778,272,2026-03-06,2
6779,272,2026-03-11,2
6780,272,2026-03-19,2
6781,272,2026-03-27,1
6782,272,2026-04-02,2
6783,272,2026-04-08,2
6784,272,2026-04-15,2
6785,272,2026-04-21,3
6786,272,2026-04-30,1
6787,272,2026-05-05,2
6788,272,2026-05-14,3
6789,272,2026-05-18,3
6790,272,2026-05-29,3
6791,272,2026-06-04,1
6792,272,2026-06-10,1
6793,272,2026-06-19,1
6794,272,2026-06-25,2
6795,272,2026-06-29,2
6796,272,2026-07-07,2
6797,272,2026-07-14,2
6798,272,2026-07-22,2
6799,272,2026-07-31,3
6800,272,2026-08-04,3
6801,273,2026-02-20,1
6802,273,2026-02-26,3
6803,273,2026-03-03,3
6804,273,2026-03-12,2
6805,273,2026-03-16,2
6806,273,2026-03-24,2
6807,273,2026-04-02,3
6808,273,2026-04-10,3
6809,273,2026-04-14,3
6810,273,2026-04-22,1
6811,273,2026-05-01,3
6812,273,2026-05-05,1
6813,273,2026-05-14,2
6814,273,2026-05-22,1
6815,273,2026-05-26,2
6816,273,2026-06-02,2
6817,273,2026-06-11,2
6818,273,2026-06-17,3
6819,273,2026-06-25,2
6820,273,2026-06-30,2
6821,273,2026-07-07,3
6822,273,2026-07-16,2
6823,273,2026-07-22,2
6824,273,2026-07-31,1
6825,273,2026-08-07,2
6826,274,2026-02-16,2
6827,274,2026-02-23,3
6828,274,2026-03-02,1
6829,274,2026-03-09,1
6830,274,2026-03-16,3
6831,274,2026-03-23,3
6832,274,2026-03-30,2
6833,274,2026-04-08,2
6834,274,2026-04-13,3
6835,274,2026-04-22,3
6836,274,2026-04-29,1
6837,274,2026-05-05,2
6838,274,2026-05-12,3
6839,274,2026-05-19,2
6840,274,2026-05-27,2
6841,274,2026-06-01,2
6842,274,2026-06-10,1
6843,274,2026-06-19,3
6844,274,2026-06-24,1
6845,274,2026-07-03,2
6846,274,2026-07-09,1
6847,274,2026-07-16,2
6848,274,2026-07-22,1
6849,274,2026-07-28,3
6850,274,2026-08-05,2
6851,275,2026-02-16,3
6852,275,2026-02-27,2
6853,275,2026-03-03,3
6854,275,2026-03-10,2
6855,275,2026-03-17,1
6856,275,2026-03-26,2
6857,275,2026-03-30,2
6858,275,2026-04-10,3
6859,275,2026-04-17,1
6860,275,2026-04-23,2
6861,275,2026-04-28,1
6862,275,2026-05-08,2
6863,275,2026-05-15,2
6864,275,2026-05-21,2
6865,275,2026-05-27,2
6866,275,2026-06-02,2
6867,275,2026-06-08,2
6868,275,2026-06-16,1
6869,275,2026-06-25,2
6870,275,2026-06-29,2
6871,275,2026-07-06,2
6872,275,2026-07-14,3
6873,275,2026-07-23,3
6874,275,2026-07-30,2
6875,275,2026-08-06,2
6876,276,2026-02-17,2
6877,276,2026-02-23,2
6878,276,2026-03-06,3
6879,276,2026-03-11,3
6880,276,2026-03-19,3
6881,276,2026-03-27,3
6882,276,2026-04-03,3
6883,276,2026-04-07,3
6884,276,2026-04-16,2
6885,276,2026-04-20,3
6886,276,2026-04-30,3
6887,276,2026-05-08,2
6888,276,2026-05-13,3
6889,276,2026-05-20,2
6890,276,2026-05-25,2
6891,276,2026-06-03,3
6892,276,2026-06-08,2
6893,276,2026-06-16,3
6894,276,2026-06-23,2
6895,276,2026-07-03,3
6896,276,2026-07-08,2
6897,276,2026-07-16,2
6898,276,2026-07-21,3
6899,276,2026-07-27,2
6900,276,2026-08-04,2
6901,277,2026-02-18,2
6902,277,2026-02-23,2
6903,277,2026-03-04,2
6904,277,2026-03-13,1
6905,277,2026-03-19,2
6906,277,2026-03-23,2
6907,277,2026-04-03,2
6908,277,2026-04-10,2
6909,277,2026-04-16,2
6910,277,2026-04-21,1
6911,277,2026-04-29,2
6912,277,2026-05-06,2
6913,277,2026-05-12,1
6914,277,2026-05-22,2
6915,277,2026-05-27,2
6916,277,2026-06-05,2
6917,277,2026-06-08,2
6918,277,2026-06-18,3
6919,277,2026-06-24,2
6920,277,2026-06-30,2
6921,277,2026-07-06,2
6922,277,2026-07-14,1
6923,277,2026-07-22,2
6924,277,2026-07-29,2
6925,277,2026-08-06,3
6926,278,2026-02-18,2
6927,278,2026-02-23,2
6928,278,2026-03-04,2
6929,278,2026-03-12,1
6930,278,2026-03-16,2
6931,278,2026-03-25,3
6932,278,2026-04-03,2
6933,278,2026-04-06,1
6934,278,2026-04-14,3
6935,278,2026-04-24,2
6936,278,2026-04-27,2
6937,278,2026-05-08,2
6938,278,2026-05-11,3
6939,278,2026-05-20,2
6940,278,2026-05-28,3
6941,278,2026-06-02,3
6942,278,2026-06-11,2
6943,278,2026-06-18,2
6944,278,2026-06-25,2
6945,278,2026-06-29,3
6946,278,2026-07-08,1
6947,278,2026-07-16,1
6948,278,2026-07-22,2
6949,278,2026-07-29,3
6950,278,2026-08-07,2
6951,279,2026-02-19,1
6952,279,2026-02-25,2
6953,279,2026-03-03,3
6954,279,2026-03-11,1
6955,279,2026-03-18,2
6956,279,2026-03-27,2
6957,279,2026-03-31,2
6958,279,2026-04-09,2
6959,279,2026-04-15,2
6960,279,2026-04-22,1
6961,279,2026-04-27,1
6962,279,2026-05-07,2
6963,279,2026-05-11,2
6964,279,2026-05-20,2
6965,279,2026-05-29,2
6966,279,2026-06-01,2
6967,279,2026-06-08,1
6968,279,2026-06-16,2
6969,279,2026-06-22,2
6970,279,2026-06-30,1
6971,279,2026-07-06,2
6972,279,2026-07-14,2
6973,279,2026-07-22,1
6974,279,2026-07-27,2
6975,279,2026-08-04,1
6976,280,2026-02-17,1
6977,280,2026-02-23,2
6978,280,2026-03-02,2
6979,280,2026-03-09,3
6980,280,2026-03-16,3
6981,280,2026-03-25,1
6982,280,2026-04-03,3
6983,280,2026-04-06,3
6984,280,2026-04-14,2
6985,280,2026-04-24,3
6986,280,2026-04-30,1
6987,280,2026-05-06,3
6988,280,2026-05-11,3
6989,280,2026-05-22,2
6990,280,2026-05-25,3
6991,280,2026-06-01,3
6992,280,2026-06-09,2
6993,280,2026-06-16,2
6994,280,2026-06-22,3
6995,280,2026-06-30,2
6996,280,2026-07-06,2
6997,280,2026-07-13,3
6998,280,2026-07-20,2
6999,280,2026-07-30,3
7000,280,2026-08-04,2
7001,281,2026-02-16,2
7002,281,2026-02-23,2
7003,281,2026-03-05,3
7004,281,2026-03-11,2
7005,281,2026-03-20,3
7006,281,2026-03-24,2
7007,281,2026-04-02,2
7008,281,2026-04-07,2
7009,281,2026-04-16,2
7010,281,2026-04-24,2
7011,281,2026-04-28,2
7012,281,2026-05-07,3
7013,281,2026-05-13,2
7014,281,2026-05-22,3
7015,281,2026-05-25,3
7016,281,2026-06-04,2
7017,281,2026-06-09,2
7018,281,2026-06-19,3
7019,281,2026-06-22,1
7020,281,2026-06-29,2
7021,281,2026-07-07,3
7022,281,2026-07-14,2
7023,281,2026-07-22,1
7024,281,2026-07-28,1
7025,281,2026-08-07,2
7026,282,2026-02-17,3
7027,282,2026-02-23,2
7028,282,2026-03-02,3
7029,282,2026-03-10,1
7030,282,2026-03-17,2
7031,282,2026-03-25,2
7032,282,2026-03-31,3
7033,282,2026-04-07,2
7034,282,2026-04-16,1
7035,282,2026-04-24,2
7036,282,2026-04-29,3
7037,282,2026-05-08,2
7038,282,2026-05-14,2
7039,282,2026-05-22,2
7040,282,2026-05-27,3
7041,282,2026-06-02,2
7042,282,2026-06-11,3
7043,282,2026-06-17,2
7044,282,2026-06-24,1
7045,282,2026-06-30,3
7046,282,2026-07-10,2
7047,282,2026-07-13,2
7048,282,2026-07-22,1
7049,282,2026-07-29,2
7050,282,2026-08-04,2
7051,283,2026-02-16,2
7052,283,2026-02-23,3
7053,283,2026-03-05,2
7054,283,2026-03-11,2
7055,283,2026-03-16,3
7056,283,2026-03-27,2
7057,283,2026-04-02,2
7058,283,2026-04-06,1
7059,283,2026-04-16,2
7060,283,2026-04-20,3
7061,283,2026-04-27,2
7062,283,2026-05-06,3
7063,283,2026-05-15,2
7064,283,2026-05-20,2
7065,283,2026-05-29,3
7066,283,2026-06-01,2
7067,283,2026-06-12,2
7068,283,2026-06-17,2
7069,283,2026-06-24,2
7070,283,2026-07-02,1
7071,283,2026-07-08,2
7072,283,2026-07-16,2
7073,283,2026-07-22,3
7074,283,2026-07-30,2
7075,283,2026-08-05,3
7076,284,2026-02-18,1
7077,284,2026-02-27,3
7078,284,2026-03-03,1
7079,284,2026-03-10,1
7080,284,2026-03-20,2
7081,284,2026-03-24,2
7082,284,2026-03-30,1
7083,284,2026-04-08,3
7084,284,2026-04-16,3
7085,284,2026-04-23,2
7086,284,2026-04-30,2
7087,284,2026-05-06,2
7088,284,2026-05-14,1
7089,284,2026-05-21,2
7090,284,2026-05-28,2
7091,284,2026-06-04,2
7092,284,2026-06-09,3
7093,284,2026-06-16,2
7094,284,2026-06-25,3
7095,284,2026-07-02,3
7096,284,2026-07-06,2
7097,284,2026-07-14,2
7098,284,2026-07-22,1
7099,284,2026-07-30,2
7100,284,2026-08-04,2
7101,285,2026-02-18,2
7102,285,2026-02-23,2
7103,285,2026-03-05,2
7104,285,2026-03-10,2
7105,285,2026-03-17,3
7106,285,2026-03-27,3
7107,285,2026-03-31,3
7108,285,2026-04-07,2
7109,285,2026-04-13,2
7110,285,2026-04-20,2
7111,285,2026-04-30,2
7112,285,2026-05-07,2
7113,285,2026-05-12,1
7114,285,2026-05-20,3
7115,285,2026-05-27,1
7116,285,2026-06-02,2
7117,285,2026-06-08,3
7118,285,2026-06-18,3
7119,285,2026-06-25,2
7120,285,2026-06-30,3
7121,285,2026-07-08,2
7122,285,2026-07-17,2
7123,285,2026-07-22,2
7124,285,2026-07-28,2
7125,285,2026-08-04,1
7126,286,2026-02-20,3
7127,286,2026-02-26,2
7128,286,2026-03-05,1
7129,286,2026-03-12,1
7130,286,2026-03-17,2
7131,286,2026-03-26,1
7132,286,2026-03-30,2
7133,286,2026-04-08,2
7134,286,2026-04-13,2
7135,286,2026-04-20,2
7136,286,2026-04-29,2
7137,286,2026-05-07,3
7138,286,2026-05-15,3
7139,286,2026-05-20,2
7140,286,2026-05-26,2
7141,286,2026-06-02,2
7142,286,2026-06-12,3
7143,286,2026-06-18,2
7144,286,2026-06-23,2
7145,286,2026-07-02,2
7146,286,2026-07-09,2
7147,286,2026-07-13,2
7148,286,2026-07-22,2
7149,286,2026-07-28,1
7150,286,2026-08-05,2
7151,287,2026-02-20,1
7152,287,2026-02-26,1
7153,287,2026-03-06,2
7154,287,2026-03-09,1
7155,287,2026-03-20,1
7156,287,2026-03-24,2
7157,287,2026-04-03,3
7158,287,2026-04-08,2
7159,287,2026-04-15,1
7160,287,2026-04-22,1
7161,287,2026-04-28,3
7162,287,2026-05-06,1
7163,287,2026-05-15,2
7164,287,2026-05-21,1
7165,287,2026-05-25,1
7166,287,2026-06-01,1
7167,287,2026-06-11,1
7168,287,2026-06-17,2
7169,287,2026-06-25,1
7170,287,2026-06-30,2
7171,287,2026-07-07,3
7172,287,2026-07-15,2
7173,287,2026-07-21,2
7174,287,2026-07-29,1
7175,287,2026-08-06,1
7176,288,2026-02-20,2
7177,288,2026-02-25,2
7178,288,2026-03-06,2
7179,288,2026-03-11,1
7180,288,2026-03-17,2
7181,288,2026-03-24,3
7182,288,2026-04-01,2
7183,288,2026-04-10,2
7184,288,2026-04-14,2
7185,288,2026-04-24,2
7186,288,2026-05-01,2
7187,288,2026-05-05,2
7188,288,2026-05-12,2
7189,288,2026-05-21,2
7190,288,2026-05-29,2
7191,288,2026-06-04,2
7192,288,2026-06-08,2
7193,288,2026-06-17,2
7194,288,2026-06-26,3
7195,288,2026-06-29,2
7196,288,2026-07-09,2
7197,288,2026-07-14,2
7198,288,2026-07-24,2
7199,288,2026-07-29,2
7200,288,2026-08-03,2
7201,289,2026-02-19,1
7202,289,2026-02-26,3
7203,289,2026-03-06,2
7204,289,2026-03-11,2
7205,289,2026-03-16,3
7206,289,2026-03-26,1
7207,289,2026-04-02,2
7208,289,2026-04-07,3
7209,289,2026-04-15,1
7210,289,2026-04-21,1
7211,289,2026-04-29,2
7212,289,2026-05-04,3
7213,289,2026-05-14,1
7214,289,2026-05-19,2
7215,289,2026-05-26,1
7216,289,2026-06-01,2
7217,289,2026-06-10,2
7218,289,2026-06-17,3
7219,289,2026-06-26,1
7220,289,2026-07-02,2
7221,289,2026-07-10,2
7222,289,2026-07-14,2
7223,289,2026-07-22,2
7224,289,2026-07-29,2
7225,289,2026-08-06,3
7226,290,2026-02-20,2
7227,290,2026-02-27,2
7228,290,2026-03-03,2
7229,290,2026-03-10,1
7230,290,2026-03-20,3
7231,290,2026-03-27,1
7232,290,2026-03-30,2
7233,290,2026-04-08,3
7234,290,2026-04-13,3
7235,290,2026-04-21,2
7236,290,2026-05-01,1
7237,290,2026-05-08,1
7238,290,2026-05-13,2
7239,290,2026-05-19,1
7240,290,2026-05-28,2
7241,290,2026-06-04,2
7242,290,2026-06-08,2
7243,290,2026-06-17,2
7244,290,2026-06-24,1
7245,290,2026-06-30,2
7246,290,2026-07-07,1
7247,290,2026-07-15,3
7248,290,2026-07-20,3
7249,290,2026-07-27,3
7250,290,2026-08-06,2
7251,291,2026-02-18,2
7252,291,2026-02-26,2
7253,291,2026-03-03,2
7254,291,2026-03-12,2
7255,291,2026-03-19,2
7256,291,2026-03-27,3
7257,291,2026-03-31,3
7258,291,2026-04-10,1
7259,291,2026-04-16,2
7260,291,2026-04-22,2
7261,291,2026-04-27,1
7262,291,2026-05-06,1
7263,291,2026-05-14,1
7264,291,2026-05-20,3
7265,291,2026-05-26,2
7266,291,2026-06-05,2
7267,291,2026-06-11,1
7268,291,2026-06-17,1
7269,291,2026-06-23,2
7270,291,2026-07-03,2
7271,291,2026-07-07,3
7272,291,2026-07-15,2
7273,291,2026-07-20,2
7274,291,2026-07-27,2
7275,291,2026-08-03,3
7276,292,2026-02-20,2
7277,292,2026-02-26,2
7278,292,2026-03-04,1
7279,292,2026-03-10,3
7280,292,2026-03-18,1
7281,292,2026-03-26,2
7282,292,2026-04-03,1
7283,292,2026-04-06,2
7284,292,2026-04-16,1
7285,292,2026-04-22,2
7286,292,2026-04-30,3
7287,292,2026-05-05,1
7288,292,2026-05-13,2
7289,292,2026-05-22,3
7290,292,2026-05-25,3
7291,292,2026-06-03,2
7292,292,2026-06-10,1
7293,292,2026-06-19,3
7294,292,2026-06-26,2
7295,292,2026-06-29,3
7296,292,2026-07-10,2
7297,292,2026-07-13,2
7298,292,2026-07-21,2
7299,292,2026-07-30,3
7300,292,2026-08-03,2
7301,293,2026-02-17,2
7302,293,2026-02-24,1
7303,293,2026-03-02,1
7304,293,2026-03-13,2
7305,293,2026-03-17,3
7306,293,2026-03-24,2
7307,293,2026-03-30,2
7308,293,2026-04-08,2
7309,293,2026-04-15,2
7310,293,2026-04-22,2
7311,293,2026-04-27,2
7312,293,2026-05-07,2
7313,293,2026-05-13,2
7314,293,2026-05-18,2
7315,293,2026-05-28,2
7316,293,2026-06-04,2
7317,293,2026-06-12,3
7318,293,2026-06-15,2
7319,293,2026-06-26,2
7320,293,2026-07-02,2
7321,293,2026-07-09,2
7322,293,2026-07-14,2
7323,293,2026-07-24,2
7324,293,2026-07-27,3
7325,293,2026-08-04,3
7326,294,2026-02-17,3
7327,294,2026-02-23,2
7328,294,2026-03-04,2
7329,294,2026-03-10,2
7330,294,2026-03-17,2
7331,294,2026-03-23,2
7332,294,2026-04-03,2
7333,294,2026-04-06,3
7334,294,2026-04-13,3
7335,294,2026-04-21,2
7336,294,2026-04-30,1
7337,294,2026-05-04,2
7338,294,2026-05-11,2
7339,294,2026-05-19,2
7340,294,2026-05-26,2
7341,294,2026-06-02,3
7342,294,2026-06-09,2
7343,294,2026-06-19,3
7344,294,2026-06-24,3
7345,294,2026-07-01,2
7346,294,2026-07-09,2
7347,294,2026-07-16,2
7348,294,2026-07-20,3
7349,294,2026-07-31,2
7350,294,2026-08-05,2
7351,295,2026-02-16,1
7352,295,2026-02-26,2
7353,295,2026-03-06,3
7354,295,2026-03-09,2
7355,295,2026-03-16,2
7356,295,2026-03-24,2
7357,295,2026-04-03,1
7358,295,2026-04-06,2
7359,295,2026-04-14,3
7360,295,2026-04-21,2
7361,295,2026-05-01,2
7362,295,2026-05-07,3
7363,295,2026-05-11,2
7364,295,2026-05-20,2
7365,295,2026-05-25,2
7366,295,2026-06-05,2
7367,295,2026-06-10,2
7368,295,2026-06-19,2
7369,295,2026-06-23,2
7370,295,2026-07-02,2
7371,295,2026-07-07,3
7372,295,2026-07-14,3
7373,295,2026-07-24,2
7374,295,2026-07-27,2
7375,295,2026-08-07,3
7376,296,2026-02-18,2
7377,296,2026-02-27,2
7378,296,2026-03-04,1
7379,296,2026-03-13,2
7380,296,2026-03-19,2
7381,296,2026-03-24,2
7382,296,2026-03-31,1
7383,296,2026-04-10,1
7384,296,2026-04-15,2
7385,296,2026-04-22,1
7386,296,2026-04-28,2
7387,296,2026-05-06,1
7388,296,2026-05-13,1
7389,296,2026-05-21,2
7390,296,2026-05-25,1
7391,296,2026-06-03,1
7392,296,2026-06-11,1
7393,296,2026-06-15,2
7394,296,2026-06-25,1
7395,296,2026-07-03,2
7396,296,2026-07-10,3
7397,296,2026-07-16,1
7398,296,2026-07-21,1
7399,296,2026-07-28,2
7400,296,2026-08-03,1
7401,297,2026-02-19,2
7402,297,2026-02-23,2
7403,297,2026-03-03,2
7404,297,2026-03-10,2
7405,297,2026-03-20,2
7406,297,2026-03-25,2
7407,297,2026-03-31,2
7408,297,2026-04-10,2
7409,297,2026-04-15,2
7410,297,2026-04-22,2
7411,297,2026-04-30,2
7412,297,2026-05-04,2
7413,297,2026-05-12,2
7414,297,2026-05-22,2
7415,297,2026-05-27,2
7416,297,2026-06-02,2
7417,297,2026-06-12,2
7418,297,2026-06-15,2
7419,297,2026-06-24,2
7420,297,2026-06-29,2
7421,297,2026-07-07,2
7422,297,2026-07-14,2
7423,297,2026-07-22,2
7424,297,2026-07-28,2
7425,297,2026-08-06,2
7426,298,2026-02-18,2
7427,298,2026-02-26,3
7428,298,2026-03-05,2
7429,298,2026-03-13,2
7430,298,2026-03-17,2
7431,298,2026-03-26,2
7432,298,2026-04-02,2
7433,298,2026-04-10,2
7434,298,2026-04-17,2
7435,298,2026-04-22,2
7436,298,2026-04-28,2
7437,298,2026-05-04,2
7438,298,2026-05-15,2
7439,298,2026-05-18,2
7440,298,2026-05-25,1
7441,298,2026-06-01,2
7442,298,2026-06-12,2
7443,298,2026-06-15,2
7444,298,2026-06-22,2
7445,298,2026-07-01,2
7446,298,2026-07-06,2
7447,298,2026-07-15,2
7448,298,2026-07-23,3
7449,298,2026-07-30,3
7450,298,2026-08-07,2
7451,299,2026-02-16,3
7452,299,2026-02-23,1
7453,299,2026-03-04,2
7454,299,2026-03-10,2
7455,299,2026-03-17,3
7456,299,2026-03-26,1
7457,299,2026-04-01,1
7458,299,2026-04-06,1
7459,299,2026-04-15,2
7460,299,2026-04-23,1
7461,299,2026-04-27,2
7462,299,2026-05-06,1
7463,299,2026-05-11,2
7464,299,2026-05-18,3
7465,299,2026-05-27,1
7466,299,2026-06-02,2
7467,299,2026-06-10,3
7468,299,2026-06-18,2
7469,299,2026-06-23,3
7470,299,2026-06-29,1
7471,299,2026-07-06,1
7472,299,2026-07-16,1
7473,299,2026-07-21,2
7474,299,2026-07-27,2
7475,299,2026-08-03,2
7476,300,2026-02-17,2
7477,300,2026-02-26,2
7478,300,2026-03-06,2
7479,300,2026-03-13,2
7480,300,2026-03-18,2
7481,300,2026-03-25,2
7482,300,2026-03-30,2
7483,300,2026-04-10,2
7484,300,2026-04-16,2
7485,300,2026-04-20,2
7486,300,2026-04-28,2
7487,300,2026-05-05,2
7488,300,2026-05-11,2
7489,300,2026-05-21,2
7490,300,2026-05-28,2
7491,300,2026-06-01,2
7492,300,2026-06-08,2
7493,300,2026-06-18,2
7494,300,2026-06-25,2
7495,300,2026-07-02,2
7496,300,2026-07-09,2
7497,300,2026-07-14,2
7498,300,2026-07-20,2
7499,300,2026-07-31,2
7500,300,2026-08-03,2
7501,301,2026-02-18,2
7502,301,2026-02-25,2
7503,301,2026-03-05,1
7504,301,2026-03-10,2
7505,301,2026-03-18,2
7506,301,2026-03-23,1
7507,301,2026-04-01,2
7508,301,2026-04-07,3
7509,301,2026-04-14,2
7510,301,2026-04-23,2
7511,301,2026-04-27,3
7512,301,2026-05-04,1
7513,301,2026-05-15,2
7514,301,2026-05-21,2
7515,301,2026-05-29,3
7516,301,2026-06-04,2
7517,301,2026-06-09,1
7518,301,2026-06-15,3
7519,301,2026-06-24,1
7520,301,2026-07-01,1
7521,301,2026-07-06,1
7522,301,2026-07-17,2
7523,301,2026-07-22,1
7524,301,2026-07-30,3
7525,301,2026-08-06,3
7526,302,2026-02-17,3
7527,302,2026-02-25,1
7528,302,2026-03-04,3
7529,302,2026-03-13,1
7530,302,2026-03-20,3
7531,302,2026-03-24,1
7532,302,2026-04-01,2
7533,302,2026-04-08,3
7534,302,2026-04-16,3
7535,302,2026-04-21,1
7536,302,2026-05-01,3
7537,302,2026-05-07,2
7538,302,2026-05-13,2
7539,302,2026-05-21,2
7540,302,2026-05-27,2
7541,302,2026-06-03,2
7542,302,2026-06-09,2
7543,302,2026-06-18,3
7544,302,2026-06-26,1
7545,302,2026-07-02,3
7546,302,2026-07-08,1
7547,302,2026-07-16,1
7548,302,2026-07-20,2
7549,302,2026-07-31,3
7550,302,2026-08-05,3
7551,303,2026-02-18,2
7552,303,2026-02-25,3
7553,303,2026-03-05,3
7554,303,2026-03-12,2
7555,303,2026-03-20,1
7556,303,2026-03-24,3
7557,303,2026-03-30,2
7558,303,2026-04-08,2
7559,303,2026-04-17,2
7560,303,2026-04-21,2
7561,303,2026-05-01,2
7562,303,2026-05-06,2
7563,303,2026-05-15,3
7564,303,2026-05-19,2
7565,303,2026-05-29,2
7566,303,2026-06-02,1
7567,303,2026-06-09,2
7568,303,2026-06-18,3
7569,303,2026-06-22,3
7570,303,2026-07-02,2
7571,303,2026-07-06,3
7572,303,2026-07-17,2
7573,303,2026-07-24,2
7574,303,2026-07-27,3
7575,303,2026-08-07,2
7576,304,2026-02-20,2
7577,304,2026-02-23,2
7578,304,2026-03-04,2
7579,304,2026-03-13,3
7580,304,2026-03-17,2
7581,304,2026-03-24,2
7582,304,2026-04-01,2
7583,304,2026-04-09,2
7584,304,2026-04-13,2
7585,304,2026-04-22,2
7586,304,2026-04-29,2
7587,304,2026-05-08,2
7588,304,2026-05-14,2
7589,304,2026-05-22,2
7590,304,2026-05-28,2
7591,304,2026-06-02,3
7592,304,2026-06-12,2
7593,304,2026-06-17,2
7594,304,2026-06-25,2
7595,304,2026-06-29,2
7596,304,2026-07-07,2
7597,304,2026-07-16,2
7598,304,2026-07-21,2
7599,304,2026-07-28,2
7600,304,2026-08-03,1
7601,305,2026-02-16,2
7602,305,2026-02-26,3
7603,305,2026-03-03,2
7604,305,2026-03-09,2
7605,305,2026-03-18,2
7606,305,2026-03-24,3
7607,305,2026-04-02,3
7608,305,2026-04-08,2
7609,305,2026-04-14,3
7610,305,2026-04-24,3
7611,305,2026-04-27,2
7612,305,2026-05-05,2
7613,305,2026-05-11,2
7614,305,2026-05-18,2
7615,305,2026-05-25,2
7616,305,2026-06-03,3
7617,305,2026-06-08,2
7618,305,2026-06-16,1
7619,305,2026-06-23,1
7620,305,2026-06-29,3
7621,305,2026-07-06,2
7622,305,2026-07-15,3
7623,305,2026-07-23,2
7624,305,2026-07-27,3
7625,305,2026-08-06,1
7626,306,2026-02-19,2
7627,306,2026-02-23,1
7628,306,2026-03-06,2
7629,306,2026-03-11,2
7630,306,2026-03-18,2
7631,306,2026-03-26,1
7632,306,2026-04-01,1
7633,306,2026-04-07,2
7634,306,2026-04-15,2
7635,306,2026-04-23,1
7636,306,2026-05-01,2
7637,306,2026-05-08,2
7638,306,2026-05-14,2
7639,306,2026-05-22,2
7640,306,2026-05-29,1
7641,306,2026-06-01,2
7642,306,2026-06-11,2
7643,306,2026-06-15,1
7644,306,2026-06-25,2
7645,306,2026-07-01,2
7646,306,2026-07-08,2
7647,306,2026-07-13,2
7648,306,2026-07-22,2
7649,306,2026-07-30,2
7650,306,2026-08-06,2
7651,307,2026-02-16,3
7652,307,2026-02-26,2
7653,307,2026-03-06,2
7654,307,2026-03-13,2
7655,307,2026-03-18,2
7656,307,2026-03-26,1
7657,307,2026-03-30,2
7658,307,2026-04-09,3
7659,307,2026-04-13,2
7660,307,2026-04-23,2
7661,307,2026-04-27,3
7662,307,2026-05-07,2
7663,307,2026-05-13,2
7664,307,2026-05-22,3
7665,307,2026-05-25,1
7666,307,2026-06-01,3
7667,307,2026-06-09,2
7668,307,2026-06-15,2
7669,307,2026-06-25,2
7670,307,2026-07-02,2
7671,307,2026-07-08,2
7672,307,2026-07-14,2
7673,307,2026-07-24,2
7674,307,2026-07-30,2
7675,307,2026-08-03,2
7676,308,2026-02-18,2
7677,308,2026-02-27,2
7678,308,2026-03-05,2
7679,308,2026-03-10,2
7680,308,2026-03-20,2
7681,308,2026-03-26,2
7682,308,2026-03-30,2
7683,308,2026-04-06,2
7684,308,2026-04-14,2
7685,308,2026-04-24,3
7686,308,2026-04-27,3
7687,308,2026-05-08,2
7688,308,2026-05-14,1
7689,308,2026-05-18,2
7690,308,2026-05-29,2
7691,308,2026-06-02,2
7692,308,2026-06-11,2
7693,308,2026-06-17,2
7694,308,2026-06-26,1
7695,308,2026-07-02,2
7696,308,2026-07-10,2
7697,308,2026-07-13,3
7698,308,2026-07-22,2
7699,308,2026-07-31,2
7700,308,2026-08-03,2
7701,309,2026-02-19,2
7702,309,2026-02-24,2
7703,309,2026-03-05,1
7704,309,2026-03-11,1
7705,309,2026-03-17,1
7706,309,2026-03-23,1
7707,309,2026-04-01,1
7708,309,2026-04-10,2
7709,309,2026-04-15,2
7710,309,2026-04-23,1
7711,309,2026-04-27,3
7712,309,2026-05-05,3
7713,309,2026-05-11,2
7714,309,2026-05-19,2
7715,309,2026-05-28,2
7716,309,2026-06-04,2
7717,309,2026-06-09,1
7718,309,2026-06-15,2
7719,309,2026-06-25,1
7720,309,2026-06-30,1
7721,309,2026-07-09,1
7722,309,2026-07-13,1
7723,309,2026-07-22,2
7724,309,2026-07-28,1
7725,309,2026-08-04,1
7726,310,2026-02-20,2
7727,310,2026-02-26,3
7728,310,2026-03-03,3
7729,310,2026-03-12,2
7730,310,2026-03-16,1
7731,310,2026-03-23,3
7732,310,2026-03-31,3
7733,310,2026-04-07,3
7734,310,2026-04-14,1
7735,310,2026-04-24,2
7736,310,2026-05-01,3
7737,310,2026-05-04,3
7738,310,2026-05-14,2
7739,310,2026-05-21,3
7740,310,2026-05-27,3
7741,310,2026-06-04,3
7742,310,2026-06-08,2
7743,310,2026-06-19,2
7744,310,2026-06-24,3
7745,310,2026-07-03,3
7746,310,2026-07-06,3
7747,310,2026-07-16,2
7748,310,2026-07-23,3
7749,310,2026-07-27,3
7750,310,2026-08-05,1
7751,311,2026-02-20,3
7752,311,2026-02-26,2
7753,311,2026-03-02,2
7754,311,2026-03-09,2
7755,311,2026-03-16,2
7756,311,2026-03-25,1
7757,311,2026-04-01,2
7758,311,2026-04-09,2
7759,311,2026-04-16,2
7760,311,2026-04-24,2
7761,311,2026-04-28,2
7762,311,2026-05-05,2
7763,311,2026-05-11,2
7764,311,2026-05-18,2
7765,311,2026-05-26,2
7766,311,2026-06-01,2
7767,311,2026-06-12,2
7768,311,2026-06-16,2
7769,311,2026-06-23,1
7770,311,2026-07-02,1
7771,311,2026-07-10,1
7772,311,2026-07-15,2
7773,311,2026-07-24,2
7774,311,2026-07-29,1
7775,311,2026-08-06,2
7776,312,2026-02-17,2
7777,312,2026-02-27,3
7778,312,2026-03-05,2
7779,312,2026-03-09,3
7780,312,2026-03-20,2
7781,312,2026-03-23,3
7782,312,2026-03-31,1
7783,312,2026-04-07,3
7784,312,2026-04-14,3
7785,312,2026-04-22,3
7786,312,2026-04-28,2
7787,312,2026-05-07,2
7788,312,2026-05-11,3
7789,312,2026-05-20,3
7790,312,2026-05-25,3
7791,312,2026-06-05,3
7792,312,2026-06-08,3
7793,312,2026-06-15,3
7794,312,2026-06-26,2
7795,312,2026-07-01,3
7796,312,2026-07-10,2
7797,312,2026-07-17,3
7798,312,2026-07-20,3
7799,312,2026-07-29,3
7800,312,2026-08-04,3
7801,313,2026-02-17,1
7802,313,2026-02-26,2
7803,313,2026-03-03,1
7804,313,2026-03-10,3
7805,313,2026-03-19,2
7806,313,2026-03-26,1
7807,313,2026-04-02,1
7808,313,2026-04-07,1
7809,313,2026-04-13,3
7810,313,2026-04-21,3
7811,313,2026-04-30,3
7812,313,2026-05-08,3
7813,313,2026-05-15,2
7814,313,2026-05-18,1
7815,313,2026-05-26,2
7816,313,2026-06-02,2
7817,313,2026-06-12,2
7818,313,2026-06-16,1
7819,313,2026-06-22,1
7820,313,2026-07-02,1
7821,313,2026-07-10,3
7822,313,2026-07-13,1
7823,313,2026-07-24,2
7824,313,2026-07-28,2
7825,313,2026-08-04,1
7826,314,2026-02-18,2
7827,314,2026-02-24,3
7828,314,2026-03-04,3
7829,314,2026-03-12,2
7830,314,2026-03-16,3
7831,314,2026-03-26,2
7832,314,2026-03-30,3
7833,314,2026-04-08,1
7834,314,2026-04-16,2
7835,314,2026-04-20,2
7836,314,2026-04-28,2
7837,314,2026-05-06,1
7838,314,2026-05-14,3
7839,314,2026-05-21,2
7840,314,2026-05-29,2
7841,314,2026-06-02,2
7842,314,2026-06-09,1
7843,314,2026-06-18,1
7844,314,2026-06-26,3
7845,314,2026-07-03,3
7846,314,2026-07-09,2
7847,314,2026-07-14,3
7848,314,2026-07-21,3
7849,314,2026-07-31,3
7850,314,2026-08-07,3
7851,315,2026-02-19,2
7852,315,2026-02-23,2
7853,315,2026-03-05,2
7854,315,2026-03-13,2
7855,315,2026-03-16,2
7856,315,2026-03-26,1
7857,315,2026-03-30,2
7858,315,2026-04-10,3
7859,315,2026-04-13,3
7860,315,2026-04-21,2
7861,315,2026-04-27,1
7862,315,2026-05-06,2
7863,315,2026-05-13,1
7864,315,2026-05-21,2
7865,315,2026-05-27,2
7866,315,2026-06-04,3
7867,315,2026-06-10,3
7868,315,2026-06-17,1
7869,315,2026-06-26,1
7870,315,2026-07-03,3
7871,315,2026-07-08,2
7872,315,2026-07-15,3
7873,315,2026-07-23,1
7874,315,2026-07-31,3
7875,315,2026-08-06,1
7876,316,2026-02-20,1
7877,316,2026-02-27,3
7878,316,2026-03-06,3
7879,316,2026-03-13,2
7880,316,2026-03-20,1
7881,316,2026-03-24,2
7882,316,2026-04-02,1
7883,316,2026-04-08,2
7884,316,2026-04-13,2
7885,316,2026-04-23,2
7886,316,2026-04-29,2
7887,316,2026-05-08,2
7888,316,2026-05-15,2
7889,316,2026-05-22,1
7890,316,2026-05-25,1
7891,316,2026-06-03,3
7892,316,2026-06-10,3
7893,316,2026-06-17,2
7894,316,2026-06-24,3
7895,316,2026-07-03,1
7896,316,2026-07-10,2
7897,316,2026-07-14,1
7898,316,2026-07-22,2
7899,316,2026-07-29,2
7900,316,2026-08-04,2
7901,317,2026-02-17,2
7902,317,2026-02-25,3
7903,317,2026-03-04,3
7904,317,2026-03-10,3
7905,317,2026-03-18,2
7906,317,2026-03-27,3
7907,317,2026-04-02,3
7908,317,2026-04-08,2
7909,317,2026-04-15,2
7910,317,2026-04-24,2
7911,317,2026-04-30,2
7912,317,2026-05-05,1
7913,317,2026-05-15,3
7914,317,2026-05-19,3
7915,317,2026-05-27,3
7916,317,2026-06-02,3
7917,317,2026-06-10,2
7918,317,2026-06-19,3
7919,317,2026-06-26,2
7920,317,2026-07-01,3
7921,317,2026-07-07,2
7922,317,2026-07-16,3
7923,317,2026-07-24,2
7924,317,2026-07-31,2
7925,317,2026-08-04,3
7926,318,2026-02-18,3
7927,318,2026-02-24,2
7928,318,2026-03-03,2
7929,318,2026-03-13,2
7930,318,2026-03-18,2
7931,318,2026-03-24,3
7932,318,2026-04-02,2
7933,318,2026-04-08,3
7934,318,2026-04-14,2
7935,318,2026-04-23,2
7936,318,2026-04-30,2
7937,318,2026-05-06,3
7938,318,2026-05-15,2
7939,318,2026-05-21,1
7940,318,2026-05-29,2
7941,318,2026-06-03,2
7942,318,2026-06-09,2
7943,318,2026-06-17,3
7944,318,2026-06-26,3
7945,318,2026-06-29,1
7946,318,2026-07-08,3
7947,318,2026-07-13,2
7948,318,2026-07-23,1
7949,318,2026-07-31,2
7950,318,2026-08-06,3
7951,319,2026-02-16,2
7952,319,2026-02-24,2
7953,319,2026-03-04,2
7954,319,2026-03-12,2
7955,319,2026-03-19,2
7956,319,2026-03-27,2
7957,319,2026-04-03,2
7958,319,2026-04-08,2
7959,319,2026-04-17,2
7960,319,2026-04-24,2
7961,319,2026-04-30,2
7962,319,2026-05-05,2
7963,319,2026-05-13,2
7964,319,2026-05-18,1
7965,319,2026-05-28,2
7966,319,2026-06-04,2
7967,319,2026-06-12,2
7968,319,2026-06-15,2
7969,319,2026-06-25,2
7970,319,2026-07-02,2
7971,319,2026-07-09,2
7972,319,2026-07-15,2
7973,319,2026-07-20,2
7974,319,2026-07-28,2
7975,319,2026-08-04,2
7976,320,2026-02-18,3
7977,320,2026-02-23,2
7978,320,2026-03-02,2
7979,320,2026-03-09,3
7980,320,2026-03-18,2
7981,320,2026-03-23,3
7982,320,2026-04-03,2
7983,320,2026-04-10,1
7984,320,2026-04-15,3
7985,320,2026-04-21,2
7986,320,2026-04-27,3
7987,320,2026-05-07,3
7988,320,2026-05-12,3
7989,320,2026-05-18,3
7990,320,2026-05-29,2
7991,320,2026-06-01,3
7992,320,2026-06-08,2
7993,320,2026-06-15,2
7994,320,2026-06-24,3
7995,320,2026-07-03,1
7996,320,2026-07-08,3
7997,320,2026-07-15,2
7998,320,2026-07-23,1
7999,320,2026-07-28,2
8000,320,2026-08-04,3
8001,321,2026-02-20,3
8002,321,2026-02-27,2
8003,321,2026-03-06,2
8004,321,2026-03-11,2
8005,321,2026-03-20,2
8006,321,2026-03-25,2
8007,321,2026-03-31,2
8008,321,2026-04-07,2
8009,321,2026-04-13,1
8010,321,2026-04-24,2
8011,321,2026-05-01,2
8012,321,2026-05-06,2
8013,321,2026-05-12,2
8014,321,2026-05-19,2
8015,321,2026-05-28,3
8016,321,2026-06-02,3
8017,321,2026-06-12,2
8018,321,2026-06-19,2
8019,321,2026-06-22,2
8020,321,2026-06-30,2
8021,321,2026-07-06,2
8022,321,2026-07-17,2
8023,321,2026-07-24,2
8024,321,2026-07-29,2
8025,321,2026-08-06,2
8026,322,2026-02-16,2
8027,322,2026-02-24,3
8028,322,2026-03-05,2
8029,322,2026-03-10,2
8030,322,2026-03-17,3
8031,322,2026-03-26,2
8032,322,2026-04-03,2
8033,322,2026-04-07,2
8034,322,2026-04-14,2
8035,322,2026-04-21,2
8036,322,2026-04-29,3
8037,322,2026-05-04,2
8038,322,2026-05-11,2
8039,322,2026-05-19,2
8040,322,2026-05-27,2
8041,322,2026-06-04,2
8042,322,2026-06-12,2
8043,322,2026-06-19,2
8044,322,2026-06-25,2
8045,322,2026-07-02,2
8046,322,2026-07-07,2
8047,322,2026-07-14,2
8048,322,2026-07-20,2
8049,322,2026-07-27,2
8050,322,2026-08-06,2
8051,323,2026-02-19,3
8052,323,2026-02-24,2
8053,323,2026-03-05,3
8054,323,2026-03-13,1
8055,323,2026-03-19,2
8056,323,2026-03-23,1
8057,323,2026-04-03,1
8058,323,2026-04-08,1
8059,323,2026-04-14,2
8060,323,2026-04-23,3
8061,323,2026-04-30,1
8062,323,2026-05-08,2
8063,323,2026-05-13,2
8064,323,2026-05-20,2
8065,323,2026-05-25,1
8066,323,2026-06-04,2
8067,323,2026-06-12,2
8068,323,2026-06-19,1
8069,323,2026-06-25,2
8070,323,2026-07-02,2
8071,323,2026-07-10,1
8072,323,2026-07-14,2
8073,323,2026-07-22,2
8074,323,2026-07-28,2
8075,323,2026-08-03,2
8076,324,2026-02-19,2
8077,324,2026-02-24,1
8078,324,2026-03-05,3
8079,324,2026-03-10,2
8080,324,2026-03-17,3
8081,324,2026-03-25,1
8082,324,2026-04-01,2
8083,324,2026-04-09,2
8084,324,2026-04-15,3
8085,324,2026-04-21,2
8086,324,2026-04-29,2
8087,324,2026-05-05,2
8088,324,2026-05-14,1
8089,324,2026-05-22,2
8090,324,2026-05-28,2
8091,324,2026-06-01,2
8092,324,2026-06-12,2
8093,324,2026-06-16,2
8094,324,2026-06-22,3
8095,324,2026-07-02,1
8096,324,2026-07-06,2
8097,324,2026-07-16,2
8098,324,2026-07-24,2
8099,324,2026-07-29,2
8100,324,2026-08-05,2
8101,325,2026-02-16,3
8102,325,2026-02-26,3
8103,325,2026-03-05,3
8104,325,2026-03-12,1
8105,325,2026-03-19,3
8106,325,2026-03-23,2
8107,325,2026-04-02,3
8108,325,2026-04-08,3
8109,325,2026-04-15,3
8110,325,2026-04-21,2
8111,325,2026-04-29,3
8112,325,2026-05-06,2
8113,325,2026-05-13,3
8114,325,2026-05-21,3
8115,325,2026-05-26,2
8116,325,2026-06-02,2
8117,325,2026-06-09,3
8118,325,2026-06-19,1
8119,325,2026-06-26,3
8120,325,2026-07-03,2
8121,325,2026-07-10,3
8122,325,2026-07-14,2
8123,325,2026-07-20,2
8124,325,2026-07-30,3
8125,325,2026-08-05,3
8126,326,2026-02-17,2
8127,326,2026-02-23,2
8128,326,2026-03-03,2
8129,326,2026-03-09,1
8130,326,2026-03-20,2
8131,326,2026-03-27,3
8132,326,2026-03-30,2
8133,326,2026-04-08,1
8134,326,2026-04-13,2
8135,326,2026-04-24,2
8136,326,2026-04-29,3
8137,326,2026-05-07,2
8138,326,2026-05-12,2
8139,326,2026-05-20,3
8140,326,2026-05-26,3
8141,326,2026-06-04,1
8142,326,2026-06-10,3
8143,326,2026-06-16,2
8144,326,2026-06-23,3
8145,326,2026-07-02,2
8146,326,2026-07-08,1
8147,326,2026-07-14,2
8148,326,2026-07-24,2
8149,326,2026-07-27,3
8150,326,2026-08-04,3
8151,327,2026-02-20,3
8152,327,2026-02-23,2
8153,327,2026-03-06,2
8154,327,2026-03-10,3
8155,327,2026-03-18,1
8156,327,2026-03-27,1
8157,327,2026-04-02,2
8158,327,2026-04-09,2
8159,327,2026-04-14,1
8160,327,2026-04-21,2
8161,327,2026-04-27,1
8162,327,2026-05-05,2
8163,327,2026-05-15,2
8164,327,2026-05-18,2
8165,327,2026-05-25,3
8166,327,2026-06-01,2
8167,327,2026-06-10,2
8168,327,2026-06-16,2
8169,327,2026-06-26,2
8170,327,2026-06-29,2
8171,327,2026-07-09,2
8172,327,2026-07-17,2
8173,327,2026-07-22,2
8174,327,2026-07-28,2
8175,327,2026-08-04,2
8176,328,2026-02-17,3
8177,328,2026-02-24,2
8178,328,2026-03-02,3
8179,328,2026-03-11,2
8180,328,2026-03-17,1
8181,328,2026-03-25,3
8182,328,2026-04-03,2
8183,328,2026-04-06,3
8184,328,2026-04-17,3
8185,328,2026-04-24,3
8186,328,2026-04-27,1
8187,328,2026-05-07,3
8188,328,2026-05-12,1
8189,328,2026-05-19,1
8190,328,2026-05-25,1
8191,328,2026-06-04,1
8192,328,2026-06-09,1
8193,328,2026-06-16,3
8194,328,2026-06-23,3
8195,328,2026-07-03,3
8196,328,2026-07-08,3
8197,328,2026-07-17,1
8198,328,2026-07-22,1
8199,328,2026-07-30,3
8200,328,2026-08-04,3
8201,329,2026-02-17,1
8202,329,2026-02-23,3
8203,329,2026-03-03,3
8204,329,2026-03-10,2
8205,329,2026-03-20,3
8206,329,2026-03-23,3
8207,329,2026-03-30,1
8208,329,2026-04-09,2
8209,329,2026-04-14,2
8210,329,2026-04-20,3
8211,329,2026-04-29,2
8212,329,2026-05-07,2
8213,329,2026-05-15,1
8214,329,2026-05-21,2
8215,329,2026-05-28,2
8216,329,2026-06-05,3
8217,329,2026-06-12,2
8218,329,2026-06-18,2
8219,329,2026-06-26,2
8220,329,2026-07-02,2
8221,329,2026-07-10,1
8222,329,2026-07-15,2
8223,329,2026-07-24,2
8224,329,2026-07-31,2
8225,329,2026-08-06,3
8226,330,2026-02-20,2
8227,330,2026-02-26,2
8228,330,2026-03-03,2
8229,330,2026-03-13,2
8230,330,2026-03-19,3
8231,330,2026-03-24,2
8232,330,2026-03-30,2
8233,330,2026-04-07,1
8234,330,2026-04-13,1
8235,330,2026-04-24,1
8236,330,2026-04-29,2
8237,330,2026-05-06,1
8238,330,2026-05-11,2
8239,330,2026-05-22,1
8240,330,2026-05-28,2
8241,330,2026-06-04,1
8242,330,2026-06-11,2
8243,330,2026-06-17,2
8244,330,2026-06-24,2
8245,330,2026-06-29,2
8246,330,2026-07-08,2
8247,330,2026-07-16,1
8248,330,2026-07-21,2
8249,330,2026-07-27,2
8250,330,2026-08-04,1
8251,331,2026-02-17,1
8252,331,2026-02-26,1
8253,331,2026-03-06,2
8254,331,2026-03-10,2
8255,331,2026-03-18,2
8256,331,2026-03-26,1
8257,331,2026-03-31,2
8258,331,2026-04-07,2
8259,331,2026-04-13,1
8260,331,2026-04-21,2
8261,331,2026-04-30,1
8262,331,2026-05-06,3
8263,331,2026-05-14,2
8264,331,2026-05-21,3
8265,331,2026-05-28,1
8266,331,2026-06-04,2
8267,331,2026-06-10,1
8268,331,2026-06-16,2
8269,331,2026-06-25,1
8270,331,2026-06-30,1
8271,331,2026-07-09,2
8272,331,2026-07-13,3
8273,331,2026-07-21,3
8274,331,2026-07-28,2
8275,331,2026-08-03,2
8276,332,2026-02-18,2
8277,332,2026-02-23,3
8278,332,2026-03-04,3
8279,332,2026-03-12,2
8280,332,2026-03-19,1
8281,332,2026-03-26,1
8282,332,2026-03-30,3
8283,332,2026-04-10,3
8284,332,2026-04-15,3
8285,332,2026-04-22,2
8286,332,2026-05-01,2
8287,332,2026-05-08,1
8288,332,2026-05-14,1
8289,332,2026-05-18,2
8290,332,2026-05-28,3
8291,332,2026-06-01,3
8292,332,2026-06-10,2
8293,332,2026-06-17,2
8294,332,2026-06-23,2
8295,332,2026-07-01,3
8296,332,2026-07-10,1
8297,332,2026-07-14,1
8298,332,2026-07-20,1
8299,332,2026-07-27,3
8300,332,2026-08-04,1
8301,333,2026-02-18,2
8302,333,2026-02-23,2
8303,333,2026-03-02,1
8304,333,2026-03-13,2
8305,333,2026-03-17,2
8306,333,2026-03-27,2
8307,333,2026-04-01,3
8308,333,2026-04-06,1
8309,333,2026-04-16,2
8310,333,2026-04-23,2
8311,333,2026-04-29,2
8312,333,2026-05-08,1
8313,333,2026-05-14,3
8314,333,2026-05-20,2
8315,333,2026-05-29,3
8316,333,2026-06-03,1
8317,333,2026-06-10,2
8318,333,2026-06-17,2
8319,333,2026-06-22,2
8320,333,2026-07-03,2
8321,333,2026-07-10,1
8322,333,2026-07-13,2
8323,333,2026-07-23,3
8324,333,2026-07-30,2
8325,333,2026-08-06,2
8326,334,2026-02-16,3
8327,334,2026-02-27,3
8328,334,2026-03-06,2
8329,334,2026-03-13,3
8330,334,2026-03-16,3
8331,334,2026-03-24,3
8332,334,2026-04-02,2
8333,334,2026-04-08,3
8334,334,2026-04-16,3
8335,334,2026-04-22,2
8336,334,2026-04-28,2
8337,334,2026-05-05,2
8338,334,2026-05-12,2
8339,334,2026-05-18,3
8340,334,2026-05-29,2
8341,334,2026-06-04,2
8342,334,2026-06-10,3
8343,334,2026-06-18,3
8344,334,2026-06-23,2
8345,334,2026-06-29,2
8346,334,2026-07-06,3
8347,334,2026-07-15,3
8348,334,2026-07-20,2
8349,334,2026-07-28,2
8350,334,2026-08-04,1
8351,335,2026-02-20,2
8352,335,2026-02-24,1
8353,335,2026-03-05,2
8354,335,2026-03-10,1
8355,335,2026-03-19,2
8356,335,2026-03-27,1
8357,335,2026-04-03,3
8358,335,2026-04-08,1
8359,335,2026-04-14,2
8360,335,2026-04-20,1
8361,335,2026-04-27,2
8362,335,2026-05-05,1
8363,335,2026-05-11,1
8364,335,2026-05-20,1
8365,335,2026-05-28,2
8366,335,2026-06-01,1
8367,335,2026-06-09,2
8368,335,2026-06-18,1
8369,335,2026-06-23,2
8370,335,2026-07-02,2
8371,335,2026-07-06,2
8372,335,2026-07-13,3
8373,335,2026-07-23,1
8374,335,2026-07-29,2
8375,335,2026-08-07,1
8376,336,2026-02-19,2
8377,336,2026-02-25,2
8378,336,2026-03-06,3
8379,336,2026-03-13,3
8380,336,2026-03-20,2
8381,336,2026-03-25,3
8382,336,2026-04-01,3
8383,336,2026-04-10,2
8384,336,2026-04-14,3
8385,336,2026-04-24,2
8386,336,2026-05-01,2
8387,336,2026-05-06,2
8388,336,2026-05-15,1
8389,336,2026-05-19,2
8390,336,2026-05-26,2
8391,336,2026-06-01,3
8392,336,2026-06-11,2
8393,336,2026-06-18,1
8394,336,2026-06-24,1
8395,336,2026-07-01,3
8396,336,2026-07-10,2
8397,336,2026-07-15,2
8398,336,2026-07-23,2
8399,336,2026-07-30,2
8400,336,2026-08-03,3
8401,337,2026-02-18,3
8402,337,2026-02-25,2
8403,337,2026-03-02,1
8404,337,2026-03-10,3
8405,337,2026-03-20,2
8406,337,2026-03-24,2
8407,337,2026-03-31,3
8408,337,2026-04-07,2
8409,337,2026-04-16,3
8410,337,2026-04-21,2
8411,337,2026-04-27,3
8412,337,2026-05-08,2
8413,337,2026-05-15,2
8414,337,2026-05-20,2
8415,337,2026-05-28,1
8416,337,2026-06-04,2
8417,337,2026-06-11,2
8418,337,2026-06-19,3
8419,337,2026-06-24,2
8420,337,2026-07-01,2
8421,337,2026-07-06,3
8422,337,2026-07-14,3
8423,337,2026-07-21,2
8424,337,2026-07-31,3
8425,337,2026-08-06,2
8426,338,2026-02-18,3
8427,338,2026-02-23,3
8428,338,2026-03-05,3
8429,338,2026-03-12,2
8430,338,2026-03-19,2
8431,338,2026-03-24,3
8432,338,2026-04-02,3
8433,338,2026-04-09,2
8434,338,2026-04-13,2
8435,338,2026-04-22,3
8436,338,2026-04-29,1
8437,338,2026-05-04,3
8438,338,2026-05-13,3
8439,338,2026-05-19,3
8440,338,2026-05-28,3
8441,338,2026-06-04,2
8442,338,2026-06-11,2
8443,338,2026-06-19,2
8444,338,2026-06-23,2
8445,338,2026-07-02,2
8446,338,2026-07-09,2
8447,338,2026-07-14,2
8448,338,2026-07-22,2
8449,338,2026-07-28,3
8450,338,2026-08-07,2
8451,339,2026-02-18,2
8452,339,2026-02-24,3
8453,339,2026-03-06,3
8454,339,2026-03-11,2
8455,339,2026-03-20,1
8456,339,2026-03-26,2
8457,339,2026-03-30,2
8458,339,2026-04-06,2
8459,339,2026-04-13,3
8460,339,2026-04-20,3
8461,339,2026-04-27,3
8462,339,2026-05-05,3
8463,339,2026-05-15,3
8464,339,2026-05-21,2
8465,339,2026-05-28,2
8466,339,2026-06-01,2
8467,339,2026-06-09,2
8468,339,2026-06-15,2
8469,339,2026-06-22,3
8470,339,2026-07-02,2
8471,339,2026-07-07,2
8472,339,2026-07-13,3
8473,339,2026-07-21,2
8474,339,2026-07-29,2
8475,339,2026-08-05,2
8476,340,2026-02-20,3
8477,340,2026-02-23,3
8478,340,2026-03-02,3
8479,340,2026-03-10,3
8480,340,2026-03-18,2
8481,340,2026-03-25,2
8482,340,2026-03-30,3
8483,340,2026-04-06,2
8484,340,2026-04-17,3
8485,340,2026-04-20,2
8486,340,2026-04-27,3
8487,340,2026-05-08,2
8488,340,2026-05-11,2
8489,340,2026-05-19,2
8490,340,2026-05-26,3
8491,340,2026-06-04,3
8492,340,2026-06-11,2
8493,340,2026-06-15,3
8494,340,2026-06-24,2
8495,340,2026-07-03,2
8496,340,2026-07-08,3
8497,340,2026-07-17,2
8498,340,2026-07-24,3
8499,340,2026-07-27,3
8500,340,2026-08-07,2
8501,341,2026-02-17,2
8502,341,2026-02-23,2
8503,341,2026-03-05,2
8504,341,2026-03-13,1
8505,341,2026-03-18,2
8506,341,2026-03-24,2
8507,341,2026-04-03,2
8508,341,2026-04-06,2
8509,341,2026-04-16,1
8510,341,2026-04-24,1
8511,341,2026-04-28,2
8512,341,2026-05-06,2
8513,341,2026-05-11,3
8514,341,2026-05-21,2
8515,341,2026-05-27,1
8516,341,2026-06-02,2
8517,341,2026-06-11,1
8518,341,2026-06-18,2
8519,341,2026-06-24,1
8520,341,2026-07-03,2
8521,341,2026-07-08,2
8522,341,2026-07-15,2
8523,341,2026-07-23,1
8524,341,2026-07-30,1
8525,341,2026-08-04,1
8526,342,2026-02-18,3
8527,342,2026-02-24,2
8528,342,2026-03-03,3
8529,342,2026-03-12,2
8530,342,2026-03-17,1
8531,342,2026-03-24,3
8532,342,2026-03-30,2
8533,342,2026-04-06,2
8534,342,2026-04-13,3
8535,342,2026-04-24,3
8536,342,2026-04-27,2
8537,342,2026-05-05,2
8538,342,2026-05-11,3
8539,342,2026-05-21,2
8540,342,2026-05-26,2
8541,342,2026-06-02,2
8542,342,2026-06-08,2
8543,342,2026-06-17,3
8544,342,2026-06-24,3
8545,342,2026-07-01,2
8546,342,2026-07-10,2
8547,342,2026-07-14,2
8548,342,2026-07-23,2
8549,342,2026-07-30,2
8550,342,2026-08-06,3
8551,343,2026-02-20,3
8552,343,2026-02-27,3
8553,343,2026-03-04,2
8554,343,2026-03-10,2
8555,343,2026-03-19,3
8556,343,2026-03-23,2
8557,343,2026-04-01,2
8558,343,2026-04-07,2
8559,343,2026-04-16,3
8560,343,2026-04-21,3
8561,343,2026-04-29,3
8562,343,2026-05-04,2
8563,343,2026-05-11,2
8564,343,2026-05-18,3
8565,343,2026-05-27,2
8566,343,2026-06-04,3
8567,343,2026-06-09,3
8568,343,2026-06-18,2
8569,343,2026-06-25,3
8570,343,2026-07-02,1
8571,343,2026-07-08,2
8572,343,2026-07-16,3
8573,343,2026-07-21,3
8574,343,2026-07-29,1
8575,343,2026-08-06,3
8576,344,2026-02-20,1
8577,344,2026-02-24,2
8578,344,2026-03-02,2
8579,344,2026-03-10,2
8580,344,2026-03-18,2
8581,344,2026-03-26,2
8582,344,2026-03-30,2
8583,344,2026-04-09,2
8584,344,2026-04-15,3
8585,344,2026-04-21,2
8586,344,2026-04-27,2
8587,344,2026-05-05,2
8588,344,2026-05-12,2
8589,344,2026-05-22,2
8590,344,2026-05-29,3
8591,344,2026-06-04,2
8592,344,2026-06-10,1
8593,344,2026-06-16,2
8594,344,2026-06-23,2
8595,344,2026-07-02,2
8596,344,2026-07-06,2
8597,344,2026-07-13,2
8598,344,2026-07-22,2
8599,344,2026-07-29,2
8600,344,2026-08-07,3
8601,345,2026-02-18,2
8602,345,2026-02-23,2
8603,345,2026-03-02,2
8604,345,2026-03-12,2
8605,345,2026-03-20,2
8606,345,2026-03-24,3
8607,345,2026-03-31,3
8608,345,2026-04-07,2
8609,345,2026-04-15,3
8610,345,2026-04-24,3
8611,345,2026-04-29,3
8612,345,2026-05-08,3
8613,345,2026-05-14,2
8614,345,2026-05-22,2
8615,345,2026-05-29,3
8616,345,2026-06-05,2
8617,345,2026-06-12,3
8618,345,2026-06-16,3
8619,345,2026-06-25,2
8620,345,2026-06-29,2
8621,345,2026-07-09,3
8622,345,2026-07-17,2
8623,345,2026-07-24,3
8624,345,2026-07-29,3
8625,345,2026-08-07,3
8626,346,2026-02-16,2
8627,346,2026-02-25,3
8628,346,2026-03-04,1
8629,346,2026-03-09,2
8630,346,2026-03-19,2
8631,346,2026-03-27,2
8632,346,2026-03-30,2
8633,346,2026-04-09,2
8634,346,2026-04-16,1
8635,346,2026-04-23,2
8636,346,2026-05-01,1
8637,346,2026-05-08,1
8638,346,2026-05-12,2
8639,346,2026-05-20,1
8640,346,2026-05-29,1
8641,346,2026-06-02,3
8642,346,2026-06-11,1
8643,346,2026-06-17,1
8644,346,2026-06-24,1
8645,346,2026-06-29,2
8646,346,2026-07-07,3
8647,346,2026-07-17,1
8648,346,2026-07-22,3
8649,346,2026-07-30,2
8650,346,2026-08-05,2
8651,347,2026-02-20,3
8652,347,2026-02-24,3
8653,347,2026-03-02,3
8654,347,2026-03-10,3
8655,347,2026-03-19,2
8656,347,2026-03-24,3
8657,347,2026-04-02,2
8658,347,2026-04-06,3
8659,347,2026-04-16,2
8660,347,2026-04-20,3
8661,347,2026-04-27,1
8662,347,2026-05-06,2
8663,347,2026-05-15,1
8664,347,2026-05-22,2
8665,347,2026-05-28,1
8666,347,2026-06-01,2
8667,347,2026-06-12,2
8668,347,2026-06-17,2
8669,347,2026-06-26,2
8670,347,2026-06-29,3
8671,347,2026-07-09,2
8672,347,2026-07-17,2
8673,347,2026-07-21,3
8674,347,2026-07-31,2
8675,347,2026-08-07,2
8676,348,2026-02-16,2
8677,348,2026-02-24,2
8678,348,2026-03-05,1
8679,348,2026-03-13,2
8680,348,2026-03-18,2
8681,348,2026-03-24,2
8682,348,2026-04-03,1
8683,348,2026-04-07,2
8684,348,2026-04-13,2
8685,348,2026-04-23,2
8686,348,2026-04-27,2
8687,348,2026-05-06,2
8688,348,2026-05-12,2
8689,348,2026-05-21,2
8690,348,2026-05-25,2
8691,348,2026-06-01,2
8692,348,2026-06-09,2
8693,348,2026-06-17,2
8694,348,2026-06-23,2
8695,348,2026-07-01,2
8696,348,2026-07-08,1
8697,348,2026-07-16,2
8698,348,2026-07-21,2
8699,348,2026-07-30,2
8700,348,2026-08-04,2
8701,349,2026-02-18,3
8702,349,2026-02-23,3
8703,349,2026-03-04,2
8704,349,2026-03-11,2
8705,349,2026-03-20,2
8706,349,2026-03-27,2
8707,349,2026-03-30,2
8708,349,2026-04-06,3
8709,349,2026-04-14,2
8710,349,2026-04-20,2
8711,349,2026-04-27,3
8712,349,2026-05-05,2
8713,349,2026-05-11,2
8714,349,2026-05-20,2
8715,349,2026-05-26,2
8716,349,2026-06-01,2
8717,349,2026-06-11,2
8718,349,2026-06-17,2
8719,349,2026-06-22,2
8720,349,2026-07-03,2
8721,349,2026-07-10,2
8722,349,2026-07-16,2
8723,349,2026-07-24,2
8724,349,2026-07-27,2
8725,349,2026-08-06,2
8726,350,2026-02-18,1
8727,350,2026-02-23,1
8728,350,2026-03-04,2
8729,350,2026-03-09,2
8730,350,2026-03-18,2
8731,350,2026-03-24,2
8732,350,2026-04-02,1
8733,350,2026-04-07,2
8734,350,2026-04-17,2
8735,350,2026-04-22,2
8736,350,2026-04-27,1
8737,350,2026-05-08,2
8738,350,2026-05-11,2
8739,350,2026-05-18,2
8740,350,2026-05-26,1
8741,350,2026-06-02,2
8742,350,2026-06-10,1
8743,350,2026-06-16,2
8744,350,2026-06-26,2
8745,350,2026-07-03,1
8746,350,2026-07-07,2
8747,350,2026-07-16,1
8748,350,2026-07-22,2
8749,350,2026-07-27,1
8750,350,2026-08-05,1
8751,351,2026-02-19,2
8752,351,2026-02-23,1
8753,351,2026-03-06,1
8754,351,2026-03-12,1
8755,351,2026-03-17,1
8756,351,2026-03-24,1
8757,351,2026-03-31,1
8758,351,2026-04-10,1
8759,351,2026-04-16,1
8760,351,2026-04-24,3
8761,351,2026-04-27,2
8762,351,2026-05-05,2
8763,351,2026-05-14,2
8764,351,2026-05-22,1
8765,351,2026-05-28,2
8766,351,2026-06-04,1
8767,351,2026-06-10,1
8768,351,2026-06-17,1
8769,351,2026-06-23,1
8770,351,2026-06-29,1
8771,351,2026-07-06,2
8772,351,2026-07-16,2
8773,351,2026-07-21,3
8774,351,2026-07-27,2
8775,351,2026-08-07,1
8776,352,2026-02-16,2
8777,352,2026-02-25,2
8778,352,2026-03-04,2
8779,352,2026-03-12,2
8780,352,2026-03-16,3
8781,352,2026-03-25,3
8782,352,2026-04-02,3
8783,352,2026-04-06,2
8784,352,2026-04-14,2
8785,352,2026-04-20,3
8786,352,2026-05-01,2
8787,352,2026-05-08,2
8788,352,2026-05-15,2
8789,352,2026-05-18,2
8790,352,2026-05-29,3
8791,352,2026-06-02,3
8792,352,2026-06-11,3
8793,352,2026-06-18,1
8794,352,2026-06-26,2
8795,352,2026-07-03,2
8796,352,2026-07-08,3
8797,352,2026-07-13,3
8798,352,2026-07-24,2
8799,352,2026-07-27,2
8800,352,2026-08-05,3
8801,353,2026-02-18,2
8802,353,2026-02-27,2
8803,353,2026-03-05,2
8804,353,2026-03-11,2
8805,353,2026-03-16,2
8806,353,2026-03-23,2
8807,353,2026-03-30,2
8808,353,2026-04-08,2
8809,353,2026-04-14,2
8810,353,2026-04-22,2
8811,353,2026-04-30,2
8812,353,2026-05-05,1
8813,353,2026-05-13,2
8814,353,2026-05-20,2
8815,353,2026-05-28,2
8816,353,2026-06-01,2
8817,353,2026-06-12,2
8818,353,2026-06-17,2
8819,353,2026-06-22,2
8820,353,2026-07-02,2
8821,353,2026-07-08,2
8822,353,2026-07-15,2
8823,353,2026-07-23,2
8824,353,2026-07-27,2
8825,353,2026-08-03,2
8826,354,2026-02-18,3
8827,354,2026-02-24,1
8828,354,2026-03-02,3
8829,354,2026-03-10,1
8830,354,2026-03-20,3
8831,354,2026-03-27,2
8832,354,2026-04-03,2
8833,354,2026-04-06,2
8834,354,2026-04-15,3
8835,354,2026-04-20,2
8836,354,2026-04-27,2
8837,354,2026-05-06,2
8838,354,2026-05-13,3
8839,354,2026-05-20,2
8840,354,2026-05-25,3
8841,354,2026-06-02,2
8842,354,2026-06-12,2
8843,354,2026-06-16,2
8844,354,2026-06-26,3
8845,354,2026-06-29,2
8846,354,2026-07-07,2
8847,354,2026-07-13,1
8848,354,2026-07-22,3
8849,354,2026-07-29,3
8850,354,2026-08-07,3
8851,355,2026-02-16,1
8852,355,2026-02-27,3
8853,355,2026-03-06,2
8854,355,2026-03-13,2
8855,355,2026-03-18,2
8856,355,2026-03-27,1
8857,355,2026-04-01,2
8858,355,2026-04-06,3
8859,355,2026-04-16,2
8860,355,2026-04-20,3
8861,355,2026-04-29,3
8862,355,2026-05-07,2
8863,355,2026-05-11,2
8864,355,2026-05-20,2
8865,355,2026-05-27,2
8866,355,2026-06-01,2
8867,355,2026-06-09,3
8868,355,2026-06-15,2
8869,355,2026-06-22,3
8870,355,2026-07-03,2
8871,355,2026-07-06,1
8872,355,2026-07-13,2
8873,355,2026-07-23,2
8874,355,2026-07-27,2
8875,355,2026-08-06,3
8876,356,2026-02-19,1
8877,356,2026-02-27,2
8878,356,2026-03-02,3
8879,356,2026-03-11,2
8880,356,2026-03-17,2
8881,356,2026-03-27,1
8882,356,2026-04-03,2
8883,356,2026-04-07,2
8884,356,2026-04-13,2
8885,356,2026-04-22,2
8886,356,2026-04-28,2
8887,356,2026-05-05,2
8888,356,2026-05-15,2
8889,356,2026-05-18,2
8890,356,2026-05-25,1
8891,356,2026-06-04,2
8892,356,2026-06-09,2
8893,356,2026-06-16,2
8894,356,2026-06-23,3
8895,356,2026-07-03,2
8896,356,2026-07-07,2
8897,356,2026-07-16,2
8898,356,2026-07-20,2
8899,356,2026-07-31,2
8900,356,2026-08-05,2
8901,357,2026-02-17,2
8902,357,2026-02-26,2
8903,357,2026-03-06,3
8904,357,2026-03-10,2
8905,357,2026-03-16,3
8906,357,2026-03-26,1
8907,357,2026-03-31,2
8908,357,2026-04-10,1
8909,357,2026-04-16,2
8910,357,2026-04-21,2
8911,357,2026-05-01,2
8912,357,2026-05-06,2
8913,357,2026-05-13,2
8914,357,2026-05-19,2
8915,357,2026-05-28,2
8916,357,2026-06-05,2
8917,357,2026-06-11,1
8918,357,2026-06-19,3
8919,357,2026-06-24,2
8920,357,2026-07-01,2
8921,357,2026-07-07,2
8922,357,2026-07-17,2
8923,357,2026-07-20,2
8924,357,2026-07-30,2
8925,357,2026-08-05,2
8926,358,2026-02-19,1
8927,358,2026-02-23,2
8928,358,2026-03-02,2
8929,358,2026-03-12,3
8930,358,2026-03-20,1
8931,358,2026-03-24,3
8932,358,2026-04-01,3
8933,358,2026-04-07,2
8934,358,2026-04-17,1
8935,358,2026-04-21,2
8936,358,2026-05-01,2
8937,358,2026-05-04,3
8938,358,2026-05-12,1
8939,358,2026-05-19,3
8940,358,2026-05-25,1
8941,358,2026-06-02,1
8942,358,2026-06-09,1
8943,358,2026-06-15,1
8944,358,2026-06-22,3
8945,358,2026-07-02,3
8946,358,2026-07-07,2
8947,358,2026-07-14,2
8948,358,2026-07-22,2
8949,358,2026-07-27,1
8950,358,2026-08-07,3
8951,359,2026-02-17,2
8952,359,2026-02-23,2
8953,359,2026-03-02,2
8954,359,2026-03-12,2
8955,359,2026-03-16,2
8956,359,2026-03-25,1
8957,359,2026-03-31,2
8958,359,2026-04-09,2
8959,359,2026-04-14,2
8960,359,2026-04-21,2
8961,359,2026-04-27,1
8962,359,2026-05-06,3
8963,359,2026-05-13,2
8964,359,2026-05-21,3
8965,359,2026-05-28,1
8966,359,2026-06-05,2
8967,359,2026-06-10,2
8968,359,2026-06-18,2
8969,359,2026-06-23,1
8970,359,2026-06-30,2
8971,359,2026-07-07,2
8972,359,2026-07-16,2
8973,359,2026-07-22,1
8974,359,2026-07-28,2
8975,359,2026-08-04,2
8976,360,2026-02-19,2
8977,360,2026-02-25,2
8978,360,2026-03-05,2
8979,360,2026-03-09,2
8980,360,2026-03-18,2
8981,360,2026-03-23,1
8982,360,2026-04-02,1
8983,360,2026-04-09,2
8984,360,2026-04-14,2
8985,360,2026-04-20,2
8986,360,2026-04-27,2
8987,360,2026-05-07,2
8988,360,2026-05-15,2
8989,360,2026-05-20,2
8990,360,2026-05-26,1
8991,360,2026-06-04,2
8992,360,2026-06-08,3
8993,360,2026-06-17,2
8994,360,2026-06-23,1
8995,360,2026-07-01,1
8996,360,2026-07-08,2
8997,360,2026-07-14,2
8998,360,2026-07-23,2
8999,360,2026-07-27,2
9000,360,2026-08-06,2
9001,361,2026-02-16,2
9002,361,2026-02-27,2
9003,361,2026-03-05,2
9004,361,2026-03-11,2
9005,361,2026-03-18,2
9006,361,2026-03-24,3
9007,361,2026-04-02,3
9008,361,2026-04-07,1
9009,361,2026-04-15,3
9010,361,2026-04-23,2
9011,361,2026-04-30,3
9012,361,2026-05-06,2
9013,361,2026-05-12,3
9014,361,2026-05-21,3
9015,361,2026-05-26,2
9016,361,2026-06-04,2
9017,361,2026-06-09,2
9018,361,2026-06-15,1
9019,361,2026-06-23,2
9020,361,2026-07-02,1
9021,361,2026-07-09,2
9022,361,2026-07-14,2
9023,361,2026-07-24,2
9024,361,2026-07-31,2
9025,361,2026-08-04,2
9026,362,2026-02-18,3
9027,362,2026-02-25,3
9028,362,2026-03-06,2
9029,362,2026-03-11,1
9030,362,2026-03-16,2
9031,362,2026-03-25,1
9032,362,2026-04-03,2
9033,362,2026-04-08,2
9034,362,2026-04-16,1
9035,362,2026-04-20,2
9036,362,2026-04-27,1
9037,362,2026-05-08,3
9038,362,2026-05-11,2
9039,362,2026-05-19,2
9040,362,2026-05-27,2
9041,362,2026-06-03,1
9042,362,2026-06-09,1
9043,362,2026-06-19,1
9044,362,2026-06-26,2
9045,362,2026-07-03,1
9046,362,2026-07-10,1
9047,362,2026-07-14,2
9048,362,2026-07-23,2
9049,362,2026-07-31,1
9050,362,2026-08-03,2
9051,363,2026-02-16,1
9052,363,2026-02-25,3
9053,363,2026-03-06,3
9054,363,2026-03-12,2
9055,363,2026-03-20,2
9056,363,2026-03-25,2
9057,363,2026-03-30,1
9058,363,2026-04-09,3
9059,363,2026-04-14,2
9060,363,2026-04-21,3
9061,363,2026-04-27,2
9062,363,2026-05-06,2
9063,363,2026-05-14,3
9064,363,2026-05-20,2
9065,363,2026-05-27,2
9066,363,2026-06-05,2
9067,363,2026-06-09,3
9068,363,2026-06-18,1
9069,363,2026-06-26,1
9070,363,2026-07-03,1
9071,363,2026-07-10,2
9072,363,2026-07-15,3
9073,363,2026-07-20,2
9074,363,2026-07-30,2
9075,363,2026-08-06,2
9076,364,2026-02-17,1
9077,364,2026-02-24,3
9078,364,2026-03-04,1
9079,364,2026-03-09,1
9080,364,2026-03-18,2
9081,364,2026-03-25,2
9082,364,2026-04-02,1
9083,364,2026-04-07,3
9084,364,2026-04-17,2
9085,364,2026-04-22,2
9086,364,2026-04-30,3
9087,364,2026-05-05,3
9088,364,2026-05-14,3
9089,364,2026-05-22,2
9090,364,2026-05-25,3
9091,364,2026-06-01,3
9092,364,2026-06-08,1
9093,364,2026-06-19,2
9094,364,2026-06-23,1
9095,364,2026-06-30,3
9096,364,2026-07-09,3
9097,364,2026-07-13,2
9098,364,2026-07-21,1
9099,364,2026-07-30,2
9100,364,2026-08-06,3
9101,365,2026-02-16,3
9102,365,2026-02-23,2
9103,365,2026-03-06,2
9104,365,2026-03-12,2
9105,365,2026-03-17,2
9106,365,2026-03-24,2
9107,365,2026-03-31,2
9108,365,2026-04-07,2
9109,365,2026-04-15,1
9110,365,2026-04-20,2
9111,365,2026-04-27,2
9112,365,2026-05-06,1
9113,365,2026-05-11,3
9114,365,2026-05-22,2
9115,365,2026-05-28,2
9116,365,2026-06-01,2
9117,365,2026-06-10,2
9118,365,2026-06-19,2
9119,365,2026-06-25,2
9120,365,2026-06-30,3
9121,365,2026-07-06,1
9122,365,2026-07-15,2
9123,365,2026-07-21,2
9124,365,2026-07-31,2
9125,365,2026-08-03,2
9126,366,2026-02-18,3
9127,366,2026-02-27,3
9128,366,2026-03-06,1
9129,366,2026-03-10,2
9130,366,2026-03-16,3
9131,366,2026-03-26,3
9132,366,2026-04-01,3
9133,366,2026-04-10,2
9134,366,2026-04-14,3
9135,366,2026-04-20,3
9136,366,2026-04-30,3
9137,366,2026-05-05,2
9138,366,2026-05-14,2
9139,366,2026-05-20,1
9140,366,2026-05-25,3
9141,366,2026-06-01,3
9142,366,2026-06-12,2
9143,366,2026-06-19,2
9144,366,2026-06-23,3
9145,366,2026-07-03,1
9146,366,2026-07-08,2
9147,366,2026-07-13,2
9148,366,2026-07-23,1
9149,366,2026-07-29,2
9150,366,2026-08-05,2
9151,367,2026-02-20,3
9152,367,2026-02-24,3
9153,367,2026-03-02,3
9154,367,2026-03-09,2
9155,367,2026-03-20,2
9156,367,2026-03-23,2
9157,367,2026-04-01,3
9158,367,2026-04-07,2
9159,367,2026-04-14,3
9160,367,2026-04-21,3
9161,367,2026-04-28,1
9162,367,2026-05-04,2
9163,367,2026-05-12,3
9164,367,2026-05-19,3
9165,367,2026-05-26,3
9166,367,2026-06-02,3
9167,367,2026-06-09,3
9168,367,2026-06-17,2
9169,367,2026-06-25,3
9170,367,2026-06-29,3
9171,367,2026-07-09,3
9172,367,2026-07-14,2
9173,367,2026-07-24,2
9174,367,2026-07-28,3
9175,367,2026-08-03,3
9176,368,2026-02-17,2
9177,368,2026-02-25,3
9178,368,2026-03-04,3
9179,368,2026-03-12,2
9180,368,2026-03-17,1
9181,368,2026-03-23,2
9182,368,2026-03-31,3
9183,368,2026-04-09,2
9184,368,2026-04-16,2
9185,368,2026-04-20,2
9186,368,2026-04-28,3
9187,368,2026-05-06,2
9188,368,2026-05-11,3
9189,368,2026-05-22,3
9190,368,2026-05-26,3
9191,368,2026-06-04,2
9192,368,2026-06-08,3
9193,368,2026-06-15,3
9194,368,2026-06-23,2
9195,368,2026-06-30,2
9196,368,2026-07-06,2
9197,368,2026-07-14,3
9198,368,2026-07-23,2
9199,368,2026-07-27,3
9200,368,2026-08-06,3
9201,369,2026-02-17,2
9202,369,2026-02-25,2
9203,369,2026-03-06,2
9204,369,2026-03-13,2
9205,369,2026-03-20,2
9206,369,2026-03-27,1
9207,369,2026-04-03,2
9208,369,2026-04-08,2
9209,369,2026-04-16,2
9210,369,2026-04-21,2
9211,369,2026-05-01,2
9212,369,2026-05-08,2
9213,369,2026-05-15,3
9214,369,2026-05-19,2
9215,369,2026-05-28,2
9216,369,2026-06-04,2
9217,369,2026-06-09,2
9218,369,2026-06-19,2
9219,369,2026-06-25,2
9220,369,2026-07-01,2
9221,369,2026-07-08,3
9222,369,2026-07-15,2
9223,369,2026-07-24,3
9224,369,2026-07-28,3
9225,369,2026-08-03,1
9226,370,2026-02-19,3
9227,370,2026-02-25,2
9228,370,2026-03-05,2
9229,370,2026-03-13,1
9230,370,2026-03-19,1
9231,370,2026-03-23,3
9232,370,2026-04-03,3
9233,370,2026-04-06,3
9234,370,2026-04-14,3
9235,370,2026-04-20,3
9236,370,2026-04-28,3
9237,370,2026-05-08,3
9238,370,2026-05-11,3
9239,370,2026-05-22,1
9240,370,2026-05-28,1
9241,370,2026-06-04,3
9242,370,2026-06-12,1
9243,370,2026-06-16,1
9244,370,2026-06-22,1
9245,370,2026-07-03,1
9246,370,2026-07-07,2
9247,370,2026-07-17,1
9248,370,2026-07-21,1
9249,370,2026-07-28,2
9250,370,2026-08-04,2
9251,371,2026-02-20,2
9252,371,2026-02-27,1
9253,371,2026-03-06,2
9254,371,2026-03-09,2
9255,371,2026-03-17,2
9256,371,2026-03-27,1
9257,371,2026-04-03,2
9258,371,2026-04-06,1
9259,371,2026-04-15,2
9260,371,2026-04-24,2
9261,371,2026-05-01,1
9262,371,2026-05-04,2
9263,371,2026-05-13,2
9264,371,2026-05-20,2
9265,371,2026-05-27,2
9266,371,2026-06-05,2
9267,371,2026-06-09,2
9268,371,2026-06-16,2
9269,371,2026-06-22,2
9270,371,2026-07-02,3
9271,371,2026-07-09,2
9272,371,2026-07-14,2
9273,371,2026-07-21,1
9274,371,2026-07-28,2
9275,371,2026-08-03,1
9276,372,2026-02-17,1
9277,372,2026-02-27,2
9278,372,2026-03-05,2
9279,372,2026-03-09,2
9280,372,2026-03-19,2
9281,372,2026-03-27,2
9282,372,2026-03-30,2
9283,372,2026-04-08,2
9284,372,2026-04-16,3
9285,372,2026-04-21,2
9286,372,2026-04-29,2
9287,372,2026-05-06,2
9288,372,2026-05-11,2
9289,372,2026-05-18,1
9290,372,2026-05-25,2
9291,372,2026-06-01,2
9292,372,2026-06-08,2
9293,372,2026-06-15,2
9294,372,2026-06-22,1
9295,372,2026-07-01,1
9296,372,2026-07-07,1
9297,372,2026-07-17,3
9298,372,2026-07-20,3
9299,372,2026-07-27,2
9300,372,2026-08-04,1
9301,373,2026-02-16,2
9302,373,2026-02-26,1
9303,373,2026-03-06,2
9304,373,2026-03-11,1
9305,373,2026-03-16,3
9306,373,2026-03-27,2
9307,373,2026-03-30,2
9308,373,2026-04-07,1
9309,373,2026-04-15,2
9310,373,2026-04-22,2
9311,373,2026-04-30,2
9312,373,2026-05-04,2
9313,373,2026-05-15,1
9314,373,2026-05-20,2
9315,373,2026-05-27,2
9316,373,2026-06-03,2
9317,373,2026-06-09,2
9318,373,2026-06-15,2
9319,373,2026-06-26,1
9320,373,2026-06-30,2
9321,373,2026-07-10,2
9322,373,2026-07-17,2
9323,373,2026-07-24,2
9324,373,2026-07-30,3
9325,373,2026-08-05,3
9326,374,2026-02-20,2
9327,374,2026-02-23,3
9328,374,2026-03-03,3
9329,374,2026-03-10,2
9330,374,2026-03-18,2
9331,374,2026-03-27,1
9332,374,2026-04-03,1
9333,374,2026-04-06,2
9334,374,2026-04-15,1
9335,374,2026-04-23,1
9336,374,2026-04-30,1
9337,374,2026-05-04,1
9338,374,2026-05-15,3
9339,374,2026-05-21,2
9340,374,2026-05-28,2
9341,374,2026-06-01,1
9342,374,2026-06-08,1
9343,374,2026-06-19,1
9344,374,2026-06-22,3
9345,374,2026-06-29,2
9346,374,2026-07-08,3
9347,374,2026-07-14,2
9348,374,2026-07-23,3
9349,374,2026-07-29,2
9350,374,2026-08-05,2
9351,375,2026-02-18,1
9352,375,2026-02-27,2
9353,375,2026-03-04,2
9354,375,2026-03-13,3
9355,375,2026-03-17,2
9356,375,2026-03-26,2
9357,375,2026-04-02,3
9358,375,2026-04-10,2
9359,375,2026-04-13,2
9360,375,2026-04-21,2
9361,375,2026-04-30,2
9362,375,2026-05-05,2
9363,375,2026-05-13,2
9364,375,2026-05-22,2
9365,375,2026-05-26,2
9366,375,2026-06-03,2
9367,375,2026-06-10,3
9368,375,2026-06-15,1
9369,375,2026-06-24,2
9370,375,2026-07-01,2
9371,375,2026-07-07,2
9372,375,2026-07-17,2
9373,375,2026-07-23,2
9374,375,2026-07-27,2
9375,375,2026-08-07,3
9376,376,2026-02-19,2
9377,376,2026-02-23,1
9378,376,2026-03-05,2
9379,376,2026-03-10,1
9380,376,2026-03-17,2
9381,376,2026-03-26,2
9382,376,2026-04-03,2
9383,376,2026-04-10,3
9384,376,2026-04-17,2
9385,376,2026-04-23,2
9386,376,2026-05-01,2
9387,376,2026-05-06,2
9388,376,2026-05-11,2
9389,376,2026-05-22,2
9390,376,2026-05-29,1
9391,376,2026-06-02,2
9392,376,2026-06-09,2
9393,376,2026-06-15,2
9394,376,2026-06-22,2
9395,376,2026-07-01,2
9396,376,2026-07-06,3
9397,376,2026-07-13,2
9398,376,2026-07-23,2
9399,376,2026-07-29,2
9400,376,2026-08-07,2
9401,377,2026-02-20,2
9402,377,2026-02-27,2
9403,377,2026-03-02,2
9404,377,2026-03-11,2
9405,377,2026-03-18,2
9406,377,2026-03-24,2
9407,377,2026-04-03,2
9408,377,2026-04-09,1
9409,377,2026-04-16,1
9410,377,2026-04-21,2
9411,377,2026-05-01,3
9412,377,2026-05-05,2
9413,377,2026-05-14,2
9414,377,2026-05-19,2
9415,377,2026-05-29,2
9416,377,2026-06-01,2
9417,377,2026-06-11,1
9418,377,2026-06-17,2
9419,377,2026-06-23,2
9420,377,2026-06-30,3
9421,377,2026-07-06,2
9422,377,2026-07-14,1
9423,377,2026-07-23,2
9424,377,2026-07-31,2
9425,377,2026-08-05,2
9426,378,2026-02-20,1
9427,378,2026-02-27,2
9428,378,2026-03-04,1
9429,378,2026-03-12,1
9430,378,2026-03-18,1
9431,378,2026-03-24,2
9432,378,2026-03-30,1
9433,378,2026-04-07,2
9434,378,2026-04-16,2
9435,378,2026-04-21,3
9436,378,2026-04-29,2
9437,378,2026-05-08,1
9438,378,2026-05-14,2
9439,378,2026-05-19,3
9440,378,2026-05-25,1
9441,378,2026-06-03,3
9442,378,2026-06-10,3
9443,378,2026-06-15,2
9444,378,2026-06-25,2
9445,378,2026-06-29,3
9446,378,2026-07-09,3
9447,378,2026-07-15,3
9448,378,2026-07-23,3
9449,378,2026-07-28,2
9450,378,2026-08-05,1
9451,379,2026-02-18,2
9452,379,2026-02-23,2
9453,379,2026-03-03,2
9454,379,2026-03-12,2
9455,379,2026-03-17,2
9456,379,2026-03-25,2
9457,379,2026-04-01,2
9458,379,2026-04-10,2
9459,379,2026-04-14,3
9460,379,2026-04-22,2
9461,379,2026-04-28,2
9462,379,2026-05-04,2
9463,379,2026-05-11,2
9464,379,2026-05-21,2
9465,379,2026-05-28,3
9466,379,2026-06-03,2
9467,379,2026-06-11,1
9468,379,2026-06-17,2
9469,379,2026-06-24,2
9470,379,2026-07-03,2
9471,379,2026-07-10,2
9472,379,2026-07-17,2
9473,379,2026-07-24,2
9474,379,2026-07-27,3
9475,379,2026-08-04,1
9476,380,2026-02-18,2
9477,380,2026-02-24,1
9478,380,2026-03-06,1
9479,380,2026-03-13,2
9480,380,2026-03-20,2
9481,380,2026-03-24,3
9482,380,2026-04-01,2
9483,380,2026-04-08,2
9484,380,2026-04-14,2
9485,380,2026-04-23,2
9486,380,2026-05-01,2
9487,380,2026-05-04,2
9488,380,2026-05-13,2
9489,380,2026-05-18,2
9490,380,2026-05-27,2
9491,380,2026-06-01,2
9492,380,2026-06-10,2
9493,380,2026-06-16,2
9494,380,2026-06-23,2
9495,380,2026-06-30,2
9496,380,2026-07-07,2
9497,380,2026-07-15,1
9498,380,2026-07-21,2
9499,380,2026-07-31,2
9500,380,2026-08-05,3
9501,381,2026-02-18,3
9502,381,2026-02-23,1
9503,381,2026-03-05,3
9504,381,2026-03-10,3
9505,381,2026-03-17,2
9506,381,2026-03-23,3
9507,381,2026-03-30,1
9508,381,2026-04-06,3
9509,381,2026-04-17,2
9510,381,2026-04-23,1
9511,381,2026-05-01,2
9512,381,2026-05-07,2
9513,381,2026-05-11,3
9514,381,2026-05-22,3
9515,381,2026-05-25,1
9516,381,2026-06-05,1
9517,381,2026-06-09,1
9518,381,2026-06-16,1
9519,381,2026-06-26,2
9520,381,2026-06-29,1
9521,381,2026-07-07,3
9522,381,2026-07-16,3
9523,381,2026-07-21,1
9524,381,2026-07-28,2
9525,381,2026-08-06,3
9526,382,2026-02-17,2
9527,382,2026-02-23,2
9528,382,2026-03-05,2
9529,382,2026-03-09,2
9530,382,2026-03-16,2
9531,382,2026-03-23,1
9532,382,2026-04-03,2
9533,382,2026-04-10,2
9534,382,2026-04-16,2
9535,382,2026-04-22,2
9536,382,2026-04-30,1
9537,382,2026-05-04,2
9538,382,2026-05-14,1
9539,382,2026-05-22,1
9540,382,2026-05-28,1
9541,382,2026-06-05,3
9542,382,2026-06-12,2
9543,382,2026-06-15,1
9544,382,2026-06-22,2
9545,382,2026-06-30,2
9546,382,2026-07-07,2
9547,382,2026-07-13,2
9548,382,2026-07-20,2
9549,382,2026-07-31,1
9550,382,2026-08-03,1
9551,383,2026-02-19,2
9552,383,2026-02-23,3
9553,383,2026-03-06,3
9554,383,2026-03-10,3
9555,383,2026-03-20,2
9556,383,2026-03-27,1
9557,383,2026-03-30,2
9558,383,2026-04-07,2
9559,383,2026-04-16,3
9560,383,2026-04-22,3
9561,383,2026-04-30,2
9562,383,2026-05-07,3
9563,383,2026-05-13,1
9564,383,2026-05-20,2
9565,383,2026-05-29,3
9566,383,2026-06-01,1
9567,383,2026-06-11,3
9568,383,2026-06-15,3
9569,383,2026-06-26,2
9570,383,2026-06-30,3
9571,383,2026-07-09,2
9572,383,2026-07-15,3
9573,383,2026-07-24,3
9574,383,2026-07-29,3
9575,383,2026-08-04,3
9576,384,2026-02-16,3
9577,384,2026-02-25,2
9578,384,2026-03-06,2
9579,384,2026-03-09,2
9580,384,2026-03-16,2
9581,384,2026-03-27,2
9582,384,2026-04-03,2
9583,384,2026-04-08,2
9584,384,2026-04-13,3
9585,384,2026-04-24,2
9586,384,2026-04-29,2
9587,384,2026-05-05,2
9588,384,2026-05-12,3
9589,384,2026-05-21,2
9590,384,2026-05-29,2
9591,384,2026-06-04,1
9592,384,2026-06-10,2
9593,384,2026-06-15,3
9594,384,2026-06-26,2
9595,384,2026-06-30,1
9596,384,2026-07-09,1
9597,384,2026-07-14,2
9598,384,2026-07-21,1
9599,384,2026-07-28,3
9600,384,2026-08-04,2
9601,385,2026-02-20,2
9602,385,2026-02-27,2
9603,385,2026-03-03,1
9604,385,2026-03-09,1
9605,385,2026-03-17,1
9606,385,2026-03-26,2
9607,385,2026-04-01,1
9608,385,2026-04-08,1
9609,385,2026-04-15,2
9610,385,2026-04-23,2
9611,385,2026-04-27,1
9612,385,2026-05-04,2
9613,385,2026-05-13,2
9614,385,2026-05-18,2
9615,385,2026-05-27,2
9616,385,2026-06-02,3
9617,385,2026-06-12,1
9618,385,2026-06-19,2
9619,385,2026-06-25,2
9620,385,2026-06-29,2
9621,385,2026-07-08,3
9622,385,2026-07-13,3
9623,385,2026-07-22,2
9624,385,2026-07-28,1
9625,385,2026-08-06,1
9626,386,2026-02-19,2
9627,386,2026-02-26,1
9628,386,2026-03-02,2
9629,386,2026-03-13,3
9630,386,2026-03-16,2
9631,386,2026-03-23,2
9632,386,2026-03-31,2
9633,386,2026-04-09,2
9634,386,2026-04-13,3
9635,386,2026-04-20,2
9636,386,2026-04-28,2
9637,386,2026-05-04,2
9638,386,2026-05-15,3
9639,386,2026-05-19,2
9640,386,2026-05-27,2
9641,386,2026-06-04,1
9642,386,2026-06-11,2
9643,386,2026-06-19,1
9644,386,2026-06-22,3
9645,386,2026-06-29,2
9646,386,2026-07-09,1
9647,386,2026-07-14,3
9648,386,2026-07-23,2
9649,386,2026-07-27,2
9650,386,2026-08-05,1
9651,387,2026-02-16,2
9652,387,2026-02-24,2
9653,387,2026-03-03,2
9654,387,2026-03-11,2
9655,387,2026-03-18,1
9656,387,2026-03-25,3
9657,387,2026-03-30,2
9658,387,2026-04-09,1
9659,387,2026-04-17,3
9660,387,2026-04-24,2
9661,387,2026-04-28,2
9662,387,2026-05-07,2
9663,387,2026-05-15,1
9664,387,2026-05-18,2
9665,387,2026-05-28,2
9666,387,2026-06-04,1
9667,387,2026-06-11,2
9668,387,2026-06-19,2
9669,387,2026-06-23,3
9670,387,2026-07-03,2
9671,387,2026-07-07,3
9672,387,2026-07-17,3
9673,387,2026-07-22,2
9674,387,2026-07-29,1
9675,387,2026-08-03,3
9676,388,2026-02-17,1
9677,388,2026-02-25,2
9678,388,2026-03-06,1
9679,388,2026-03-09,3
9680,388,2026-03-20,1
9681,388,2026-03-26,2
9682,388,2026-03-31,3
9683,388,2026-04-08,1
9684,388,2026-04-15,2
9685,388,2026-04-21,2
9686,388,2026-04-30,1
9687,388,2026-05-08,3
9688,388,2026-05-15,1
9689,388,2026-05-19,2
9690,388,2026-05-28,2
9691,388,2026-06-01,1
9692,388,2026-06-09,2
9693,388,2026-06-16,2
9694,388,2026-06-24,1
9695,388,2026-07-03,3
9696,388,2026-07-06,2
9697,388,2026-07-13,1
9698,388,2026-07-20,2
9699,388,2026-07-29,2
9700,388,2026-08-06,3
9701,389,2026-02-20,2
9702,389,2026-02-23,2
9703,389,2026-03-06,3
9704,389,2026-03-11,2
9705,389,2026-03-20,2
9706,389,2026-03-27,3
9707,389,2026-03-30,2
9708,389,2026-04-08,3
9709,389,2026-04-15,2
9710,389,2026-04-24,2
9711,389,2026-04-28,1
9712,389,2026-05-04,3
9713,389,2026-05-14,2
9714,389,2026-05-20,2
9715,389,2026-05-29,2
9716,389,2026-06-02,3
9717,389,2026-06-11,2
9718,389,2026-06-19,1
9719,389,2026-06-26,3
9720,389,2026-07-03,1
9721,389,2026-07-09,2
9722,389,2026-07-17,2
9723,389,2026-07-24,2
9724,389,2026-07-30,2
9725,389,2026-08-05,2
9726,390,2026-02-20,2
9727,390,2026-02-27,2
9728,390,2026-03-05,2
9729,390,2026-03-09,2
9730,390,2026-03-20,2
9731,390,2026-03-25,2
9732,390,2026-03-31,1
9733,390,2026-04-10,3
9734,390,2026-04-15,3
9735,390,2026-04-24,2
9736,390,2026-04-30,3
9737,390,2026-05-08,2
9738,390,2026-05-12,2
9739,390,2026-05-19,2
9740,390,2026-05-27,2
9741,390,2026-06-05,2
9742,390,2026-06-08,2
9743,390,2026-06-17,3
9744,390,2026-06-22,2
9745,390,2026-07-03,2
9746,390,2026-07-08,1
9747,390,2026-07-17,3
9748,390,2026-07-24,1
9749,390,2026-07-28,2
9750,390,2026-08-04,1
9751,391,2026-02-16,2
9752,391,2026-02-24,2
9753,391,2026-03-03,2
9754,391,2026-03-11,2
9755,391,2026-03-17,2
9756,391,2026-03-26,2
9757,391,2026-04-02,2
9758,391,2026-04-10,2
9759,391,2026-04-17,2
9760,391,2026-04-20,2
9761,391,2026-04-30,2
9762,391,2026-05-08,2
9763,391,2026-05-11,2
9764,391,2026-05-22,3
9765,391,2026-05-28,2
9766,391,2026-06-02,2
9767,391,2026-06-11,3
9768,391,2026-06-15,2
9769,391,2026-06-25,2
9770,391,2026-07-02,2
9771,391,2026-07-06,2
9772,391,2026-07-16,2
9773,391,2026-07-21,1
9774,391,2026-07-28,2
9775,391,2026-08-05,1
9776,392,2026-02-17,2
9777,392,2026-02-27,1
9778,392,2026-03-06,1
9779,392,2026-03-10,3
9780,392,2026-03-18,2
9781,392,2026-03-27,3
9782,392,2026-04-01,1
9783,392,2026-04-07,3
9784,392,2026-04-17,3
9785,392,2026-04-21,3
9786,392,2026-05-01,3
9787,392,2026-05-04,3
9788,392,2026-05-13,3
9789,392,2026-05-18,2
9790,392,2026-05-27,1
9791,392,2026-06-04,1
9792,392,2026-06-08,2
9793,392,2026-06-16,2
9794,392,2026-06-26,3
9795,392,2026-07-03,2
9796,392,2026-07-09,2
9797,392,2026-07-15,2
9798,392,2026-07-20,1
9799,392,2026-07-31,2
9800,392,2026-08-04,2
9801,393,2026-02-20,2
9802,393,2026-02-25,1
9803,393,2026-03-06,2
9804,393,2026-03-10,2
9805,393,2026-03-19,2
9806,393,2026-03-25,1
9807,393,2026-03-30,1
9808,393,2026-04-10,2
9809,393,2026-04-16,1
9810,393,2026-04-24,1
9811,393,2026-04-30,2
9812,393,2026-05-06,2
9813,393,2026-05-14,2
9814,393,2026-05-18,1
9815,393,2026-05-26,3
9816,393,2026-06-01,2
9817,393,2026-06-12,2
9818,393,2026-06-18,3
9819,393,2026-06-25,3
9820,393,2026-06-29,2
9821,393,2026-07-07,1
9822,393,2026-07-14,2
9823,393,2026-07-24,1
9824,393,2026-07-29,2
9825,393,2026-08-07,2
9826,394,2026-02-16,3
9827,394,2026-02-25,2
9828,394,2026-03-03,2
9829,394,2026-03-11,2
9830,394,2026-03-19,2
9831,394,2026-03-27,2
9832,394,2026-03-31,2
9833,394,2026-04-07,2
9834,394,2026-04-17,2
9835,394,2026-04-22,2
9836,394,2026-05-01,3
9837,394,2026-05-06,2
9838,394,2026-05-11,2
9839,394,2026-05-18,3
9840,394,2026-05-26,3
9841,394,2026-06-04,3
9842,394,2026-06-09,2
9843,394,2026-06-15,2
9844,394,2026-06-22,3
9845,394,2026-07-03,3
9846,394,2026-07-09,3
9847,394,2026-07-17,1
9848,394,2026-07-23,2
9849,394,2026-07-30,2
9850,394,2026-08-03,2
9851,395,2026-02-16,1
9852,395,2026-02-26,3
9853,395,2026-03-06,1
9854,395,2026-03-10,1
9855,395,2026-03-16,2
9856,395,2026-03-23,2
9857,395,2026-03-31,2
9858,395,2026-04-10,2
9859,395,2026-04-15,2
9860,395,2026-04-20,2
9861,395,2026-04-27,1
9862,395,2026-05-04,3
9863,395,2026-05-14,2
9864,395,2026-05-22,2
9865,395,2026-05-25,1
9866,395,2026-06-05,2
9867,395,2026-06-10,2
9868,395,2026-06-15,2
9869,395,2026-06-24,1
9870,395,2026-07-03,3
9871,395,2026-07-06,2
9872,395,2026-07-15,2
9873,395,2026-07-20,2
9874,395,2026-07-30,1
9875,395,2026-08-06,1
9876,396,2026-02-20,2
9877,396,2026-02-24,2
9878,396,2026-03-06,2
9879,396,2026-03-12,2
9880,396,2026-03-19,1
9881,396,2026-03-24,2
9882,396,2026-03-30,1
9883,396,2026-04-08,2
9884,396,2026-04-14,2
9885,396,2026-04-22,1
9886,396,2026-04-29,2
9887,396,2026-05-04,3
9888,396,2026-05-14,2
9889,396,2026-05-21,2
9890,396,2026-05-28,2
9891,396,2026-06-05,2
9892,396,2026-06-10,2
9893,396,2026-06-18,1
9894,396,2026-06-23,2
9895,396,2026-06-29,2
9896,396,2026-07-09,2
9897,396,2026-07-14,2
9898,396,2026-07-23,2
9899,396,2026-07-30,2
9900,396,2026-08-04,3
9901,397,2026-02-17,2
9902,397,2026-02-25,1
9903,397,2026-03-02,1
9904,397,2026-03-13,1
9905,397,2026-03-16,3
9906,397,2026-03-26,3
9907,397,2026-04-02,1
9908,397,2026-04-09,1
9909,397,2026-04-13,1
9910,397,2026-04-21,1
9911,397,2026-05-01,1
9912,397,2026-05-08,1
9913,397,2026-05-11,1
9914,397,2026-05-20,2
9915,397,2026-05-25,1
9916,397,2026-06-04,1
9917,397,2026-06-12,3
9918,397,2026-06-19,3
9919,397,2026-06-24,1
9920,397,2026-06-29,2
9921,397,2026-07-07,1
9922,397,2026-07-14,2
9923,397,2026-07-21,2
9924,397,2026-07-30,1
9925,397,2026-08-04,1
9926,398,2026-02-17,3
9927,398,2026-02-25,2
9928,398,2026-03-04,3
9929,398,2026-03-10,2
9930,398,2026-03-17,3
9931,398,2026-03-25,2
9932,398,2026-04-02,2
9933,398,2026-04-06,2
9934,398,2026-04-16,2
9935,398,2026-04-24,2
9936,398,2026-04-27,3
9937,398,2026-05-07,3
9938,398,2026-05-11,3
9939,398,2026-05-19,2
9940,398,2026-05-26,2
9941,398,2026-06-01,2
9942,398,2026-06-08,3
9943,398,2026-06-19,3
9944,398,2026-06-23,2
9945,398,2026-06-29,3
9946,398,2026-07-09,3
9947,398,2026-07-13,1
9948,398,2026-07-21,3
9949,398,2026-07-30,2
9950,398,2026-08-04,2
9951,399,2026-02-18,2
9952,399,2026-02-24,2
9953,399,2026-03-05,1
9954,399,2026-03-12,2
9955,399,2026-03-20,2
9956,399,2026-03-27,2
9957,399,2026-04-01,2
9958,399,2026-04-09,1
9959,399,2026-04-13,2
9960,399,2026-04-21,2
9961,399,2026-04-28,1
9962,399,2026-05-07,2
9963,399,2026-05-11,2
9964,399,2026-05-22,2
9965,399,2026-05-27,2
9966,399,2026-06-03,1
9967,399,2026-06-10,2
9968,399,2026-06-19,2
9969,399,2026-06-22,2
9970,399,2026-06-30,2
9971,399,2026-07-10,1
9972,399,2026-07-15,2
9973,399,2026-07-20,2
9974,399,2026-07-28,2
9975,399,2026-08-06,1
9976,400,2026-02-20,1
9977,400,2026-02-23,2
9978,400,2026-03-02,3
9979,400,2026-03-12,2
9980,400,2026-03-18,2
9981,400,2026-03-25,1
9982,400,2026-03-30,2
9983,400,2026-04-07,2
9984,400,2026-04-16,2
9985,400,2026-04-21,1
9986,400,2026-04-29,2
9987,400,2026-05-04,3
9988,400,2026-05-14,2
9989,400,2026-05-21,1
9990,400,2026-05-29,2
9991,400,2026-06-01,3
9992,400,2026-06-09,2
9993,400,2026-06-18,1
9994,400,2026-06-25,2
9995,400,2026-07-03,2
9996,400,2026-07-07,3
9997,400,2026-07-14,2
9998,400,2026-07-20,2
9999,400,2026-07-27,2
10000,400,2026-08-04,2
10001,401,2026-02-19,2
10002,401,2026-02-27,2
10003,401,2026-03-06,2
10004,401,2026-03-10,3
10005,401,2026-03-16,1
10006,401,2026-03-24,2
10007,401,2026-04-01,2
10008,401,2026-04-10,1
10009,401,2026-04-16,1
10010,401,2026-04-21,1
10011,401,2026-05-01,3
10012,401,2026-05-08,2
10013,401,2026-05-13,1
10014,401,2026-05-21,2
10015,401,2026-05-29,2
10016,401,2026-06-04,1
10017,401,2026-06-09,2
10018,401,2026-06-18,1
10019,401,2026-06-23,1
10020,401,2026-07-03,2
10021,401,2026-07-07,3
10022,401,2026-07-13,2
10023,401,2026-07-24,1
10024,401,2026-07-28,1
10025,401,2026-08-07,1
10026,402,2026-02-19,1
10027,402,2026-02-23,1
10028,402,2026-03-04,1
10029,402,2026-03-10,1
10030,402,2026-03-20,2
10031,402,2026-03-26,2
10032,402,2026-03-30,2
10033,402,2026-04-09,2
10034,402,2026-04-17,2
10035,402,2026-04-24,2
10036,402,2026-04-30,1
10037,402,2026-05-07,1
10038,402,2026-05-11,3
10039,402,2026-05-21,2
10040,402,2026-05-28,3
10041,402,2026-06-01,1
10042,402,2026-06-11,2
10043,402,2026-06-18,1
10044,402,2026-06-23,2
10045,402,2026-07-02,2
10046,402,2026-07-10,1
10047,402,2026-07-14,1
10048,402,2026-07-20,2
10049,402,2026-07-29,3
10050,402,2026-08-03,2
10051,403,2026-02-20,2
10052,403,2026-02-24,2
10053,403,2026-03-02,2
10054,403,2026-03-10,2
10055,403,2026-03-17,1
10056,403,2026-03-24,1
10057,403,2026-04-01,2
10058,403,2026-04-08,2
10059,403,2026-04-14,2
10060,403,2026-04-20,1
10061,403,2026-04-30,1
10062,403,2026-05-06,1
10063,403,2026-05-11,2
10064,403,2026-05-20,2
10065,403,2026-05-29,2
10066,403,2026-06-04,2
10067,403,2026-06-08,2
10068,403,2026-06-17,2
10069,403,2026-06-25,2
10070,403,2026-07-03,2
10071,403,2026-07-07,2
10072,403,2026-07-13,2
10073,403,2026-07-24,1
10074,403,2026-07-28,2
10075,403,2026-08-03,2
10076,404,2026-02-17,2
10077,404,2026-02-25,2
10078,404,2026-03-06,3
10079,404,2026-03-12,1
10080,404,2026-03-19,1
10081,404,2026-03-27,3
10082,404,2026-03-30,1
10083,404,2026-04-10,2
10084,404,2026-04-17,3
10085,404,2026-04-24,2
10086,404,2026-04-29,2
10087,404,2026-05-05,1
10088,404,2026-05-14,1
10089,404,2026-05-22,3
10090,404,2026-05-29,2
10091,404,2026-06-05,2
10092,404,2026-06-10,2
10093,404,2026-06-19,2
10094,404,2026-06-22,2
10095,404,2026-06-30,3
10096,404,2026-07-07,2
10097,404,2026-07-13,3
10098,404,2026-07-22,3
10099,404,2026-07-27,3
10100,404,2026-08-07,1
10101,405,2026-02-20,2
10102,405,2026-02-26,2
10103,405,2026-03-06,2
10104,405,2026-03-11,2
10105,405,2026-03-20,2
10106,405,2026-03-25,2
10107,405,2026-03-31,3
10108,405,2026-04-08,2
10109,405,2026-04-17,1
10110,405,2026-04-22,1
10111,405,2026-05-01,2
10112,405,2026-05-08,2
10113,405,2026-05-15,3
10114,405,2026-05-18,2
10115,405,2026-05-25,2
10116,405,2026-06-03,2
10117,405,2026-06-10,2
10118,405,2026-06-18,2
10119,405,2026-06-26,2
10120,405,2026-07-03,2
10121,405,2026-07-09,2
10122,405,2026-07-13,2
10123,405,2026-07-23,1
10124,405,2026-07-27,3
10125,405,2026-08-05,2
10126,406,2026-02-17,1
10127,406,2026-02-27,2
10128,406,2026-03-05,2
10129,406,2026-03-12,2
10130,406,2026-03-19,2
10131,406,2026-03-26,2
10132,406,2026-03-31,1
10133,406,2026-04-10,2
10134,406,2026-04-14,2
10135,406,2026-04-20,2
10136,406,2026-05-01,2
10137,406,2026-05-07,2
10138,406,2026-05-13,2
10139,406,2026-05-21,2
10140,406,2026-05-25,2
10141,406,2026-06-05,2
10142,406,2026-06-08,2
10143,406,2026-06-18,1
10144,406,2026-06-25,1
10145,406,2026-07-03,1
10146,406,2026-07-10,2
10147,406,2026-07-16,2
10148,406,2026-07-23,1
10149,406,2026-07-31,2
10150,406,2026-08-04,2
10151,407,2026-02-20,1
10152,407,2026-02-26,2
10153,407,2026-03-06,3
10154,407,2026-03-12,1
10155,407,2026-03-17,3
10156,407,2026-03-24,2
10157,407,2026-04-01,1
10158,407,2026-04-10,1
10159,407,2026-04-17,2
10160,407,2026-04-21,1
10161,407,2026-04-30,2
10162,407,2026-05-04,2
10163,407,2026-05-15,3
10164,407,2026-05-20,1
10165,407,2026-05-29,2
10166,407,2026-06-01,2
10167,407,2026-06-11,3
10168,407,2026-06-16,2
10169,407,2026-06-23,2
10170,407,2026-07-01,2
10171,407,2026-07-06,2
10172,407,2026-07-15,2
10173,407,2026-07-20,3
10174,407,2026-07-29,1
10175,407,2026-08-06,3
10176,408,2026-02-20,2
10177,408,2026-02-25,2
10178,408,2026-03-05,3
10179,408,2026-03-13,2
10180,408,2026-03-16,2
10181,408,2026-03-23,2
10182,408,2026-03-30,2
10183,408,2026-04-07,3
10184,408,2026-04-15,1
10185,408,2026-04-24,2
10186,408,2026-04-28,2
10187,408,2026-05-06,2
10188,408,2026-05-13,3
10189,408,2026-05-20,3
10190,408,2026-05-27,2
10191,408,2026-06-02,2
10192,408,2026-06-12,2
10193,408,2026-06-18,2
10194,408,2026-06-25,2
10195,408,2026-07-03,2
10196,408,2026-07-09,3
10197,408,2026-07-14,3
10198,408,2026-07-21,1
10199,408,2026-07-29,3
10200,408,2026-08-07,3
10201,409,2026-02-17,1
10202,409,2026-02-24,1
10203,409,2026-03-03,2
10204,409,2026-03-13,2
10205,409,2026-03-20,2
10206,409,2026-03-25,2
10207,409,2026-04-02,2
10208,409,2026-04-07,2
10209,409,2026-04-14,2
10210,409,2026-04-24,2
10211,409,2026-05-01,3
10212,409,2026-05-04,2
10213,409,2026-05-13,2
10214,409,2026-05-21,2
10215,409,2026-05-26,2
10216,409,2026-06-03,2
10217,409,2026-06-08,2
10218,409,2026-06-17,2
10219,409,2026-06-23,3
10220,409,2026-07-03,3
10221,409,2026-07-08,1
10222,409,2026-07-16,2
10223,409,2026-07-21,2
10224,409,2026-07-29,2
10225,409,2026-08-06,2
10226,410,2026-02-20,1
10227,410,2026-02-24,2
10228,410,2026-03-05,2
10229,410,2026-03-13,2
10230,410,2026-03-17,3
10231,410,2026-03-24,2
10232,410,2026-04-01,2
10233,410,2026-04-10,3
10234,410,2026-04-17,1
10235,410,2026-04-22,2
10236,410,2026-04-27,2
10237,410,2026-05-05,3
10238,410,2026-05-15,2
10239,410,2026-05-18,3
10240,410,2026-05-29,1
10241,410,2026-06-04,2
10242,410,2026-06-10,2
10243,410,2026-06-17,2
10244,410,2026-06-22,2
10245,410,2026-07-02,2
10246,410,2026-07-10,3
10247,410,2026-07-15,3
10248,410,2026-07-23,3
10249,410,2026-07-31,2
10250,410,2026-08-05,2
10251,411,2026-02-20,2
10252,411,2026-02-25,2
10253,411,2026-03-05,3
10254,411,2026-03-11,1
10255,411,2026-03-18,2
10256,411,2026-03-24,2
10257,411,2026-03-30,2
10258,411,2026-04-07,2
10259,411,2026-04-15,2
10260,411,2026-04-24,3
10261,411,2026-04-27,2
10262,411,2026-05-08,3
10263,411,2026-05-15,2
10264,411,2026-05-18,2
10265,411,2026-05-25,2
10266,411,2026-06-04,3
10267,411,2026-06-12,3
10268,411,2026-06-18,2
10269,411,2026-06-23,1
10270,411,2026-06-29,2
10271,411,2026-07-07,2
10272,411,2026-07-17,2
10273,411,2026-07-22,1
10274,411,2026-07-31,2
10275,411,2026-08-04,2
10276,412,2026-02-16,2
10277,412,2026-02-23,2
10278,412,2026-03-04,3
10279,412,2026-03-10,3
10280,412,2026-03-19,3
10281,412,2026-03-25,2
10282,412,2026-03-30,2
10283,412,2026-04-08,1
10284,412,2026-04-15,2
10285,412,2026-04-23,2
10286,412,2026-04-27,3
10287,412,2026-05-06,1
10288,412,2026-05-13,2
10289,412,2026-05-19,1
10290,412,2026-05-25,2
10291,412,2026-06-02,3
10292,412,2026-06-09,3
10293,412,2026-06-17,2
10294,412,2026-06-26,2
10295,412,2026-06-30,2
10296,412,2026-07-09,1
10297,412,2026-07-16,2
10298,412,2026-07-24,3
10299,412,2026-07-27,1
10300,412,2026-08-04,2
10301,413,2026-02-19,2
10302,413,2026-02-25,2
10303,413,2026-03-02,1
10304,413,2026-03-09,2
10305,413,2026-03-20,2
10306,413,2026-03-25,1
10307,413,2026-03-31,3
10308,413,2026-04-06,3
10309,413,2026-04-15,2
10310,413,2026-04-20,1
10311,413,2026-04-27,3
10312,413,2026-05-06,1
10313,413,2026-05-12,2
10314,413,2026-05-21,3
10315,413,2026-05-28,3
10316,413,2026-06-05,2
10317,413,2026-06-12,2
10318,413,2026-06-15,3
10319,413,2026-06-26,2
10320,413,2026-07-03,2
10321,413,2026-07-09,3
10322,413,2026-07-17,3
10323,413,2026-07-20,3
10324,413,2026-07-31,1
10325,413,2026-08-04,2
10326,414,2026-02-16,2
10327,414,2026-02-25,3
10328,414,2026-03-04,1
10329,414,2026-03-10,3
10330,414,2026-03-17,3
10331,414,2026-03-27,2
10332,414,2026-04-03,2
10333,414,2026-04-10,2
10334,414,2026-04-15,3
10335,414,2026-04-23,2
10336,414,2026-04-28,3
10337,414,2026-05-05,2
10338,414,2026-05-13,2
10339,414,2026-05-22,2
10340,414,2026-05-28,2
10341,414,2026-06-04,3
10342,414,2026-06-08,2
10343,414,2026-06-17,2
10344,414,2026-06-26,2
10345,414,2026-07-03,2
10346,414,2026-07-09,3
10347,414,2026-07-16,2
10348,414,2026-07-24,2
10349,414,2026-07-30,2
10350,414,2026-08-05,3
10351,415,2026-02-17,2
10352,415,2026-02-24,2
10353,415,2026-03-05,1
10354,415,2026-03-11,1
10355,415,2026-03-20,1
10356,415,2026-03-25,1
10357,415,2026-04-01,3
10358,415,2026-04-10,2
10359,415,2026-04-15,1
10360,415,2026-04-24,1
10361,415,2026-04-30,1
10362,415,2026-05-06,1
10363,415,2026-05-13,1
10364,415,2026-05-22,3
10365,415,2026-05-27,1
10366,415,2026-06-02,2
10367,415,2026-06-12,1
10368,415,2026-06-16,2
10369,415,2026-06-24,3
10370,415,2026-07-03,2
10371,415,2026-07-06,2
10372,415,2026-07-13,2
10373,415,2026-07-23,1
10374,415,2026-07-29,2
10375,415,2026-08-03,1
10376,416,2026-02-16,2
10377,416,2026-02-23,2
10378,416,2026-03-02,3
10379,416,2026-03-10,2
10380,416,2026-03-18,2
10381,416,2026-03-25,2
10382,416,2026-03-31,2
10383,416,2026-04-10,2
10384,416,2026-04-14,2
10385,416,2026-04-20,2
10386,416,2026-04-28,2
10387,416,2026-05-05,3
10388,416,2026-05-11,2
10389,416,2026-05-20,2
10390,416,2026-05-27,3
10391,416,2026-06-01,2
10392,416,2026-06-09,2
10393,416,2026-06-15,2
10394,416,2026-06-24,2
10395,416,2026-07-01,2
10396,416,2026-07-09,2
10397,416,2026-07-13,2
10398,416,2026-07-24,2
10399,416,2026-07-28,3
10400,416,2026-08-06,2
10401,417,2026-02-17,2
10402,417,2026-02-23,2
10403,417,2026-03-04,1
10404,417,2026-03-11,1
10405,417,2026-03-18,3
10406,417,2026-03-27,2
10407,417,2026-04-03,2
10408,417,2026-04-10,2
10409,417,2026-04-16,1
10410,417,2026-04-23,1
10411,417,2026-05-01,3
10412,417,2026-05-08,1
10413,417,2026-05-14,1
10414,417,2026-05-19,2
10415,417,2026-05-28,3
10416,417,2026-06-02,2
10417,417,2026-06-11,2
10418,417,2026-06-18,2
10419,417,2026-06-25,1
10420,417,2026-07-01,2
10421,417,2026-07-09,2
10422,417,2026-07-14,3
10423,417,2026-07-20,2
10424,417,2026-07-28,2
10425,417,2026-08-05,1
10426,418,2026-02-17,2
10427,418,2026-02-25,2
10428,418,2026-03-04,2
10429,418,2026-03-10,2
10430,418,2026-03-16,3
10431,418,2026-03-27,2
10432,418,2026-03-31,2
10433,418,2026-04-07,1
10434,418,2026-04-17,2
10435,418,2026-04-20,2
10436,418,2026-04-28,2
10437,418,2026-05-05,2
10438,418,2026-05-11,2
10439,418,2026-05-19,2
10440,418,2026-05-26,2
10441,418,2026-06-05,2
10442,418,2026-06-09,2
10443,418,2026-06-15,2
10444,418,2026-06-24,2
10445,418,2026-07-03,2
10446,418,2026-07-06,2
10447,418,2026-07-13,2
10448,418,2026-07-23,2
10449,418,2026-07-27,2
10450,418,2026-08-03,1
10451,419,2026-02-17,3
10452,419,2026-02-26,2
10453,419,2026-03-04,2
10454,419,2026-03-12,2
10455,419,2026-03-17,2
10456,419,2026-03-24,3
10457,419,2026-04-03,2
10458,419,2026-04-09,2
10459,419,2026-04-15,3
10460,419,2026-04-20,2
10461,419,2026-05-01,2
10462,419,2026-05-05,2
10463,419,2026-05-14,1
10464,419,2026-05-21,3
10465,419,2026-05-29,2
10466,419,2026-06-01,2
10467,419,2026-06-11,2
10468,419,2026-06-16,3
10469,419,2026-06-23,2
10470,419,2026-07-01,2
10471,419,2026-07-09,2
10472,419,2026-07-16,2
10473,419,2026-07-22,2
10474,419,2026-07-29,2
10475,419,2026-08-05,2
10476,420,2026-02-18,2
10477,420,2026-02-26,2
10478,420,2026-03-03,1
10479,420,2026-03-12,2
10480,420,2026-03-17,2
10481,420,2026-03-27,2
10482,420,2026-03-30,3
10483,420,2026-04-08,3
10484,420,2026-04-14,2
10485,420,2026-04-24,1
10486,420,2026-04-27,3
10487,420,2026-05-08,2
10488,420,2026-05-14,3
10489,420,2026-05-21,2
10490,420,2026-05-29,1
10491,420,2026-06-02,2
10492,420,2026-06-08,2
10493,420,2026-06-18,1
10494,420,2026-06-22,3
10495,420,2026-07-03,3
10496,420,2026-07-07,2
10497,420,2026-07-16,2
10498,420,2026-07-20,2
10499,420,2026-07-30,2
10500,420,2026-08-04,3
10501,421,2026-02-19,1
10502,421,2026-02-24,2
10503,421,2026-03-03,2
10504,421,2026-03-12,2
10505,421,2026-03-17,2
10506,421,2026-03-27,3
10507,421,2026-04-03,2
10508,421,2026-04-07,2
10509,421,2026-04-13,2
10510,421,2026-04-22,1
10511,421,2026-04-28,1
10512,421,2026-05-05,3
10513,421,2026-05-12,1
10514,421,2026-05-22,1
10515,421,2026-05-29,2
10516,421,2026-06-05,2
10517,421,2026-06-09,2
10518,421,2026-06-18,2
10519,421,2026-06-23,2
10520,421,2026-06-29,2
10521,421,2026-07-09,2
10522,421,2026-07-15,2
10523,421,2026-07-24,1
10524,421,2026-07-27,2
10525,421,2026-08-05,1
10526,422,2026-02-20,1
10527,422,2026-02-27,2
10528,422,2026-03-03,2
10529,422,2026-03-10,2
10530,422,2026-03-17,2
10531,422,2026-03-25,2
10532,422,2026-04-01,1
10533,422,2026-04-07,1
10534,422,2026-04-17,2
10535,422,2026-04-24,2
10536,422,2026-04-28,1
10537,422,2026-05-06,1
10538,422,2026-05-15,1
10539,422,2026-05-20,2
10540,422,2026-05-27,1
10541,422,2026-06-04,1
10542,422,2026-06-08,2
10543,422,2026-06-18,1
10544,422,2026-06-25,1
10545,422,2026-07-02,1
10546,422,2026-07-07,2
10547,422,2026-07-14,1
10548,422,2026-07-23,2
10549,422,2026-07-29,1
10550,422,2026-08-04,2
10551,423,2026-02-20,2
10552,423,2026-02-25,2
10553,423,2026-03-04,3
10554,423,2026-03-11,3
10555,423,2026-03-20,2
10556,423,2026-03-26,2
10557,423,2026-04-03,2
10558,423,2026-04-06,3
10559,423,2026-04-14,3
10560,423,2026-04-23,2
10561,423,2026-05-01,2
10562,423,2026-05-08,2
10563,423,2026-05-14,1
10564,423,2026-05-18,3
10565,423,2026-05-26,2
10566,423,2026-06-05,3
10567,423,2026-06-09,2
10568,423,2026-06-18,2
10569,423,2026-06-22,3
10570,423,2026-06-30,2
10571,423,2026-07-06,2
10572,423,2026-07-15,2
10573,423,2026-07-21,2
10574,423,2026-07-31,2
10575,423,2026-08-06,2
10576,424,2026-02-19,2
10577,424,2026-02-23,2
10578,424,2026-03-03,2
10579,424,2026-03-12,2
10580,424,2026-03-18,2
10581,424,2026-03-24,2
10582,424,2026-04-03,3
10583,424,2026-04-10,1
10584,424,2026-04-17,2
10585,424,2026-04-21,2
10586,424,2026-04-28,2
10587,424,2026-05-05,2
10588,424,2026-05-11,2
10589,424,2026-05-18,2
10590,424,2026-05-26,2
10591,424,2026-06-03,2
10592,424,2026-06-11,2
10593,424,2026-06-15,1
10594,424,2026-06-26,2
10595,424,2026-06-30,2
10596,424,2026-07-07,2
10597,424,2026-07-13,3
10598,424,2026-07-20,2
10599,424,2026-07-29,2
10600,424,2026-08-07,2
10601,425,2026-02-20,2
10602,425,2026-02-26,2
10603,425,2026-03-06,2
10604,425,2026-03-13,2
10605,425,2026-03-20,2
10606,425,2026-03-27,2
10607,425,2026-04-02,2
10608,425,2026-04-08,2
10609,425,2026-04-14,2
10610,425,2026-04-22,2
10611,425,2026-05-01,2
10612,425,2026-05-06,1
10613,425,2026-05-12,1
10614,425,2026-05-19,2
10615,425,2026-05-29,2
10616,425,2026-06-04,2
10617,425,2026-06-08,3
10618,425,2026-06-15,2
10619,425,2026-06-23,2
10620,425,2026-06-29,2
10621,425,2026-07-08,2
10622,425,2026-07-15,2
10623,425,2026-07-21,1
10624,425,2026-07-30,1
10625,425,2026-08-03,1
10626,426,2026-02-20,2
10627,426,2026-02-25,2
10628,426,2026-03-02,1
10629,426,2026-03-12,2
10630,426,2026-03-16,3
10631,426,2026-03-25,1
10632,426,2026-03-31,2
10633,426,2026-04-07,2
10634,426,2026-04-17,2
10635,426,2026-04-20,3
10636,426,2026-04-27,1
10637,426,2026-05-05,2
10638,426,2026-05-15,2
10639,426,2026-05-19,2
10640,426,2026-05-29,2
10641,426,2026-06-03,2
10642,426,2026-06-08,2
10643,426,2026-06-15,3
10644,426,2026-06-24,1
10645,426,2026-06-30,2
10646,426,2026-07-09,2
10647,426,2026-07-15,3
10648,426,2026-07-24,2
10649,426,2026-07-28,2
10650,426,2026-08-03,3
10651,427,2026-02-17,1
10652,427,2026-02-23,2
10653,427,2026-03-06,3
10654,427,2026-03-12,1
10655,427,2026-03-19,3
10656,427,2026-03-23,1
10657,427,2026-03-31,3
10658,427,2026-04-10,3
10659,427,2026-04-16,1
10660,427,2026-04-20,2
10661,427,2026-05-01,2
10662,427,2026-05-04,2
10663,427,2026-05-12,2
10664,427,2026-05-21,1
10665,427,2026-05-25,1
10666,427,2026-06-02,2
10667,427,2026-06-09,3
10668,427,2026-06-15,2
10669,427,2026-06-23,2
10670,427,2026-06-30,2
10671,427,2026-07-06,2
10672,427,2026-07-16,1
10673,427,2026-07-23,1
10674,427,2026-07-30,2
10675,427,2026-08-04,3
10676,428,2026-02-16,1
10677,428,2026-02-27,2
10678,428,2026-03-02,3
10679,428,2026-03-09,1
10680,428,2026-03-16,1
10681,428,2026-03-26,1
10682,428,2026-04-02,2
10683,428,2026-04-06,1
10684,428,2026-04-14,2
10685,428,2026-04-21,3
10686,428,2026-04-27,2
10687,428,2026-05-04,1
10688,428,2026-05-15,1
10689,428,2026-05-18,3
10690,428,2026-05-28,3
10691,428,2026-06-02,3
10692,428,2026-06-10,1
10693,428,2026-06-19,3
10694,428,2026-06-25,3
10695,428,2026-06-30,1
10696,428,2026-07-07,1
10697,428,2026-07-17,2
10698,428,2026-07-21,1
10699,428,2026-07-27,1
10700,428,2026-08-05,3
10701,429,2026-02-17,2
10702,429,2026-02-26,2
10703,429,2026-03-05,2
10704,429,2026-03-11,2
10705,429,2026-03-17,2
10706,429,2026-03-27,2
10707,429,2026-03-30,1
10708,429,2026-04-07,2
10709,429,2026-04-16,2
10710,429,2026-04-22,1
10711,429,2026-05-01,2
10712,429,2026-05-04,2
10713,429,2026-05-12,2
10714,429,2026-05-20,2
10715,429,2026-05-26,3
10716,429,2026-06-01,2
10717,429,2026-06-08,2
10718,429,2026-06-17,3
10719,429,2026-06-22,1
10720,429,2026-07-03,3
10721,429,2026-07-09,2
10722,429,2026-07-17,2
10723,429,2026-07-21,2
10724,429,2026-07-29,2
10725,429,2026-08-03,2
10726,430,2026-02-18,2
10727,430,2026-02-24,2
10728,430,2026-03-03,3
10729,430,2026-03-13,2
10730,430,2026-03-18,2
10731,430,2026-03-26,2
10732,430,2026-03-31,2
10733,430,2026-04-06,3
10734,430,2026-04-17,1
10735,430,2026-04-21,2
10736,430,2026-04-29,2
10737,430,2026-05-06,2
10738,430,2026-05-14,2
10739,430,2026-05-18,1
10740,430,2026-05-25,3
10741,430,2026-06-02,3
10742,430,2026-06-12,2
10743,430,2026-06-19,2
10744,430,2026-06-24,2
10745,430,2026-06-30,2
10746,430,2026-07-10,1
10747,430,2026-07-16,1
10748,430,2026-07-20,3
10749,430,2026-07-27,3
10750,430,2026-08-04,2
10751,431,2026-02-16,2
10752,431,2026-02-24,3
10753,431,2026-03-04,2
10754,431,2026-03-10,2
10755,431,2026-03-19,1
10756,431,2026-03-25,2
10757,431,2026-04-03,2
10758,431,2026-04-08,2
10759,431,2026-04-17,3
10760,431,2026-04-22,2
10761,431,2026-04-30,2
10762,431,2026-05-06,1
10763,431,2026-05-12,2
10764,431,2026-05-19,2
10765,431,2026-05-25,2
10766,431,2026-06-03,2
10767,431,2026-06-08,2
10768,431,2026-06-16,2
10769,431,2026-06-22,2
10770,431,2026-06-30,1
10771,431,2026-07-09,2
10772,431,2026-07-13,2
10773,431,2026-07-23,1
10774,431,2026-07-27,2
10775,431,2026-08-05,1
10776,432,2026-02-17,1
10777,432,2026-02-26,2
10778,432,2026-03-03,1
10779,432,2026-03-13,2
10780,432,2026-03-19,2
10781,432,2026-03-25,1
10782,432,2026-03-30,1
10783,432,2026-04-07,1
10784,432,2026-04-17,1
10785,432,2026-04-24,2
10786,432,2026-04-27,2
10787,432,2026-05-07,1
10788,432,2026-05-11,2
10789,432,2026-05-21,1
10790,432,2026-05-28,1
10791,432,2026-06-05,2
10792,432,2026-06-08,1
10793,432,2026-06-18,1
10794,432,2026-06-23,1
10795,432,2026-06-30,1
10796,432,2026-07-07,2
10797,432,2026-07-15,2
10798,432,2026-07-24,1
10799,432,2026-07-27,1
10800,432,2026-08-05,2
10801,433,2026-02-18,2
10802,433,2026-02-24,2
10803,433,2026-03-02,2
10804,433,2026-03-10,1
10805,433,2026-03-18,2
10806,433,2026-03-23,2
10807,433,2026-03-31,2
10808,433,2026-04-06,2
10809,433,2026-04-13,2
10810,433,2026-04-20,1
10811,433,2026-05-01,2
10812,433,2026-05-06,2
10813,433,2026-05-14,2
10814,433,2026-05-21,1
10815,433,2026-05-29,2
10816,433,2026-06-04,2
10817,433,2026-06-10,2
10818,433,2026-06-18,2
10819,433,2026-06-24,2
10820,433,2026-07-03,2
10821,433,2026-07-06,2
10822,433,2026-07-15,1
10823,433,2026-07-23,2
10824,433,2026-07-31,2
10825,433,2026-08-05,1
10826,434,2026-02-18,2
10827,434,2026-02-26,2
10828,434,2026-03-03,2
10829,434,2026-03-10,2
10830,434,2026-03-18,2
10831,434,2026-03-26,1
10832,434,2026-03-30,2
10833,434,2026-04-07,2
10834,434,2026-04-15,2
10835,434,2026-04-23,2
10836,434,2026-04-30,2
10837,434,2026-05-04,2
10838,434,2026-05-11,3
10839,434,2026-05-18,2
10840,434,2026-05-29,2
10841,434,2026-06-01,2
10842,434,2026-06-08,1
10843,434,2026-06-19,3
10844,434,2026-06-22,2
10845,434,2026-06-29,2
10846,434,2026-07-07,2
10847,434,2026-07-13,2
10848,434,2026-07-23,2
10849,434,2026-07-31,2
10850,434,2026-08-04,2
10851,435,2026-02-19,1
10852,435,2026-02-26,1
10853,435,2026-03-04,2
10854,435,2026-03-09,1
10855,435,2026-03-19,2
10856,435,2026-03-24,1
10857,435,2026-04-02,3
10858,435,2026-04-10,1
10859,435,2026-04-13,1
10860,435,2026-04-24,2
10861,435,2026-04-27,1
10862,435,2026-05-08,3
10863,435,2026-05-11,2
10864,435,2026-05-20,1
10865,435,2026-05-28,1
10866,435,2026-06-01,3
10867,435,2026-06-09,2
10868,435,2026-06-19,1
10869,435,2026-06-22,2
10870,435,2026-06-29,1
10871,435,2026-07-08,1
10872,435,2026-07-13,2
10873,435,2026-07-23,1
10874,435,2026-07-27,3
10875,435,2026-08-04,1
10876,436,2026-02-16,1
10877,436,2026-02-26,2
10878,436,2026-03-05,1
10879,436,2026-03-09,2
10880,436,2026-03-17,2
10881,436,2026-03-23,3
10882,436,2026-04-02,3
10883,436,2026-04-07,2
10884,436,2026-04-15,2
10885,436,2026-04-20,3
10886,436,2026-04-27,2
10887,436,2026-05-06,1
10888,436,2026-05-13,2
10889,436,2026-05-22,3
10890,436,2026-05-27,2
10891,436,2026-06-04,2
10892,436,2026-06-10,2
10893,436,2026-06-16,1
10894,436,2026-06-25,3
10895,436,2026-06-30,3
10896,436,2026-07-06,2
10897,436,2026-07-14,3
10898,436,2026-07-20,1
10899,436,2026-07-27,2
10900,436,2026-08-07,2
10901,437,2026-02-17,3
10902,437,2026-02-25,1
10903,437,2026-03-06,1
10904,437,2026-03-13,2
10905,437,2026-03-18,2
10906,437,2026-03-26,1
10907,437,2026-04-02,1
10908,437,2026-04-09,2
10909,437,2026-04-17,2
10910,437,2026-04-22,1
10911,437,2026-04-30,2
10912,437,2026-05-04,2
10913,437,2026-05-12,2
10914,437,2026-05-18,1
10915,437,2026-05-29,3
10916,437,2026-06-01,2
10917,437,2026-06-10,3
10918,437,2026-06-16,2
10919,437,2026-06-23,2
10920,437,2026-07-03,2
10921,437,2026-07-09,2
10922,437,2026-07-14,2
10923,437,2026-07-23,2
10924,437,2026-07-29,2
10925,437,2026-08-06,1
10926,438,2026-02-19,2
10927,438,2026-02-24,1
10928,438,2026-03-02,3
10929,438,2026-03-11,1
10930,438,2026-03-20,1
10931,438,2026-03-23,1
10932,438,2026-04-03,1
10933,438,2026-04-07,1
10934,438,2026-04-14,1
10935,438,2026-04-23,3
10936,438,2026-04-27,3
10937,438,2026-05-04,1
10938,438,2026-05-11,3
10939,438,2026-05-20,3
10940,438,2026-05-28,2
10941,438,2026-06-04,2
10942,438,2026-06-11,3
10943,438,2026-06-15,2
10944,438,2026-06-24,3
10945,438,2026-07-01,1
10946,438,2026-07-10,1
10947,438,2026-07-13,2
10948,438,2026-07-20,2
10949,438,2026-07-27,2
10950,438,2026-08-03,3
10951,439,2026-02-20,2
10952,439,2026-02-26,2
10953,439,2026-03-05,2
10954,439,2026-03-09,2
10955,439,2026-03-18,2
10956,439,2026-03-23,2
10957,439,2026-03-30,3
10958,439,2026-04-08,2
10959,439,2026-04-17,2
10960,439,2026-04-21,2
10961,439,2026-05-01,3
10962,439,2026-05-08,1
10963,439,2026-05-11,2
10964,439,2026-05-22,2
10965,439,2026-05-27,3
10966,439,2026-06-05,2
10967,439,2026-06-08,2
10968,439,2026-06-17,3
10969,439,2026-06-23,1
10970,439,2026-06-29,2
10971,439,2026-07-08,3
10972,439,2026-07-14,2
10973,439,2026-07-20,3
10974,439,2026-07-29,2
10975,439,2026-08-07,1
10976,440,2026-02-20,3
10977,440,2026-02-23,3
10978,440,2026-03-06,3
10979,440,2026-03-11,3
10980,440,2026-03-20,2
10981,440,2026-03-26,3
10982,440,2026-04-02,3
10983,440,2026-04-10,2
10984,440,2026-04-17,2
10985,440,2026-04-23,1
10986,440,2026-04-28,2
10987,440,2026-05-04,2
10988,440,2026-05-12,2
10989,440,2026-05-21,1
10990,440,2026-05-29,2
10991,440,2026-06-04,1
10992,440,2026-06-08,1
10993,440,2026-06-18,1
10994,440,2026-06-25,2
10995,440,2026-07-03,2
10996,440,2026-07-10,2
10997,440,2026-07-15,2
10998,440,2026-07-20,3
10999,440,2026-07-30,3
11000,440,2026-08-06,2
11001,441,2026-02-17,1
11002,441,2026-02-24,1
11003,441,2026-03-05,3
11004,441,2026-03-11,3
11005,441,2026-03-16,1
11006,441,2026-03-26,1
11007,441,2026-04-02,1
11008,441,2026-04-10,2
11009,441,2026-04-15,1
11010,441,2026-04-21,1
11011,441,2026-04-28,3
11012,441,2026-05-05,3
11013,441,2026-05-13,2
11014,441,2026-05-21,2
11015,441,2026-05-26,1
11016,441,2026-06-02,1
11017,441,2026-06-12,1
11018,441,2026-06-19,2
11019,441,2026-06-26,1
11020,441,2026-07-01,1
11021,441,2026-07-10,3
11022,441,2026-07-17,1
11023,441,2026-07-20,2
11024,441,2026-07-31,2
11025,441,2026-08-06,2
11026,442,2026-02-16,2
11027,442,2026-02-25,2
11028,442,2026-03-03,2
11029,442,2026-03-12,2
11030,442,2026-03-17,2
11031,442,2026-03-23,3
11032,442,2026-03-31,2
11033,442,2026-04-09,1
11034,442,2026-04-13,1
11035,442,2026-04-24,2
11036,442,2026-04-30,2
11037,442,2026-05-08,1
11038,442,2026-05-12,2
11039,442,2026-05-18,3
11040,442,2026-05-25,2
11041,442,2026-06-04,3
11042,442,2026-06-08,2
11043,442,2026-06-16,2
11044,442,2026-06-22,1
11045,442,2026-07-01,2
11046,442,2026-07-06,1
11047,442,2026-07-17,2
11048,442,2026-07-20,2
11049,442,2026-07-28,2
11050,442,2026-08-05,2
11051,443,2026-02-20,2
11052,443,2026-02-27,2
11053,443,2026-03-06,2
11054,443,2026-03-13,3
11055,443,2026-03-20,2
11056,443,2026-03-26,3
11057,443,2026-03-31,2
11058,443,2026-04-06,2
11059,443,2026-04-13,3
11060,443,2026-04-23,2
11061,443,2026-04-27,2
11062,443,2026-05-08,2
11063,443,2026-05-15,3
11064,443,2026-05-22,2
11065,443,2026-05-27,2
11066,443,2026-06-05,2
11067,443,2026-06-08,2
11068,443,2026-06-15,2
11069,443,2026-06-26,3
11070,443,2026-07-02,2
11071,443,2026-07-08,2
11072,443,2026-07-15,2
11073,443,2026-07-24,2
11074,443,2026-07-28,3
11075,443,2026-08-04,2
11076,444,2026-02-19,1
11077,444,2026-02-25,2
11078,444,2026-03-06,2
11079,444,2026-03-13,1
11080,444,2026-03-17,3
11081,444,2026-03-27,2
11082,444,2026-04-02,2
11083,444,2026-04-10,3
11084,444,2026-04-15,2
11085,444,2026-04-23,1
11086,444,2026-04-27,2
11087,444,2026-05-08,2
11088,444,2026-05-12,2
11089,444,2026-05-18,1
11090,444,2026-05-25,2
11091,444,2026-06-03,2
11092,444,2026-06-12,2
11093,444,2026-06-15,1
11094,444,2026-06-25,1
11095,444,2026-07-02,2
11096,444,2026-07-08,1
11097,444,2026-07-16,2
11098,444,2026-07-20,2
11099,444,2026-07-28,1
11100,444,2026-08-04,2
11101,445,2026-02-20,2
11102,445,2026-02-23,2
11103,445,2026-03-04,2
11104,445,2026-03-13,3
11105,445,2026-03-19,2
11106,445,2026-03-23,2
11107,445,2026-03-30,3
11108,445,2026-04-07,2
11109,445,2026-04-17,3
11110,445,2026-04-23,3
11111,445,2026-05-01,1
11112,445,2026-05-06,1
11113,445,2026-05-12,2
11114,445,2026-05-22,1
11115,445,2026-05-28,3
11116,445,2026-06-05,2
11117,445,2026-06-12,1
11118,445,2026-06-16,2
11119,445,2026-06-25,2
11120,445,2026-07-02,2
11121,445,2026-07-10,1
11122,445,2026-07-16,3
11123,445,2026-07-20,3
11124,445,2026-07-29,3
11125,445,2026-08-03,2
11126,446,2026-02-18,1
11127,446,2026-02-24,2
11128,446,2026-03-02,1
11129,446,2026-03-11,1
11130,446,2026-03-16,1
11131,446,2026-03-27,2
11132,446,2026-04-02,2
11133,446,2026-04-06,2
11134,446,2026-04-15,2
11135,446,2026-04-23,1
11136,446,2026-04-27,2
11137,446,2026-05-07,1
11138,446,2026-05-15,1
11139,446,2026-05-19,1
11140,446,2026-05-26,2
11141,446,2026-06-04,2
11142,446,2026-06-10,2
11143,446,2026-06-19,2
11144,446,2026-06-26,1
11145,446,2026-06-30,1
11146,446,2026-07-08,1
11147,446,2026-07-16,1
11148,446,2026-07-22,1
11149,446,2026-07-27,1
11150,446,2026-08-06,1
11151,447,2026-02-19,2
11152,447,2026-02-24,3
11153,447,2026-03-04,2
11154,447,2026-03-09,2
11155,447,2026-03-20,2
11156,447,2026-03-26,2
11157,447,2026-04-01,2
11158,447,2026-04-10,2
11159,447,2026-04-16,2
11160,447,2026-04-23,2
11161,447,2026-05-01,1
11162,447,2026-05-05,1
11163,447,2026-05-13,2
11164,447,2026-05-22,1
11165,447,2026-05-28,2
11166,447,2026-06-01,2
11167,447,2026-06-10,2
11168,447,2026-06-18,3
11169,447,2026-06-26,2
11170,447,2026-07-01,2
11171,447,2026-07-07,3
11172,447,2026-07-13,2
11173,447,2026-07-23,2
11174,447,2026-07-27,2
11175,447,2026-08-04,2
11176,448,2026-02-18,2
11177,448,2026-02-23,1
11178,448,2026-03-05,1
11179,448,2026-03-10,2
11180,448,2026-03-17,3
11181,448,2026-03-25,3
11182,448,2026-04-03,2
11183,448,2026-04-07,1
11184,448,2026-04-16,1
11185,448,2026-04-22,2
11186,448,2026-05-01,2
11187,448,2026-05-08,2
11188,448,2026-05-12,2
11189,448,2026-05-18,2
11190,448,2026-05-29,1
11191,448,2026-06-05,2
11192,448,2026-06-09,2
11193,448,2026-06-17,3
11194,448,2026-06-26,1
11195,448,2026-07-02,3
11196,448,2026-07-10,2
11197,448,2026-07-17,2
11198,448,2026-07-21,3
11199,448,2026-07-31,2
11200,448,2026-08-03,2
11201,449,2026-02-17,1
11202,449,2026-02-25,2
11203,449,2026-03-05,2
11204,449,2026-03-12,2
11205,449,2026-03-17,2
11206,449,2026-03-27,2
11207,449,2026-04-02,2
11208,449,2026-04-10,2
11209,449,2026-04-17,2
11210,449,2026-04-20,1
11211,449,2026-04-30,2
11212,449,2026-05-04,2
11213,449,2026-05-15,3
11214,449,2026-05-18,2
11215,449,2026-05-25,2
11216,449,2026-06-03,1
11217,449,2026-06-08,2
11218,449,2026-06-16,2
11219,449,2026-06-22,2
11220,449,2026-07-03,2
11221,449,2026-07-07,2
11222,449,2026-07-15,2
11223,449,2026-07-24,1
11224,449,2026-07-28,2
11225,449,2026-08-04,2
11226,450,2026-02-16,2
11227,450,2026-02-24,2
11228,450,2026-03-03,3
11229,450,2026-03-12,3
11230,450,2026-03-19,3
11231,450,2026-03-23,3
11232,450,2026-04-01,3
11233,450,2026-04-07,2
11234,450,2026-04-14,2
11235,450,2026-04-20,3
11236,450,2026-04-29,3
11237,450,2026-05-06,3
11238,450,2026-05-15,3
11239,450,2026-05-22,3
11240,450,2026-05-25,1
11241,450,2026-06-04,2
11242,450,2026-06-10,2
11243,450,2026-06-15,2
11244,450,2026-06-23,2
11245,450,2026-07-01,2
11246,450,2026-07-08,2
11247,450,2026-07-15,2
11248,450,2026-07-23,2
11249,450,2026-07-28,2
11250,450,2026-08-05,2
11251,451,2026-02-20,2
11252,451,2026-02-23,2
11253,451,2026-03-05,2
11254,451,2026-03-11,3
11255,451,2026-03-16,2
11256,451,2026-03-24,2
11257,451,2026-04-01,2
11258,451,2026-04-08,3
11259,451,2026-04-13,2
11260,451,2026-04-24,2
11261,451,2026-04-30,1
11262,451,2026-05-07,2
11263,451,2026-05-11,2
11264,451,2026-05-21,1
11265,451,2026-05-28,2
11266,451,2026-06-01,2
11267,451,2026-06-12,1
11268,451,2026-06-16,2
11269,451,2026-06-24,2
11270,451,2026-07-03,2
11271,451,2026-07-10,2
11272,451,2026-07-17,2
11273,451,2026-07-24,2
11274,451,2026-07-27,2
11275,451,2026-08-07,2
11276,452,2026-02-16,2
11277,452,2026-02-26,2
11278,452,2026-03-05,2
11279,452,2026-03-13,1
11280,452,2026-03-17,1
11281,452,2026-03-23,2
11282,452,2026-04-01,2
11283,452,2026-04-06,2
11284,452,2026-04-16,2
11285,452,2026-04-22,2
11286,452,2026-04-30,1
11287,452,2026-05-08,2
11288,452,2026-05-11,2
11289,452,2026-05-19,1
11290,452,2026-05-27,2
11291,452,2026-06-05,1
11292,452,2026-06-09,2
11293,452,2026-06-18,1
11294,452,2026-06-25,2
11295,452,2026-07-01,2
11296,452,2026-07-10,1
11297,452,2026-07-16,1
11298,452,2026-07-24,2
11299,452,2026-07-31,1
11300,452,2026-08-07,2
11301,453,2026-02-20,1
11302,453,2026-02-26,2
11303,453,2026-03-06,1
11304,453,2026-03-13,1
11305,453,2026-03-19,1
11306,453,2026-03-25,2
11307,453,2026-04-03,1
11308,453,2026-04-09,2
11309,453,2026-04-17,2
11310,453,2026-04-22,2
11311,453,2026-04-27,2
11312,453,2026-05-06,2
11313,453,2026-05-13,2
11314,453,2026-05-22,2
11315,453,2026-05-27,1
11316,453,2026-06-03,2
11317,453,2026-06-08,2
11318,453,2026-06-15,2
11319,453,2026-06-22,1
11320,453,2026-07-03,2
11321,453,2026-07-07,2
11322,453,2026-07-17,2
11323,453,2026-07-21,2
11324,453,2026-07-27,2
11325,453,2026-08-06,2
11326,454,2026-02-17,2
11327,454,2026-02-26,1
11328,454,2026-03-02,2
11329,454,2026-03-11,2
11330,454,2026-03-16,2
11331,454,2026-03-23,2
11332,454,2026-04-02,3
11333,454,2026-04-06,2
11334,454,2026-04-16,2
11335,454,2026-04-20,1
11336,454,2026-04-28,2
11337,454,2026-05-08,3
11338,454,2026-05-15,3
11339,454,2026-05-22,2
11340,454,2026-05-28,2
11341,454,2026-06-02,2
11342,454,2026-06-11,1
11343,454,2026-06-17,2
11344,454,2026-06-23,1
11345,454,2026-07-02,2
11346,454,2026-07-07,1
11347,454,2026-07-13,2
11348,454,2026-07-24,1
11349,454,2026-07-31,1
11350,454,2026-08-05,2
11351,455,2026-02-18,2
11352,455,2026-02-27,2
11353,455,2026-03-02,3
11354,455,2026-03-12,2
11355,455,2026-03-19,2
11356,455,2026-03-23,2
11357,455,2026-03-30,3
11358,455,2026-04-06,1
11359,455,2026-04-17,2
11360,455,2026-04-24,2
11361,455,2026-04-29,3
11362,455,2026-05-05,2
11363,455,2026-05-13,2
11364,455,2026-05-22,3
11365,455,2026-05-29,2
11366,455,2026-06-03,2
11367,455,2026-06-09,1
11368,455,2026-06-15,2
11369,455,2026-06-24,2
11370,455,2026-07-02,2
11371,455,2026-07-09,3
11372,455,2026-07-15,1
11373,455,2026-07-24,2
11374,455,2026-07-31,1
11375,455,2026-08-06,3
11376,456,2026-02-19,2
11377,456,2026-02-26,1
11378,456,2026-03-02,3
11379,456,2026-03-11,1
11380,456,2026-03-19,3
11381,456,2026-03-25,1
11382,456,2026-03-31,3
11383,456,2026-04-06,1
11384,456,2026-04-15,2
11385,456,2026-04-22,2
11386,456,2026-04-30,3
11387,456,2026-05-06,1
11388,456,2026-05-14,2
11389,456,2026-05-21,2
11390,456,2026-05-27,1
11391,456,2026-06-05,2
11392,456,2026-06-08,2
11393,456,2026-06-19,2
11394,456,2026-06-25,3
11395,456,2026-07-01,3
11396,456,2026-07-08,3
11397,456,2026-07-14,3
11398,456,2026-07-21,3
11399,456,2026-07-31,2
11400,456,2026-08-07,3
11401,457,2026-02-19,1
11402,457,2026-02-24,3
11403,457,2026-03-03,2
11404,457,2026-03-11,2
11405,457,2026-03-18,1
11406,457,2026-03-26,2
11407,457,2026-04-02,2
11408,457,2026-04-07,1
11409,457,2026-04-14,3
11410,457,2026-04-23,2
11411,457,2026-04-29,3
11412,457,2026-05-06,2
11413,457,2026-05-11,2
11414,457,2026-05-18,2
11415,457,2026-05-28,1
11416,457,2026-06-03,1
11417,457,2026-06-12,3
11418,457,2026-06-19,3
11419,457,2026-06-24,1
11420,457,2026-06-30,1
11421,457,2026-07-06,3
11422,457,2026-07-13,1
11423,457,2026-07-23,2
11424,457,2026-07-28,3
11425,457,2026-08-04,3
11426,458,2026-02-17,3
11427,458,2026-02-24,1
11428,458,2026-03-04,2
11429,458,2026-03-10,2
11430,458,2026-03-19,2
11431,458,2026-03-26,3
11432,458,2026-04-02,1
11433,458,2026-04-09,3
11434,458,2026-04-15,2
11435,458,2026-04-23,1
11436,458,2026-04-28,1
11437,458,2026-05-06,1
11438,458,2026-05-15,1
11439,458,2026-05-18,3
11440,458,2026-05-28,3
11441,458,2026-06-01,2
11442,458,2026-06-08,2
11443,458,2026-06-15,1
11444,458,2026-06-23,1
11445,458,2026-07-01,1
11446,458,2026-07-06,3
11447,458,2026-07-13,2
11448,458,2026-07-22,1
11449,458,2026-07-31,1
11450,458,2026-08-05,2
11451,459,2026-02-20,1
11452,459,2026-02-26,1
11453,459,2026-03-02,1
11454,459,2026-03-09,1
11455,459,2026-03-20,1
11456,459,2026-03-23,2
11457,459,2026-03-30,1
11458,459,2026-04-09,2
11459,459,2026-04-17,2
11460,459,2026-04-24,2
11461,459,2026-04-30,1
11462,459,2026-05-07,1
11463,459,2026-05-14,1
11464,459,2026-05-22,1
11465,459,2026-05-26,1
11466,459,2026-06-02,1
11467,459,2026-06-08,1
11468,459,2026-06-16,2
11469,459,2026-06-26,1
11470,459,2026-07-03,1
11471,459,2026-07-08,1
11472,459,2026-07-16,1
11473,459,2026-07-20,2
11474,459,2026-07-29,1
11475,459,2026-08-06,1
11476,460,2026-02-19,1
11477,460,2026-02-25,2
11478,460,2026-03-03,1
11479,460,2026-03-12,1
11480,460,2026-03-16,2
11481,460,2026-03-24,1
11482,460,2026-03-30,2
11483,460,2026-04-07,2
11484,460,2026-04-13,1
11485,460,2026-04-21,2
11486,460,2026-05-01,3
11487,460,2026-05-06,2
11488,460,2026-05-12,2
11489,460,2026-05-21,1
11490,460,2026-05-27,2
11491,460,2026-06-02,1
11492,460,2026-06-11,2
11493,460,2026-06-17,2
11494,460,2026-06-26,2
11495,460,2026-07-02,2
11496,460,2026-07-10,2
11497,460,2026-07-13,1
11498,460,2026-07-23,2
11499,460,2026-07-31,2
11500,460,2026-08-05,2
11501,461,2026-02-18,2
11502,461,2026-02-25,2
11503,461,2026-03-06,3
11504,461,2026-03-10,2
11505,461,2026-03-18,2
11506,461,2026-03-24,2
11507,461,2026-03-30,3
11508,461,2026-04-10,2
11509,461,2026-04-14,2
11510,461,2026-04-24,1
11511,461,2026-04-29,2
11512,461,2026-05-06,2
11513,461,2026-05-13,2
11514,461,2026-05-20,3
11515,461,2026-05-25,1
11516,461,2026-06-01,2
11517,461,2026-06-11,2
11518,461,2026-06-17,2
11519,461,2026-06-24,2
11520,461,2026-07-01,1
11521,461,2026-07-08,1
11522,461,2026-07-16,1
11523,461,2026-07-22,2
11524,461,2026-07-28,3
11525,461,2026-08-04,2
11526,462,2026-02-16,2
11527,462,2026-02-24,2
11528,462,2026-03-03,2
11529,462,2026-03-10,2
11530,462,2026-03-19,2
11531,462,2026-03-25,2
11532,462,2026-04-03,1
11533,462,2026-04-10,2
11534,462,2026-04-16,3
11535,462,2026-04-24,2
11536,462,2026-04-27,2
11537,462,2026-05-07,3
11538,462,2026-05-14,2
11539,462,2026-05-21,2
11540,462,2026-05-26,2
11541,462,2026-06-02,3
11542,462,2026-06-10,2
11543,462,2026-06-16,3
11544,462,2026-06-25,2
11545,462,2026-06-30,2
11546,462,2026-07-06,2
11547,462,2026-07-14,2
11548,462,2026-07-24,2
11549,462,2026-07-31,3
11550,462,2026-08-06,2
11551,463,2026-02-16,2
11552,463,2026-02-26,3
11553,463,2026-03-04,1
11554,463,2026-03-09,1
11555,463,2026-03-20,2
11556,463,2026-03-23,2
11557,463,2026-03-30,2
11558,463,2026-04-10,3
11559,463,2026-04-16,3
11560,463,2026-04-21,2
11561,463,2026-04-27,2
11562,463,2026-05-06,2
11563,463,2026-05-13,2
11564,463,2026-05-19,3
11565,463,2026-05-25,2
11566,463,2026-06-04,1
11567,463,2026-06-12,3
11568,463,2026-06-16,2
11569,463,2026-06-24,2
11570,463,2026-07-03,2
11571,463,2026-07-10,2
11572,463,2026-07-14,2
11573,463,2026-07-22,2
11574,463,2026-07-31,1
11575,463,2026-08-04,2
11576,464,2026-02-17,2
11577,464,2026-02-25,2
11578,464,2026-03-02,2
11579,464,2026-03-09,1
11580,464,2026-03-16,2
11581,464,2026-03-27,2
11582,464,2026-03-30,1
11583,464,2026-04-09,1
11584,464,2026-04-16,2
11585,464,2026-04-23,2
11586,464,2026-05-01,2
11587,464,2026-05-06,1
11588,464,2026-05-15,2
11589,464,2026-05-18,2
11590,464,2026-05-28,2
11591,464,2026-06-03,2
11592,464,2026-06-09,2
11593,464,2026-06-17,2
11594,464,2026-06-24,2
11595,464,2026-07-01,2
11596,464,2026-07-08,1
11597,464,2026-07-15,2
11598,464,2026-07-22,2
11599,464,2026-07-30,1
11600,464,2026-08-03,2
11601,465,2026-02-17,2
11602,465,2026-02-27,2
11603,465,2026-03-04,1
11604,465,2026-03-09,2
11605,465,2026-03-19,2
11606,465,2026-03-27,1
11607,465,2026-04-03,1
11608,465,2026-04-07,1
11609,465,2026-04-16,1
11610,465,2026-04-24,1
11611,465,2026-04-27,1
11612,465,2026-05-04,1
11613,465,2026-05-13,1
11614,465,2026-05-19,1
11615,465,2026-05-29,1
11616,465,2026-06-01,1
11617,465,2026-06-09,1
11618,465,2026-06-19,2
11619,465,2026-06-25,1
11620,465,2026-07-03,1
11621,465,2026-07-10,2
11622,465,2026-07-15,2
11623,465,2026-07-24,1
11624,465,2026-07-30,1
11625,465,2026-08-07,2
11626,466,2026-02-20,1
11627,466,2026-02-26,1
11628,466,2026-03-06,1
11629,466,2026-03-13,1
11630,466,2026-03-20,1
11631,466,2026-03-24,2
11632,466,2026-04-03,1
11633,466,2026-04-06,2
11634,466,2026-04-15,2
11635,466,2026-04-22,2
11636,466,2026-04-30,1
11637,466,2026-05-08,2
11638,466,2026-05-12,1
11639,466,2026-05-21,2
11640,466,2026-05-25,2
11641,466,2026-06-03,2
11642,466,2026-06-11,2
11643,466,2026-06-16,1
11644,466,2026-06-24,1
11645,466,2026-07-02,2
11646,466,2026-07-07,2
11647,466,2026-07-13,1
11648,466,2026-07-20,2
11649,466,2026-07-31,1
11650,466,2026-08-07,1
11651,467,2026-02-18,3
11652,467,2026-02-24,2
11653,467,2026-03-04,3
11654,467,2026-03-10,3
11655,467,2026-03-17,2
11656,467,2026-03-27,2
11657,467,2026-03-31,2
11658,467,2026-04-10,3
11659,467,2026-04-16,2
11660,467,2026-04-21,2
11661,467,2026-05-01,3
11662,467,2026-05-05,3
11663,467,2026-05-12,2
11664,467,2026-05-22,3
11665,467,2026-05-25,3
11666,467,2026-06-02,2
11667,467,2026-06-08,3
11668,467,2026-06-19,2
11669,467,2026-06-25,2
11670,467,2026-06-29,3
11671,467,2026-07-09,3
11672,467,2026-07-14,2
11673,467,2026-07-24,2
11674,467,2026-07-28,3
11675,467,2026-08-04,3
11676,468,2026-02-20,2
11677,468,2026-02-23,2
11678,468,2026-03-06,2
11679,468,2026-03-13,2
11680,468,2026-03-17,1
11681,468,2026-03-24,2
11682,468,2026-03-31,1
11683,468,2026-04-06,1
11684,468,2026-04-13,1
11685,468,2026-04-20,2
11686,468,2026-04-27,2
11687,468,2026-05-05,2
11688,468,2026-05-12,2
11689,468,2026-05-19,2
11690,468,2026-05-25,2
11691,468,2026-06-01,1
11692,468,2026-06-08,2
11693,468,2026-06-19,2
11694,468,2026-06-25,2
11695,468,2026-07-02,1
11696,468,2026-07-09,1
11697,468,2026-07-16,2
11698,468,2026-07-20,2
11699,468,2026-07-27,1
11700,468,2026-08-03,2
11701,469,2026-02-20,3
11702,469,2026-02-27,2
11703,469,2026-03-05,1
11704,469,2026-03-12,2
11705,469,2026-03-16,3
11706,469,2026-03-23,1
11707,469,2026-04-03,2
11708,469,2026-04-06,2
11709,469,2026-04-15,2
11710,469,2026-04-21,2
11711,469,2026-04-29,2
11712,469,2026-05-07,2
11713,469,2026-05-11,2
11714,469,2026-05-20,2
11715,469,2026-05-25,2
11716,469,2026-06-02,3
11717,469,2026-06-12,2
11718,469,2026-06-17,2
11719,469,2026-06-24,1
11720,469,2026-06-30,1
11721,469,2026-07-06,1
11722,469,2026-07-17,2
11723,469,2026-07-24,2
11724,469,2026-07-27,2
11725,469,2026-08-06,2
11726,470,2026-02-19,2
11727,470,2026-02-27,2
11728,470,2026-03-03,2
11729,470,2026-03-10,2
11730,470,2026-03-18,2
11731,470,2026-03-25,3
11732,470,2026-04-02,1
11733,470,2026-04-10,1
11734,470,2026-04-15,2
11735,470,2026-04-20,1
11736,470,2026-04-27,2
11737,470,2026-05-04,2
11738,470,2026-05-12,2
11739,470,2026-05-18,1
11740,470,2026-05-28,2
11741,470,2026-06-04,2
11742,470,2026-06-09,3
11743,470,2026-06-15,2
11744,470,2026-06-24,3
11745,470,2026-07-01,2
11746,470,2026-07-08,2
11747,470,2026-07-17,2
11748,470,2026-07-23,2
11749,470,2026-07-30,2
11750,470,2026-08-03,2
11751,471,2026-02-16,2
11752,471,2026-02-23,2
11753,471,2026-03-05,2
11754,471,2026-03-12,2
11755,471,2026-03-19,2
11756,471,2026-03-26,2
11757,471,2026-04-01,2
11758,471,2026-04-06,2
11759,471,2026-04-13,3
11760,471,2026-04-20,2
11761,471,2026-04-30,2
11762,471,2026-05-06,2
11763,471,2026-05-13,2
11764,471,2026-05-18,2
11765,471,2026-05-25,2
11766,471,2026-06-02,3
11767,471,2026-06-10,2
11768,471,2026-06-15,2
11769,471,2026-06-25,2
11770,471,2026-07-03,2
11771,471,2026-07-08,2
11772,471,2026-07-13,2
11773,471,2026-07-23,2
11774,471,2026-07-31,2
11775,471,2026-08-07,2
11776,472,2026-02-20,3
11777,472,2026-02-26,2
11778,472,2026-03-02,2
11779,472,2026-03-13,2
11780,472,2026-03-20,2
11781,472,2026-03-23,2
11782,472,2026-04-01,3
11783,472,2026-04-10,2
11784,472,2026-04-14,2
11785,472,2026-04-23,2
11786,472,2026-04-30,2
11787,472,2026-05-08,2
11788,472,2026-05-12,2
11789,472,2026-05-20,2
11790,472,2026-05-29,3
11791,472,2026-06-02,2
11792,472,2026-06-11,2
11793,472,2026-06-19,2
11794,472,2026-06-26,1
11795,472,2026-07-03,2
11796,472,2026-07-10,3
11797,472,2026-07-16,2
11798,472,2026-07-21,3
11799,472,2026-07-30,2
11800,472,2026-08-07,2
11801,473,2026-02-16,3
11802,473,2026-02-27,2
11803,473,2026-03-03,3
11804,473,2026-03-13,2
11805,473,2026-03-19,2
11806,473,2026-03-27,2
11807,473,2026-04-03,2
11808,473,2026-04-10,1
11809,473,2026-04-17,3
11810,473,2026-04-20,3
11811,473,2026-04-30,2
11812,473,2026-05-08,2
11813,473,2026-05-14,2
11814,473,2026-05-22,1
11815,473,2026-05-25,1
11816,473,2026-06-03,2
11817,473,2026-06-08,3
11818,473,2026-06-17,3
11819,473,2026-06-26,2
11820,473,2026-07-02,3
11821,473,2026-07-07,2
11822,473,2026-07-15,3
11823,473,2026-07-23,1
11824,473,2026-07-27,3
11825,473,2026-08-07,2
11826,474,2026-02-19,2
11827,474,2026-02-23,2
11828,474,2026-03-06,2
11829,474,2026-03-10,2
11830,474,2026-03-17,2
11831,474,2026-03-23,2
11832,474,2026-03-30,1
11833,474,2026-04-07,1
11834,474,2026-04-16,2
11835,474,2026-04-22,2
11836,474,2026-04-30,2
11837,474,2026-05-08,3
11838,474,2026-05-15,1
11839,474,2026-05-22,2
11840,474,2026-05-26,1
11841,474,2026-06-04,2
11842,474,2026-06-08,2
11843,474,2026-06-17,3
11844,474,2026-06-22,2
11845,474,2026-07-03,2
11846,474,2026-07-06,1
11847,474,2026-07-17,2
11848,474,2026-07-22,1
11849,474,2026-07-28,1
11850,474,2026-08-03,3
11851,475,2026-02-18,1
11852,475,2026-02-25,3
11853,475,2026-03-06,1
11854,475,2026-03-11,1
11855,475,2026-03-16,3
11856,475,2026-03-26,2
11857,475,2026-04-02,2
11858,475,2026-04-09,2
11859,475,2026-04-15,3
11860,475,2026-04-20,1
11861,475,2026-04-28,3
11862,475,2026-05-07,1
11863,475,2026-05-13,1
11864,475,2026-05-21,2
11865,475,2026-05-29,2
11866,475,2026-06-02,1
11867,475,2026-06-08,2
11868,475,2026-06-15,2
11869,475,2026-06-26,2
11870,475,2026-07-03,2
11871,475,2026-07-07,1
11872,475,2026-07-15,3
11873,475,2026-07-20,2
11874,475,2026-07-31,3
11875,475,2026-08-07,2
11876,476,2026-02-17,2
11877,476,2026-02-26,3
11878,476,2026-03-04,1
11879,476,2026-03-10,2
11880,476,2026-03-17,1
11881,476,2026-03-24,2
11882,476,2026-04-03,1
11883,476,2026-04-09,1
11884,476,2026-04-15,3
11885,476,2026-04-24,1
11886,476,2026-05-01,2
11887,476,2026-05-04,2
11888,476,2026-05-14,1
11889,476,2026-05-18,2
11890,476,2026-05-27,1
11891,476,2026-06-03,3
11892,476,2026-06-10,2
11893,476,2026-06-16,2
11894,476,2026-06-22,2
11895,476,2026-07-03,2
11896,476,2026-07-08,3
11897,476,2026-07-15,2
11898,476,2026-07-22,3
11899,476,2026-07-30,1
11900,476,2026-08-03,3
11901,477,2026-02-19,2
11902,477,2026-02-27,2
11903,477,2026-03-03,2
11904,477,2026-03-09,2
11905,477,2026-03-20,2
11906,477,2026-03-24,2
11907,477,2026-03-31,2
11908,477,2026-04-08,2
11909,477,2026-04-16,2
11910,477,2026-04-20,2
11911,477,2026-05-01,2
11912,477,2026-05-04,2
11913,477,2026-05-11,2
11914,477,2026-05-18,2
11915,477,2026-05-28,2
11916,477,2026-06-02,2
11917,477,2026-06-10,2
11918,477,2026-06-18,2
11919,477,2026-06-24,2
11920,477,2026-06-29,3
11921,477,2026-07-09,2
11922,477,2026-07-14,2
11923,477,2026-07-21,2
11924,477,2026-07-28,3
11925,477,2026-08-05,1
11926,478,2026-02-17,2
11927,478,2026-02-27,3
11928,478,2026-03-03,2
11929,478,2026-03-13,1
11930,478,2026-03-20,2
11931,478,2026-03-25,2
11932,478,2026-04-01,3
11933,478,2026-04-06,2
11934,478,2026-04-13,2
11935,478,2026-04-20,2
11936,478,2026-04-30,2
11937,478,2026-05-08,3
11938,478,2026-05-15,2
11939,478,2026-05-19,2
11940,478,2026-05-26,3
11941,478,2026-06-03,1
11942,478,2026-06-11,3
11943,478,2026-06-16,2
11944,478,2026-06-22,1
11945,478,2026-06-30,1
11946,478,2026-07-09,3
11947,478,2026-07-13,2
11948,478,2026-07-23,1
11949,478,2026-07-31,3
11950,478,2026-08-05,2
11951,479,2026-02-19,2
11952,479,2026-02-23,2
11953,479,2026-03-02,3
11954,479,2026-03-11,2
11955,479,2026-03-20,2
11956,479,2026-03-23,2
11957,479,2026-03-30,2
11958,479,2026-04-06,1
11959,479,2026-04-17,3
11960,479,2026-04-22,1
11961,479,2026-04-27,2
11962,479,2026-05-08,2
11963,479,2026-05-12,3
11964,479,2026-05-21,1
11965,479,2026-05-25,2
11966,479,2026-06-01,3
11967,479,2026-06-10,3
11968,479,2026-06-16,3
11969,479,2026-06-25,1
11970,479,2026-06-29,2
11971,479,2026-07-06,2
11972,479,2026-07-15,1
11973,479,2026-07-21,2
11974,479,2026-07-30,2
11975,479,2026-08-03,2
11976,480,2026-02-17,3
11977,480,2026-02-24,2
11978,480,2026-03-02,2
11979,480,2026-03-09,2
11980,480,2026-03-19,2
11981,480,2026-03-23,3
11982,480,2026-04-02,2
11983,480,2026-04-10,2
11984,480,2026-04-15,2
11985,480,2026-04-20,2
11986,480,2026-04-27,3
11987,480,2026-05-07,2
11988,480,2026-05-13,2
11989,480,2026-05-18,2
11990,480,2026-05-29,2
11991,480,2026-06-05,3
11992,480,2026-06-10,2
11993,480,2026-06-19,2
11994,480,2026-06-24,1
11995,480,2026-07-01,2
11996,480,2026-07-07,2
11997,480,2026-07-14,3
11998,480,2026-07-24,2
11999,480,2026-07-31,1
12000,480,2026-08-06,1
12001,481,2026-02-20,2
12002,481,2026-02-27,2
12003,481,2026-03-06,1
12004,481,2026-03-10,3
12005,481,2026-03-19,2
12006,481,2026-03-25,2
12007,481,2026-03-31,2
12008,481,2026-04-10,3
12009,481,2026-04-15,1
12010,481,2026-04-22,2
12011,481,2026-04-30,2
12012,481,2026-05-04,3
12013,481,2026-05-14,2
12014,481,2026-05-18,2
12015,481,2026-05-29,2
12016,481,2026-06-05,2
12017,481,2026-06-09,2
12018,481,2026-06-18,3
12019,481,2026-06-23,2
12020,481,2026-07-01,2
12021,481,2026-07-10,2
12022,481,2026-07-13,1
12023,481,2026-07-21,2
12024,481,2026-07-27,2
12025,481,2026-08-03,2
12026,482,2026-02-18,2
12027,482,2026-02-23,1
12028,482,2026-03-03,1
12029,482,2026-03-11,2
12030,482,2026-03-20,2
12031,482,2026-03-27,2
12032,482,2026-04-02,2
12033,482,2026-04-07,2
12034,482,2026-04-14,1
12035,482,2026-04-20,2
12036,482,2026-04-30,2
12037,482,2026-05-06,2
12038,482,2026-05-12,2
12039,482,2026-05-20,2
12040,482,2026-05-28,3
12041,482,2026-06-03,3
12042,482,2026-06-12,2
12043,482,2026-06-16,2
12044,482,2026-06-24,2
12045,482,2026-06-30,2
12046,482,2026-07-09,2
12047,482,2026-07-17,2
12048,482,2026-07-20,2
12049,482,2026-07-30,2
12050,482,2026-08-05,1
12051,483,2026-02-19,2
12052,483,2026-02-23,2
12053,483,2026-03-05,2
12054,483,2026-03-12,2
12055,483,2026-03-17,3
12056,483,2026-03-27,2
12057,483,2026-04-03,3
12058,483,2026-04-07,2
12059,483,2026-04-15,2
12060,483,2026-04-22,3
12061,483,2026-05-01,2
12062,483,2026-05-08,2
12063,483,2026-05-12,2
12064,483,2026-05-22,3
12065,483,2026-05-27,2
12066,483,2026-06-02,1
12067,483,2026-06-10,3
12068,483,2026-06-16,2
12069,483,2026-06-25,3
12070,483,2026-07-01,2
12071,483,2026-07-09,2
12072,483,2026-07-14,2
12073,483,2026-07-24,2
12074,483,2026-07-27,2
12075,483,2026-08-05,3
12076,484,2026-02-16,1
12077,484,2026-02-26,2
12078,484,2026-03-05,2
12079,484,2026-03-11,3
12080,484,2026-03-16,2
12081,484,2026-03-26,2
12082,484,2026-04-01,3
12083,484,2026-04-09,2
12084,484,2026-04-17,2
12085,484,2026-04-22,2
12086,484,2026-04-29,2
12087,484,2026-05-04,2
12088,484,2026-05-13,2
12089,484,2026-05-21,1
12090,484,2026-05-26,2
12091,484,2026-06-02,2
12092,484,2026-06-12,3
12093,484,2026-06-16,2
12094,484,2026-06-22,1
12095,484,2026-07-03,2
12096,484,2026-07-06,2
12097,484,2026-07-17,3
12098,484,2026-07-22,3
12099,484,2026-07-29,2
12100,484,2026-08-03,3
12101,485,2026-02-19,2
12102,485,2026-02-25,1
12103,485,2026-03-02,1
12104,485,2026-03-13,1
12105,485,2026-03-16,2
12106,485,2026-03-24,1
12107,485,2026-03-30,2
12108,485,2026-04-06,1
12109,485,2026-04-13,2
12110,485,2026-04-23,3
12111,485,2026-05-01,3
12112,485,2026-05-07,3
12113,485,2026-05-11,1
12114,485,2026-05-22,1
12115,485,2026-05-25,3
12116,485,2026-06-02,1
12117,485,2026-06-10,1
12118,485,2026-06-17,2
12119,485,2026-06-25,2
12120,485,2026-07-02,1
12121,485,2026-07-06,2
12122,485,2026-07-14,1
12123,485,2026-07-21,2
12124,485,2026-07-27,3
12125,485,2026-08-06,2
12126,486,2026-02-18,3
12127,486,2026-02-24,2
12128,486,2026-03-04,3
12129,486,2026-03-11,2
12130,486,2026-03-16,1
12131,486,2026-03-24,2
12132,486,2026-03-30,2
12133,486,2026-04-06,2
12134,486,2026-04-14,2
12135,486,2026-04-21,2
12136,486,2026-04-30,1
12137,486,2026-05-06,1
12138,486,2026-05-15,3
12139,486,2026-05-20,1
12140,486,2026-05-25,2
12141,486,2026-06-01,2
12142,486,2026-06-09,3
12143,486,2026-06-18,2
12144,486,2026-06-22,2
12145,486,2026-06-29,2
12146,486,2026-07-08,3
12147,486,2026-07-13,1
12148,486,2026-07-22,1
12149,486,2026-07-28,2
12150,486,2026-08-04,1
12151,487,2026-02-20,3
12152,487,2026-02-25,2
12153,487,2026-03-05,3
12154,487,2026-03-13,2
12155,487,2026-03-18,2
12156,487,2026-03-23,2
12157,487,2026-04-02,3
12158,487,2026-04-08,1
12159,487,2026-04-13,2
12160,487,2026-04-23,3
12161,487,2026-04-27,2
12162,487,2026-05-07,2
12163,487,2026-05-12,3
12164,487,2026-05-19,1
12165,487,2026-05-28,3
12166,487,2026-06-05,2
12167,487,2026-06-12,2
12168,487,2026-06-15,3
12169,487,2026-06-24,2
12170,487,2026-07-03,2
12171,487,2026-07-08,2
12172,487,2026-07-13,2
12173,487,2026-07-21,1
12174,487,2026-07-27,2
12175,487,2026-08-03,3
12176,488,2026-02-19,2
12177,488,2026-02-25,2
12178,488,2026-03-06,3
12179,488,2026-03-10,3
12180,488,2026-03-18,2
12181,488,2026-03-23,2
12182,488,2026-03-31,3
12183,488,2026-04-10,2
12184,488,2026-04-13,3
12185,488,2026-04-20,2
12186,488,2026-04-29,3
12187,488,2026-05-06,3
12188,488,2026-05-12,3
12189,488,2026-05-18,2
12190,488,2026-05-26,2
12191,488,2026-06-04,1
12192,488,2026-06-08,3
12193,488,2026-06-19,2
12194,488,2026-06-26,2
12195,488,2026-07-01,3
12196,488,2026-07-06,3
12197,488,2026-07-13,2
12198,488,2026-07-24,2
12199,488,2026-07-29,2
12200,488,2026-08-07,3
12201,489,2026-02-17,2
12202,489,2026-02-25,2
12203,489,2026-03-06,1
12204,489,2026-03-13,2
12205,489,2026-03-17,2
12206,489,2026-03-27,1
12207,489,2026-04-01,2
12208,489,2026-04-08,3
12209,489,2026-04-14,2
12210,489,2026-04-22,3
12211,489,2026-05-01,2
12212,489,2026-05-06,1
12213,489,2026-05-12,2
12214,489,2026-05-18,3
12215,489,2026-05-27,2
12216,489,2026-06-04,2
12217,489,2026-06-08,2
12218,489,2026-06-15,2
12219,489,2026-06-22,3
12220,489,2026-07-02,2
12221,489,2026-07-09,2
12222,489,2026-07-17,3
12223,489,2026-07-24,3
12224,489,2026-07-27,1
12225,489,2026-08-03,2
12226,490,2026-02-20,2
12227,490,2026-02-26,3
12228,490,2026-03-06,3
12229,490,2026-03-09,2
12230,490,2026-03-16,2
12231,490,2026-03-27,3
12232,490,2026-04-02,2
12233,490,2026-04-09,2
12234,490,2026-04-16,2
12235,490,2026-04-22,2
12236,490,2026-04-27,2
12237,490,2026-05-05,2
12238,490,2026-05-14,2
12239,490,2026-05-22,2
12240,490,2026-05-27,2
12241,490,2026-06-02,2
12242,490,2026-06-09,3
12243,490,2026-06-16,3
12244,490,2026-06-26,2
12245,490,2026-07-01,2
12246,490,2026-07-08,2
12247,490,2026-07-17,2
12248,490,2026-07-22,2
12249,490,2026-07-28,2
12250,490,2026-08-03,2
12251,491,2026-02-19,1
12252,491,2026-02-26,2
12253,491,2026-03-05,2
12254,491,2026-03-12,3
12255,491,2026-03-17,3
12256,491,2026-03-25,3
12257,491,2026-04-01,1
12258,491,2026-04-06,2
12259,491,2026-04-14,3
12260,491,2026-04-21,3
12261,491,2026-04-29,2
12262,491,2026-05-04,3
12263,491,2026-05-11,2
12264,491,2026-05-21,2
12265,491,2026-05-26,2
12266,491,2026-06-04,2
12267,491,2026-06-10,3
12268,491,2026-06-17,1
12269,491,2026-06-23,3
12270,491,2026-07-02,2
12271,491,2026-07-07,1
12272,491,2026-07-15,2
12273,491,2026-07-20,2
12274,491,2026-07-30,2
12275,491,2026-08-07,2
12276,492,2026-02-17,2
12277,492,2026-02-27,2
12278,492,2026-03-02,1
12279,492,2026-03-10,1
12280,492,2026-03-20,1
12281,492,2026-03-24,1
12282,492,2026-03-31,2
12283,492,2026-04-07,2
12284,492,2026-04-15,1
12285,492,2026-04-22,2
12286,492,2026-04-27,2
12287,492,2026-05-04,2
12288,492,2026-05-11,2
12289,492,2026-05-18,1
12290,492,2026-05-29,2
12291,492,2026-06-01,1
12292,492,2026-06-11,1
12293,492,2026-06-15,2
12294,492,2026-06-24,1
12295,492,2026-06-30,2
12296,492,2026-07-06,1
12297,492,2026-07-17,1
12298,492,2026-07-24,2
12299,492,2026-07-30,1
12300,492,2026-08-07,1
12301,493,2026-02-17,2
12302,493,2026-02-23,2
12303,493,2026-03-03,1
12304,493,2026-03-09,3
12305,493,2026-03-16,3
12306,493,2026-03-26,1
12307,493,2026-04-02,1
12308,493,2026-04-09,3
12309,493,2026-04-14,2
12310,493,2026-04-21,3
12311,493,2026-05-01,1
12312,493,2026-05-04,1
12313,493,2026-05-13,3
12314,493,2026-05-20,2
12315,493,2026-05-28,2
12316,493,2026-06-03,2
12317,493,2026-06-12,2
12318,493,2026-06-19,2
12319,493,2026-06-26,1
12320,493,2026-07-02,2
12321,493,2026-07-08,3
12322,493,2026-07-17,2
12323,493,2026-07-21,1
12324,493,2026-07-27,3
12325,493,2026-08-04,3
12326,494,2026-02-20,2
12327,494,2026-02-26,3
12328,494,2026-03-04,2
12329,494,2026-03-10,2
12330,494,2026-03-19,3
12331,494,2026-03-23,3
12332,494,2026-03-31,2
12333,494,2026-04-07,2
12334,494,2026-04-16,1
12335,494,2026-04-21,3
12336,494,2026-04-27,2
12337,494,2026-05-05,1
12338,494,2026-05-14,2
12339,494,2026-05-20,2
12340,494,2026-05-27,2
12341,494,2026-06-05,1
12342,494,2026-06-09,1
12343,494,2026-06-15,1
12344,494,2026-06-24,2
12345,494,2026-07-02,2
12346,494,2026-07-09,2
12347,494,2026-07-13,2
12348,494,2026-07-24,2
12349,494,2026-07-28,1
12350,494,2026-08-03,3
12351,495,2026-02-16,1
12352,495,2026-02-23,2
12353,495,2026-03-04,2
12354,495,2026-03-10,2
12355,495,2026-03-17,1
12356,495,2026-03-27,2
12357,495,2026-03-30,3
12358,495,2026-04-07,2
12359,495,2026-04-14,2
12360,495,2026-04-23,3
12361,495,2026-04-28,2
12362,495,2026-05-04,2
12363,495,2026-05-15,2
12364,495,2026-05-19,2
12365,495,2026-05-25,2
12366,495,2026-06-03,2
12367,495,2026-06-12,2
12368,495,2026-06-15,2
12369,495,2026-06-26,2
12370,495,2026-07-03,1
12371,495,2026-07-09,2
12372,495,2026-07-13,2
12373,495,2026-07-22,2
12374,495,2026-07-31,2
12375,495,2026-08-03,2
12376,496,2026-02-16,2
12377,496,2026-02-23,3
12378,496,2026-03-06,3
12379,496,2026-03-12,3
12380,496,2026-03-17,2
12381,496,2026-03-27,3
12382,496,2026-04-01,2
12383,496,2026-04-08,3
12384,496,2026-04-17,2
12385,496,2026-04-24,1
12386,496,2026-04-27,2
12387,496,2026-05-08,2
12388,496,2026-05-13,2
12389,496,2026-05-22,2
12390,496,2026-05-28,3
12391,496,2026-06-04,2
12392,496,2026-06-09,3
12393,496,2026-06-15,2
12394,496,2026-06-25,3
12395,496,2026-07-03,2
12396,496,2026-07-10,3
12397,496,2026-07-13,2
12398,496,2026-07-20,2
12399,496,2026-07-29,3
12400,496,2026-08-04,2
12401,497,2026-02-20,2
12402,497,2026-02-27,2
12403,497,2026-03-03,1
12404,497,2026-03-09,2
12405,497,2026-03-20,1
12406,497,2026-03-26,2
12407,497,2026-04-03,2
12408,497,2026-04-07,2
12409,497,2026-04-17,1
12410,497,2026-04-24,1
12411,497,2026-04-30,2
12412,497,2026-05-05,1
12413,497,2026-05-15,2
12414,497,2026-05-20,2
12415,497,2026-05-27,2
12416,497,2026-06-03,2
12417,497,2026-06-08,2
12418,497,2026-06-15,2
12419,497,2026-06-26,2
12420,497,2026-06-30,2
12421,497,2026-07-07,2
12422,497,2026-07-16,2
12423,497,2026-07-21,1
12424,497,2026-07-27,2
12425,497,2026-08-03,2
12426,498,2026-02-20,2
12427,498,2026-02-24,2
12428,498,2026-03-06,2
12429,498,2026-03-11,2
12430,498,2026-03-20,2
12431,498,2026-03-24,2
12432,498,2026-03-31,2
12433,498,2026-04-07,2
12434,498,2026-04-14,2
12435,498,2026-04-20,3
12436,498,2026-04-29,2
12437,498,2026-05-04,3
12438,498,2026-05-13,3
12439,498,2026-05-20,2
12440,498,2026-05-28,2
12441,498,2026-06-03,2
12442,498,2026-06-09,2
12443,498,2026-06-16,2
12444,498,2026-06-26,2
12445,498,2026-06-29,2
12446,498,2026-07-06,2
12447,498,2026-07-16,2
12448,498,2026-07-22,2
12449,498,2026-07-31,2
12450,498,2026-08-07,2
12451,499,2026-02-16,3
12452,499,2026-02-24,3
12453,499,2026-03-02,3
12454,499,2026-03-10,2
12455,499,2026-03-16,2
12456,499,2026-03-24,2
12457,499,2026-03-30,2
12458,499,2026-04-08,3
12459,499,2026-04-14,2
12460,499,2026-04-21,2
12461,499,2026-04-28,2
12462,499,2026-05-05,3
12463,499,2026-05-14,3
12464,499,2026-05-21,3
12465,499,2026-05-27,2
12466,499,2026-06-02,2
12467,499,2026-06-08,2
12468,499,2026-06-16,3
12469,499,2026-06-24,3
12470,499,2026-06-30,2
12471,499,2026-07-06,3
12472,499,2026-07-14,2
12473,499,2026-07-24,2
12474,499,2026-07-27,2
12475,499,2026-08-06,2
12476,500,2026-02-16,1
12477,500,2026-02-26,2
12478,500,2026-03-04,1
12479,500,2026-03-12,2
12480,500,2026-03-17,2
12481,500,2026-03-23,2
12482,500,2026-03-30,2
12483,500,2026-04-08,2
12484,500,2026-04-17,1
12485,500,2026-04-21,2
12486,500,2026-04-30,2
12487,500,2026-05-07,2
12488,500,2026-05-14,2
12489,500,2026-05-20,2
12490,500,2026-05-28,2
12491,500,2026-06-05,2
12492,500,2026-06-08,2
12493,500,2026-06-19,2
12494,500,2026-06-26,2
12495,500,2026-06-30,2
12496,500,2026-07-07,2
12497,500,2026-07-13,2
12498,500,2026-07-20,2
12499,500,2026-07-28,2
12500,500,2026-08-07,2
12501,501,2026-02-19,3
12502,501,2026-02-23,2
12503,501,2026-03-05,2
12504,501,2026-03-11,1
12505,501,2026-03-19,2
12506,501,2026-03-27,3
12507,501,2026-03-30,3
12508,501,2026-04-07,1
12509,501,2026-04-17,1
12510,501,2026-04-24,2
12511,501,2026-04-28,3
12512,501,2026-05-04,3
12513,501,2026-05-11,2
12514,501,2026-05-20,2
12515,501,2026-05-26,2
12516,501,2026-06-05,2
12517,501,2026-06-10,2
12518,501,2026-06-15,2
12519,501,2026-06-26,2
12520,501,2026-07-02,1
12521,501,2026-07-09,2
12522,501,2026-07-14,2
12523,501,2026-07-21,2
12524,501,2026-07-31,1
12525,501,2026-08-03,3
12526,502,2026-02-16,2
12527,502,2026-02-26,2
12528,502,2026-03-05,2
12529,502,2026-03-09,3
12530,502,2026-03-20,3
12531,502,2026-03-23,3
12532,502,2026-04-01,2
12533,502,2026-04-09,1
12534,502,2026-04-17,2
12535,502,2026-04-22,2
12536,502,2026-04-30,1
12537,502,2026-05-07,3
12538,502,2026-05-14,2
12539,502,2026-05-18,2
12540,502,2026-05-28,2
12541,502,2026-06-02,2
12542,502,2026-06-11,2
12543,502,2026-06-16,3
12544,502,2026-06-22,3
12545,502,2026-07-03,2
12546,502,2026-07-10,2
12547,502,2026-07-16,1
12548,502,2026-07-22,2
12549,502,2026-07-29,1
12550,502,2026-08-03,2
12551,503,2026-02-20,3
12552,503,2026-02-25,2
12553,503,2026-03-04,2
12554,503,2026-03-11,3
12555,503,2026-03-16,2
12556,503,2026-03-26,2
12557,503,2026-04-02,3
12558,503,2026-04-09,2
12559,503,2026-04-14,2
12560,503,2026-04-22,2
12561,503,2026-05-01,2
12562,503,2026-05-05,3
12563,503,2026-05-12,3
12564,503,2026-05-22,2
12565,503,2026-05-28,3
12566,503,2026-06-03,2
12567,503,2026-06-08,3
12568,503,2026-06-17,2
12569,503,2026-06-26,3
12570,503,2026-07-02,1
12571,503,2026-07-07,3
12572,503,2026-07-16,3
12573,503,2026-07-21,2
12574,503,2026-07-28,2
12575,503,2026-08-04,2
12576,504,2026-02-17,1
12577,504,2026-02-26,1
12578,504,2026-03-02,3
12579,504,2026-03-09,2
12580,504,2026-03-18,1
12581,504,2026-03-24,3
12582,504,2026-04-01,2
12583,504,2026-04-07,3
12584,504,2026-04-16,2
12585,504,2026-04-21,3
12586,504,2026-04-29,2
12587,504,2026-05-08,2
12588,504,2026-05-13,2
12589,504,2026-05-20,2
12590,504,2026-05-26,1
12591,504,2026-06-01,2
12592,504,2026-06-12,3
12593,504,2026-06-19,3
12594,504,2026-06-22,2
12595,504,2026-07-03,2
12596,504,2026-07-09,2
12597,504,2026-07-17,2
12598,504,2026-07-24,2
12599,504,2026-07-27,3
12600,504,2026-08-07,3
12601,505,2026-02-17,1
12602,505,2026-02-24,2
12603,505,2026-03-04,1
12604,505,2026-03-09,1
12605,505,2026-03-20,1
12606,505,2026-03-27,2
12607,505,2026-04-02,1
12608,505,2026-04-08,2
12609,505,2026-04-14,1
12610,505,2026-04-21,2
12611,505,2026-05-01,2
12612,505,2026-05-06,2
12613,505,2026-05-12,2
12614,505,2026-05-19,3
12615,505,2026-05-27,2
12616,505,2026-06-04,1
12617,505,2026-06-09,2
12618,505,2026-06-17,2
12619,505,2026-06-22,1
12620,505,2026-07-01,1
12621,505,2026-07-10,2
12622,505,2026-07-14,2
12623,505,2026-07-21,3
12624,505,2026-07-28,1
12625,505,2026-08-05,1
12626,506,2026-02-16,2
12627,506,2026-02-24,1
12628,506,2026-03-02,1
12629,506,2026-03-09,2
12630,506,2026-03-18,2
12631,506,2026-03-27,2
12632,506,2026-04-02,2
12633,506,2026-04-09,1
12634,506,2026-04-13,2
12635,506,2026-04-22,2
12636,506,2026-04-29,2
12637,506,2026-05-06,2
12638,506,2026-05-14,2
12639,506,2026-05-21,1
12640,506,2026-05-29,1
12641,506,2026-06-03,2
12642,506,2026-06-11,2
12643,506,2026-06-17,1
12644,506,2026-06-25,3
12645,506,2026-07-02,2
12646,506,2026-07-10,2
12647,506,2026-07-15,2
12648,506,2026-07-22,2
12649,506,2026-07-28,2
12650,506,2026-08-05,2
12651,507,2026-02-19,1
12652,507,2026-02-25,1
12653,507,2026-03-06,1
12654,507,2026-03-12,2
12655,507,2026-03-18,1
12656,507,2026-03-26,2
12657,507,2026-04-02,2
12658,507,2026-04-10,2
12659,507,2026-04-17,2
12660,507,2026-04-23,3
12661,507,2026-04-27,2
12662,507,2026-05-07,1
12663,507,2026-05-12,1
12664,507,2026-05-20,2
12665,507,2026-05-26,2
12666,507,2026-06-01,2
12667,507,2026-06-09,2
12668,507,2026-06-17,2
12669,507,2026-06-24,2
12670,507,2026-07-01,1
12671,507,2026-07-06,2
12672,507,2026-07-17,1
12673,507,2026-07-20,1
12674,507,2026-07-31,1
12675,507,2026-08-05,1
12676,508,2026-02-18,2
12677,508,2026-02-27,1
12678,508,2026-03-02,3
12679,508,2026-03-11,3
12680,508,2026-03-17,1
12681,508,2026-03-26,2
12682,508,2026-04-03,2
12683,508,2026-04-07,2
12684,508,2026-04-15,1
12685,508,2026-04-22,2
12686,508,2026-05-01,2
12687,508,2026-05-07,2
12688,508,2026-05-14,2
12689,508,2026-05-20,1
12690,508,2026-05-28,2
12691,508,2026-06-02,1
12692,508,2026-06-08,2
12693,508,2026-06-16,2
12694,508,2026-06-22,2
12695,508,2026-07-02,2
12696,508,2026-07-08,2
12697,508,2026-07-14,2
12698,508,2026-07-21,2
12699,508,2026-07-29,2
12700,508,2026-08-07,2
12701,509,2026-02-18,2
12702,509,2026-02-24,2
12703,509,2026-03-05,3
12704,509,2026-03-09,3
12705,509,2026-03-18,1
12706,509,2026-03-23,2
12707,509,2026-04-01,2
12708,509,2026-04-10,3
12709,509,2026-04-17,2
12710,509,2026-04-21,2
12711,509,2026-04-28,1
12712,509,2026-05-05,1
12713,509,2026-05-14,2
12714,509,2026-05-18,3
12715,509,2026-05-27,3
12716,509,2026-06-03,2
12717,509,2026-06-10,3
12718,509,2026-06-16,1
12719,509,2026-06-22,2
12720,509,2026-07-02,2
12721,509,2026-07-10,2
12722,509,2026-07-16,3
12723,509,2026-07-21,2
12724,509,2026-07-30,2
12725,509,2026-08-04,1
12726,510,2026-02-16,2
12727,510,2026-02-23,3
12728,510,2026-03-06,1
12729,510,2026-03-09,3
12730,510,2026-03-19,2
12731,510,2026-03-27,2
12732,510,2026-04-01,2
12733,510,2026-04-07,2
12734,510,2026-04-14,3
12735,510,2026-04-20,3
12736,510,2026-04-27,2
12737,510,2026-05-06,3
12738,510,2026-05-15,3
12739,510,2026-05-21,2
12740,510,2026-05-25,3
12741,510,2026-06-05,3
12742,510,2026-06-10,3
12743,510,2026-06-17,2
12744,510,2026-06-23,3
12745,510,2026-06-30,2
12746,510,2026-07-08,2
12747,510,2026-07-15,2
12748,510,2026-07-21,2
12749,510,2026-07-30,3
12750,510,2026-08-07,2
12751,511,2026-02-18,2
12752,511,2026-02-25,2
12753,511,2026-03-05,2
12754,511,2026-03-09,2
12755,511,2026-03-16,1
12756,511,2026-03-26,2
12757,511,2026-03-31,2
12758,511,2026-04-07,1
12759,511,2026-04-13,2
12760,511,2026-04-24,2
12761,511,2026-04-30,2
12762,511,2026-05-06,1
12763,511,2026-05-12,2
12764,511,2026-05-19,1
12765,511,2026-05-28,1
12766,511,2026-06-04,2
12767,511,2026-06-11,2
12768,511,2026-06-16,1
12769,511,2026-06-26,2
12770,511,2026-07-02,2
12771,511,2026-07-09,1
12772,511,2026-07-15,3
12773,511,2026-07-23,1
12774,511,2026-07-28,1
12775,511,2026-08-04,3
12776,512,2026-02-16,2
12777,512,2026-02-23,2
12778,512,2026-03-04,2
12779,512,2026-03-09,1
12780,512,2026-03-16,2
12781,512,2026-03-25,3
12782,512,2026-03-31,2
12783,512,2026-04-09,2
12784,512,2026-04-17,2
12785,512,2026-04-20,3
12786,512,2026-04-27,2
12787,512,2026-05-06,2
12788,512,2026-05-13,2
12789,512,2026-05-22,3
12790,512,2026-05-25,2
12791,512,2026-06-01,2
12792,512,2026-06-08,1
12793,512,2026-06-16,2
12794,512,2026-06-25,2
12795,512,2026-06-30,2
12796,512,2026-07-07,2
12797,512,2026-07-13,2
12798,512,2026-07-22,2
12799,512,2026-07-28,3
12800,512,2026-08-05,2
12801,513,2026-02-17,2
12802,513,2026-02-23,2
12803,513,2026-03-05,3
12804,513,2026-03-09,2
12805,513,2026-03-20,2
12806,513,2026-03-25,2
12807,513,2026-03-31,2
12808,513,2026-04-10,2
12809,513,2026-04-13,2
12810,513,2026-04-21,2
12811,513,2026-04-30,2
12812,513,2026-05-08,3
12813,513,2026-05-11,1
12814,513,2026-05-21,3
12815,513,2026-05-26,1
12816,513,2026-06-01,2
12817,513,2026-06-09,2
12818,513,2026-06-15,2
12819,513,2026-06-23,3
12820,513,2026-07-02,2
12821,513,2026-07-10,1
12822,513,2026-07-15,2
12823,513,2026-07-22,3
12824,513,2026-07-28,3
12825,513,2026-08-07,2
12826,514,2026-02-17,2
12827,514,2026-02-23,2
12828,514,2026-03-06,3
12829,514,2026-03-10,2
12830,514,2026-03-20,3
12831,514,2026-03-26,2
12832,514,2026-03-31,2
12833,514,2026-04-08,1
12834,514,2026-04-14,2
12835,514,2026-04-22,1
12836,514,2026-05-01,2
12837,514,2026-05-06,2
12838,514,2026-05-12,3
12839,514,2026-05-19,2
12840,514,2026-05-26,2
12841,514,2026-06-02,3
12842,514,2026-06-09,2
12843,514,2026-06-18,1
12844,514,2026-06-23,2
12845,514,2026-07-03,3
12846,514,2026-07-07,3
12847,514,2026-07-17,3
12848,514,2026-07-24,1
12849,514,2026-07-31,2
12850,514,2026-08-04,2
12851,515,2026-02-18,2
12852,515,2026-02-25,2
12853,515,2026-03-05,2
12854,515,2026-03-10,2
12855,515,2026-03-18,2
12856,515,2026-03-24,3
12857,515,2026-03-31,2
12858,515,2026-04-07,2
12859,515,2026-04-16,2
12860,515,2026-04-23,2
12861,515,2026-04-27,2
12862,515,2026-05-08,2
12863,515,2026-05-13,3
12864,515,2026-05-18,2
12865,515,2026-05-28,2
12866,515,2026-06-04,3
12867,515,2026-06-08,3
12868,515,2026-06-15,2
12869,515,2026-06-26,2
12870,515,2026-07-02,2
12871,515,2026-07-06,2
12872,515,2026-07-17,2
12873,515,2026-07-21,2
12874,515,2026-07-30,2
12875,515,2026-08-07,2
12876,516,2026-02-16,1
12877,516,2026-02-27,2
12878,516,2026-03-03,2
12879,516,2026-03-10,2
12880,516,2026-03-19,2
12881,516,2026-03-23,2
12882,516,2026-03-30,2
12883,516,2026-04-06,2
12884,516,2026-04-16,2
12885,516,2026-04-20,2
12886,516,2026-04-28,2
12887,516,2026-05-07,1
12888,516,2026-05-11,2
12889,516,2026-05-20,2
12890,516,2026-05-29,1
12891,516,2026-06-02,2
12892,516,2026-06-12,2
12893,516,2026-06-19,2
12894,516,2026-06-23,2
12895,516,2026-06-29,1
12896,516,2026-07-09,1
12897,516,2026-07-16,1
12898,516,2026-07-22,1
12899,516,2026-07-31,2
12900,516,2026-08-05,2
12901,517,2026-02-19,3
12902,517,2026-02-24,1
12903,517,2026-03-04,1
12904,517,2026-03-12,2
12905,517,2026-03-18,3
12906,517,2026-03-24,3
12907,517,2026-03-31,2
12908,517,2026-04-07,2
12909,517,2026-04-14,1
12910,517,2026-04-21,2
12911,517,2026-04-28,3
12912,517,2026-05-05,1
12913,517,2026-05-15,3
12914,517,2026-05-18,2
12915,517,2026-05-25,2
12916,517,2026-06-05,2
12917,517,2026-06-10,2
12918,517,2026-06-17,2
12919,517,2026-06-23,2
12920,517,2026-07-01,2
12921,517,2026-07-10,1
12922,517,2026-07-17,1
12923,517,2026-07-21,1
12924,517,2026-07-28,2
12925,517,2026-08-04,3
12926,518,2026-02-19,3
12927,518,2026-02-23,1
12928,518,2026-03-05,1
12929,518,2026-03-10,3
12930,518,2026-03-20,1
12931,518,2026-03-25,3
12932,518,2026-03-31,3
12933,518,2026-04-08,2
12934,518,2026-04-13,3
12935,518,2026-04-23,2
12936,518,2026-04-28,2
12937,518,2026-05-07,3
12938,518,2026-05-12,1
12939,518,2026-05-18,2
12940,518,2026-05-25,1
12941,518,2026-06-05,3
12942,518,2026-06-08,3
12943,518,2026-06-17,3
12944,518,2026-06-25,2
12945,518,2026-07-02,3
12946,518,2026-07-08,2
12947,518,2026-07-13,3
12948,518,2026-07-21,3
12949,518,2026-07-27,1
12950,518,2026-08-06,1
12951,519,2026-02-17,3
12952,519,2026-02-27,2
12953,519,2026-03-04,2
12954,519,2026-03-09,3
12955,519,2026-03-20,2
12956,519,2026-03-25,3
12957,519,2026-03-31,2
12958,519,2026-04-06,3
12959,519,2026-04-13,2
12960,519,2026-04-21,3
12961,519,2026-04-30,2
12962,519,2026-05-05,2
12963,519,2026-05-14,2
12964,519,2026-05-18,2
12965,519,2026-05-29,3
12966,519,2026-06-03,3
12967,519,2026-06-11,2
12968,519,2026-06-16,2
12969,519,2026-06-26,2
12970,519,2026-07-02,2
12971,519,2026-07-08,2
12972,519,2026-07-16,3
12973,519,2026-07-20,2
12974,519,2026-07-29,2
12975,519,2026-08-05,2
12976,520,2026-02-16,2
12977,520,2026-02-25,2
12978,520,2026-03-04,2
12979,520,2026-03-11,2
12980,520,2026-03-20,2
12981,520,2026-03-23,2
12982,520,2026-03-31,2
12983,520,2026-04-06,2
12984,520,2026-04-15,2
12985,520,2026-04-20,2
12986,520,2026-04-30,2
12987,520,2026-05-06,2
12988,520,2026-05-11,1
12989,520,2026-05-18,2
12990,520,2026-05-29,2
12991,520,2026-06-03,2
12992,520,2026-06-10,2
12993,520,2026-06-18,2
12994,520,2026-06-24,3
12995,520,2026-06-29,2
12996,520,2026-07-10,2
12997,520,2026-07-13,1
12998,520,2026-07-24,2
12999,520,2026-07-30,3
13000,520,2026-08-07,2
13001,521,2026-02-20,3
13002,521,2026-02-25,3
13003,521,2026-03-05,2
13004,521,2026-03-13,2
13005,521,2026-03-19,2
13006,521,2026-03-25,1
13007,521,2026-03-31,2
13008,521,2026-04-06,3
13009,521,2026-04-16,2
13010,521,2026-04-20,1
13011,521,2026-04-28,2
13012,521,2026-05-04,2
13013,521,2026-05-13,3
13014,521,2026-05-19,3
13015,521,2026-05-28,2
13016,521,2026-06-02,1
13017,521,2026-06-08,2
13018,521,2026-06-15,2
13019,521,2026-06-26,2
13020,521,2026-07-02,3
13021,521,2026-07-06,1
13022,521,2026-07-14,2
13023,521,2026-07-20,2
13024,521,2026-07-28,3
13025,521,2026-08-05,2
13026,522,2026-02-17,2
13027,522,2026-02-27,3
13028,522,2026-03-03,2
13029,522,2026-03-12,2
13030,522,2026-03-20,2
13031,522,2026-03-26,2
13032,522,2026-04-02,2
13033,522,2026-04-10,2
13034,522,2026-04-17,2
13035,522,2026-04-23,2
13036,522,2026-04-30,2
13037,522,2026-05-04,3
13038,522,2026-05-15,2
13039,522,2026-05-22,2
13040,522,2026-05-28,2
13041,522,2026-06-02,2
13042,522,2026-06-08,3
13043,522,2026-06-16,2
13044,522,2026-06-25,2
13045,522,2026-07-02,2
13046,522,2026-07-09,2
13047,522,2026-07-14,1
13048,522,2026-07-20,2
13049,522,2026-07-31,2
13050,522,2026-08-04,2
13051,523,2026-02-19,2
13052,523,2026-02-26,1
13053,523,2026-03-02,2
13054,523,2026-03-12,2
13055,523,2026-03-18,2
13056,523,2026-03-27,3
13057,523,2026-04-03,2
13058,523,2026-04-10,1
13059,523,2026-04-17,2
13060,523,2026-04-23,1
13061,523,2026-05-01,2
13062,523,2026-05-07,3
13063,523,2026-05-13,1
13064,523,2026-05-19,2
13065,523,2026-05-26,1
13066,523,2026-06-05,2
13067,523,2026-06-10,2
13068,523,2026-06-16,2
13069,523,2026-06-22,3
13070,523,2026-07-03,2
13071,523,2026-07-06,1
13072,523,2026-07-16,2
13073,523,2026-07-22,2
13074,523,2026-07-29,1
13075,523,2026-08-04,2
13076,524,2026-02-20,2
13077,524,2026-02-27,1
13078,524,2026-03-04,2
13079,524,2026-03-10,2
13080,524,2026-03-17,2
13081,524,2026-03-23,1
13082,524,2026-03-31,2
13083,524,2026-04-06,1
13084,524,2026-04-14,2
13085,524,2026-04-20,3
13086,524,2026-05-01,2
13087,524,2026-05-04,2
13088,524,2026-05-13,3
13089,524,2026-05-18,3
13090,524,2026-05-27,2
13091,524,2026-06-04,3
13092,524,2026-06-11,1
13093,524,2026-06-17,1
13094,524,2026-06-24,2
13095,524,2026-07-03,2
13096,524,2026-07-09,2
13097,524,2026-07-15,2
13098,524,2026-07-23,3
13099,524,2026-07-27,2
13100,524,2026-08-03,1
13101,525,2026-02-17,2
13102,525,2026-02-26,2
13103,525,2026-03-06,2
13104,525,2026-03-12,1
13105,525,2026-03-19,2
13106,525,2026-03-25,2
13107,525,2026-04-01,2
13108,525,2026-04-10,2
13109,525,2026-04-16,1
13110,525,2026-04-23,3
13111,525,2026-04-30,1
13112,525,2026-05-06,2
13113,525,2026-05-15,1
13114,525,2026-05-21,1
13115,525,2026-05-29,3
13116,525,2026-06-04,1
13117,525,2026-06-10,2
13118,525,2026-06-15,2
13119,525,2026-06-25,2
13120,525,2026-06-30,2
13121,525,2026-07-09,1
13122,525,2026-07-15,1
13123,525,2026-07-23,2
13124,525,2026-07-27,2
13125,525,2026-08-05,2
13126,526,2026-02-16,1
13127,526,2026-02-23,1
13128,526,2026-03-05,2
13129,526,2026-03-10,3
13130,526,2026-03-18,2
13131,526,2026-03-25,3
13132,526,2026-03-31,3
13133,526,2026-04-09,2
13134,526,2026-04-14,3
13135,526,2026-04-20,3
13136,526,2026-05-01,2
13137,526,2026-05-07,1
13138,526,2026-05-13,2
13139,526,2026-05-22,1
13140,526,2026-05-28,2
13141,526,2026-06-05,1
13142,526,2026-06-09,3
13143,526,2026-06-18,2
13144,526,2026-06-25,3
13145,526,2026-06-29,2
13146,526,2026-07-06,3
13147,526,2026-07-17,3
13148,526,2026-07-22,3
13149,526,2026-07-28,3
13150,526,2026-08-07,3
13151,527,2026-02-17,2
13152,527,2026-02-25,3
13153,527,2026-03-03,2
13154,527,2026-03-09,2
13155,527,2026-03-18,2
13156,527,2026-03-27,2
13157,527,2026-04-02,2
13158,527,2026-04-06,1
13159,527,2026-04-14,2
13160,527,2026-04-22,2
13161,527,2026-04-29,2
13162,527,2026-05-04,2
13163,527,2026-05-12,2
13164,527,2026-05-22,2
13165,527,2026-05-26,3
13166,527,2026-06-04,2
13167,527,2026-06-11,2
13168,527,2026-06-16,2
13169,527,2026-06-25,3
13170,527,2026-07-01,2
13171,527,2026-07-07,3
13172,527,2026-07-13,2
13173,527,2026-07-22,2
13174,527,2026-07-31,2
13175,527,2026-08-05,2
13176,528,2026-02-20,2
13177,528,2026-02-27,2
13178,528,2026-03-06,2
13179,528,2026-03-11,1
13180,528,2026-03-20,3
13181,528,2026-03-26,2
13182,528,2026-04-01,3
13183,528,2026-04-08,2
13184,528,2026-04-16,2
13185,528,2026-04-23,2
13186,528,2026-04-28,2
13187,528,2026-05-06,2
13188,528,2026-05-13,2
13189,528,2026-05-20,1
13190,528,2026-05-27,3
13191,528,2026-06-02,2
13192,528,2026-06-10,2
13193,528,2026-06-17,2
13194,528,2026-06-22,3
13195,528,2026-07-01,2
13196,528,2026-07-10,2
13197,528,2026-07-13,2
13198,528,2026-07-23,1
13199,528,2026-07-31,2
13200,528,2026-08-07,2
13201,529,2026-02-17,2
13202,529,2026-02-27,3
13203,529,2026-03-03,2
13204,529,2026-03-11,2
13205,529,2026-03-18,2
13206,529,2026-03-27,2
13207,529,2026-04-02,1
13208,529,2026-04-08,1
13209,529,2026-04-14,3
13210,529,2026-04-24,3
13211,529,2026-04-29,1
13212,529,2026-05-07,2
13213,529,2026-05-13,2
13214,529,2026-05-18,2
13215,529,2026-05-29,2
13216,529,2026-06-05,2
13217,529,2026-06-09,2
13218,529,2026-06-16,2
13219,529,2026-06-23,3
13220,529,2026-06-29,2
13221,529,2026-07-10,3
13222,529,2026-07-15,1
13223,529,2026-07-24,1
13224,529,2026-07-30,2
13225,529,2026-08-04,3
13226,530,2026-02-19,1
13227,530,2026-02-24,1
13228,530,2026-03-06,2
13229,530,2026-03-13,3
13230,530,2026-03-20,2
13231,530,2026-03-27,3
13232,530,2026-04-01,1
13233,530,2026-04-06,1
13234,530,2026-04-14,2
13235,530,2026-04-21,2
13236,530,2026-04-27,3
13237,530,2026-05-04,2
13238,530,2026-05-15,2
13239,530,2026-05-21,2
13240,530,2026-05-26,3
13241,530,2026-06-01,2
13242,530,2026-06-09,2
13243,530,2026-06-15,2
13244,530,2026-06-25,2
13245,530,2026-06-29,2
13246,530,2026-07-09,1
13247,530,2026-07-15,3
13248,530,2026-07-22,2
13249,530,2026-07-31,2
13250,530,2026-08-05,1
13251,531,2026-02-18,1
13252,531,2026-02-26,3
13253,531,2026-03-04,2
13254,531,2026-03-11,2
13255,531,2026-03-19,3
13256,531,2026-03-27,3
13257,531,2026-03-31,3
13258,531,2026-04-07,3
13259,531,2026-04-13,1
13260,531,2026-04-21,3
13261,531,2026-04-27,2
13262,531,2026-05-04,2
13263,531,2026-05-13,2
13264,531,2026-05-20,2
13265,531,2026-05-29,2
13266,531,2026-06-04,3
13267,531,2026-06-10,3
13268,531,2026-06-18,2
13269,531,2026-06-22,3
13270,531,2026-06-30,2
13271,531,2026-07-10,1
13272,531,2026-07-14,3
13273,531,2026-07-24,3
13274,531,2026-07-27,3
13275,531,2026-08-03,2
13276,532,2026-02-18,2
13277,532,2026-02-23,2
13278,532,2026-03-03,1
13279,532,2026-03-09,3
13280,532,2026-03-17,1
13281,532,2026-03-26,2
13282,532,2026-04-01,2
13283,532,2026-04-09,2
13284,532,2026-04-15,2
13285,532,2026-04-24,1
13286,532,2026-05-01,3
13287,532,2026-05-07,2
13288,532,2026-05-12,2
13289,532,2026-05-20,2
13290,532,2026-05-29,1
13291,532,2026-06-03,1
13292,532,2026-06-11,2
13293,532,2026-06-15,2
13294,532,2026-06-26,2
13295,532,2026-07-02,1
13296,532,2026-07-06,3
13297,532,2026-07-17,3
13298,532,2026-07-24,2
13299,532,2026-07-28,2
13300,532,2026-08-03,1
13301,533,2026-02-18,3
13302,533,2026-02-27,1
13303,533,2026-03-04,1
13304,533,2026-03-10,3
13305,533,2026-03-18,1
13306,533,2026-03-25,2
13307,533,2026-04-02,3
13308,533,2026-04-09,3
13309,533,2026-04-14,1
13310,533,2026-04-20,2
13311,533,2026-04-27,1
13312,533,2026-05-05,3
13313,533,2026-05-15,1
13314,533,2026-05-22,1
13315,533,2026-05-27,1
13316,533,2026-06-01,3
13317,533,2026-06-09,1
13318,533,2026-06-17,1
13319,533,2026-06-23,3
13320,533,2026-06-30,1
13321,533,2026-07-09,2
13322,533,2026-07-14,2
13323,533,2026-07-21,1
13324,533,2026-07-27,2
13325,533,2026-08-04,2
13326,534,2026-02-18,1
13327,534,2026-02-26,2
13328,534,2026-03-04,1
13329,534,2026-03-10,2
13330,534,2026-03-18,2
13331,534,2026-03-26,2
13332,534,2026-03-31,3
13333,534,2026-04-06,3
13334,534,2026-04-13,1
13335,534,2026-04-22,2
13336,534,2026-04-28,2
13337,534,2026-05-07,3
13338,534,2026-05-15,1
13339,534,2026-05-21,1
13340,534,2026-05-29,1
13341,534,2026-06-04,2
13342,534,2026-06-12,2
13343,534,2026-06-15,3
13344,534,2026-06-22,3
13345,534,2026-07-03,1
13346,534,2026-07-08,2
13347,534,2026-07-14,3
13348,534,2026-07-24,2
13349,534,2026-07-29,2
13350,534,2026-08-06,2
13351,535,2026-02-16,3
13352,535,2026-02-24,3
13353,535,2026-03-02,2
13354,535,2026-03-12,2
13355,535,2026-03-19,3
13356,535,2026-03-25,3
13357,535,2026-03-30,2
13358,535,2026-04-09,3
13359,535,2026-04-15,3
13360,535,2026-04-21,3
13361,535,2026-04-27,2
13362,535,2026-05-06,2
13363,535,2026-05-12,3
13364,535,2026-05-20,3
13365,535,2026-05-25,3
13366,535,2026-06-02,2
13367,535,2026-06-09,3
13368,535,2026-06-19,3
13369,535,2026-06-24,2
13370,535,2026-06-29,3
13371,535,2026-07-07,2
13372,535,2026-07-14,1
13373,535,2026-07-24,3
13374,535,2026-07-31,2
13375,535,2026-08-05,3
13376,536,2026-02-19,3
13377,536,2026-02-25,3
13378,536,2026-03-03,1
13379,536,2026-03-12,3
13380,536,2026-03-18,2
13381,536,2026-03-24,3
13382,536,2026-03-31,2
13383,536,2026-04-07,1
13384,536,2026-04-14,1
13385,536,2026-04-24,2
13386,536,2026-04-28,1
13387,536,2026-05-08,3
13388,536,2026-05-12,2
13389,536,2026-05-18,3
13390,536,2026-05-26,3
13391,536,2026-06-01,3
13392,536,2026-06-09,3
13393,536,2026-06-17,3
13394,536,2026-06-25,3
13395,536,2026-07-03,2
13396,536,2026-07-06,2
13397,536,2026-07-14,2
13398,536,2026-07-21,3
13399,536,2026-07-27,2
13400,536,2026-08-04,2
13401,537,2026-02-17,2
13402,537,2026-02-24,1
13403,537,2026-03-04,3
13404,537,2026-03-12,3
13405,537,2026-03-19,2
13406,537,2026-03-26,1
13407,537,2026-03-30,2
13408,537,2026-04-06,2
13409,537,2026-04-16,3
13410,537,2026-04-23,3
13411,537,2026-04-29,3
13412,537,2026-05-04,3
13413,537,2026-05-14,2
13414,537,2026-05-21,3
13415,537,2026-05-26,2
13416,537,2026-06-04,2
13417,537,2026-06-12,2
13418,537,2026-06-19,3
13419,537,2026-06-24,2
13420,537,2026-07-01,1
13421,537,2026-07-07,2
13422,537,2026-07-13,1
13423,537,2026-07-21,3
13424,537,2026-07-29,1
13425,537,2026-08-05,2
13426,538,2026-02-16,2
13427,538,2026-02-23,2
13428,538,2026-03-03,2
13429,538,2026-03-10,2
13430,538,2026-03-20,2
13431,538,2026-03-27,2
13432,538,2026-04-01,3
13433,538,2026-04-09,2
13434,538,2026-04-14,2
13435,538,2026-04-21,2
13436,538,2026-04-27,2
13437,538,2026-05-05,2
13438,538,2026-05-13,2
13439,538,2026-05-19,2
13440,538,2026-05-25,1
13441,538,2026-06-02,2
13442,538,2026-06-12,2
13443,538,2026-06-17,2
13444,538,2026-06-25,2
13445,538,2026-06-29,2
13446,538,2026-07-10,1
13447,538,2026-07-13,2
13448,538,2026-07-20,1
13449,538,2026-07-30,2
13450,538,2026-08-04,2
13451,539,2026-02-17,3
13452,539,2026-02-25,1
13453,539,2026-03-02,2
13454,539,2026-03-11,3
13455,539,2026-03-16,1
13456,539,2026-03-26,2
13457,539,2026-04-02,3
13458,539,2026-04-08,1
13459,539,2026-04-17,2
13460,539,2026-04-23,3
13461,539,2026-04-27,2
13462,539,2026-05-07,2
13463,539,2026-05-14,2
13464,539,2026-05-20,2
13465,539,2026-05-27,2
13466,539,2026-06-04,2
13467,539,2026-06-08,3
13468,539,2026-06-19,2
13469,539,2026-06-26,3
13470,539,2026-06-30,3
13471,539,2026-07-08,2
13472,539,2026-07-13,3
13473,539,2026-07-23,3
13474,539,2026-07-29,1
13475,539,2026-08-07,2
13476,540,2026-02-20,1
13477,540,2026-02-26,2
13478,540,2026-03-03,2
13479,540,2026-03-12,2
13480,540,2026-03-17,1
13481,540,2026-03-25,3
13482,540,2026-04-03,1
13483,540,2026-04-06,3
13484,540,2026-04-14,2
13485,540,2026-04-21,1
13486,540,2026-04-29,2
13487,540,2026-05-08,3
13488,540,2026-05-11,1
13489,540,2026-05-22,2
13490,540,2026-05-27,3
13491,540,2026-06-04,2
13492,540,2026-06-11,1
13493,540,2026-06-19,1
13494,540,2026-06-24,2
13495,540,2026-07-01,2
13496,540,2026-07-10,3
13497,540,2026-07-14,2
13498,540,2026-07-21,1
13499,540,2026-07-30,2
13500,540,2026-08-04,1
13501,541,2026-02-19,2
13502,541,2026-02-27,3
13503,541,2026-03-02,2
13504,541,2026-03-10,1
13505,541,2026-03-16,3
13506,541,2026-03-24,1
13507,541,2026-03-30,2
13508,541,2026-04-06,3
13509,541,2026-04-13,2
13510,541,2026-04-20,1
13511,541,2026-05-01,3
13512,541,2026-05-07,2
13513,541,2026-05-15,3
13514,541,2026-05-18,3
13515,541,2026-05-26,2
13516,541,2026-06-03,3
13517,541,2026-06-12,3
13518,541,2026-06-18,1
13519,541,2026-06-26,2
13520,541,2026-06-29,2
13521,541,2026-07-06,1
13522,541,2026-07-16,1
13523,541,2026-07-20,2
13524,541,2026-07-30,2
13525,541,2026-08-05,1
13526,542,2026-02-17,3
13527,542,2026-02-27,3
13528,542,2026-03-03,3
13529,542,2026-03-11,2
13530,542,2026-03-16,2
13531,542,2026-03-27,3
13532,542,2026-04-03,2
13533,542,2026-04-10,2
13534,542,2026-04-15,3
13535,542,2026-04-22,2
13536,542,2026-04-28,1
13537,542,2026-05-08,2
13538,542,2026-05-13,2
13539,542,2026-05-18,2
13540,542,2026-05-28,3
13541,542,2026-06-01,2
13542,542,2026-06-09,2
13543,542,2026-06-16,3
13544,542,2026-06-23,2
13545,542,2026-07-02,2
13546,542,2026-07-09,2
13547,542,2026-07-15,2
13548,542,2026-07-21,1
13549,542,2026-07-28,2
13550,542,2026-08-07,2
13551,543,2026-02-17,1
13552,543,2026-02-24,2
13553,543,2026-03-02,3
13554,543,2026-03-11,1
13555,543,2026-03-18,2
13556,543,2026-03-24,3
13557,543,2026-03-31,2
13558,543,2026-04-06,3
13559,543,2026-04-16,2
13560,543,2026-04-21,1
13561,543,2026-04-30,3
13562,543,2026-05-06,2
13563,543,2026-05-13,2
13564,543,2026-05-22,2
13565,543,2026-05-28,2
13566,543,2026-06-02,2
13567,543,2026-06-09,2
13568,543,2026-06-15,3
13569,543,2026-06-26,2
13570,543,2026-06-30,2
13571,543,2026-07-07,2
13572,543,2026-07-15,2
13573,543,2026-07-22,3
13574,543,2026-07-29,3
13575,543,2026-08-06,2
13576,544,2026-02-18,2
13577,544,2026-02-27,2
13578,544,2026-03-06,3
13579,544,2026-03-12,2
13580,544,2026-03-20,2
13581,544,2026-03-27,3
13582,544,2026-04-03,2
13583,544,2026-04-08,2
13584,544,2026-04-13,2
13585,544,2026-04-22,3
13586,544,2026-04-30,2
13587,544,2026-05-04,2
13588,544,2026-05-12,2
13589,544,2026-05-18,2
13590,544,2026-05-27,2
13591,544,2026-06-05,2
13592,544,2026-06-11,2
13593,544,2026-06-19,2
13594,544,2026-06-24,2
13595,544,2026-06-29,2
13596,544,2026-07-10,2
13597,544,2026-07-15,2
13598,544,2026-07-21,2
13599,544,2026-07-30,2
13600,544,2026-08-06,2
13601,545,2026-02-20,3
13602,545,2026-02-24,3
13603,545,2026-03-05,3
13604,545,2026-03-12,2
13605,545,2026-03-17,2
13606,545,2026-03-24,1
13607,545,2026-04-03,2
13608,545,2026-04-08,2
13609,545,2026-04-16,2
13610,545,2026-04-21,2
13611,545,2026-04-29,1
13612,545,2026-05-05,1
13613,545,2026-05-14,2
13614,545,2026-05-21,2
13615,545,2026-05-28,2
13616,545,2026-06-03,1
13617,545,2026-06-09,3
13618,545,2026-06-16,2
13619,545,2026-06-24,1
13620,545,2026-07-03,3
13621,545,2026-07-07,1
13622,545,2026-07-13,3
13623,545,2026-07-23,3
13624,545,2026-07-27,2
13625,545,2026-08-06,3
13626,546,2026-02-20,2
13627,546,2026-02-23,3
13628,546,2026-03-03,1
13629,546,2026-03-13,2
13630,546,2026-03-17,2
13631,546,2026-03-23,3
13632,546,2026-04-01,1
13633,546,2026-04-10,2
13634,546,2026-04-14,2
13635,546,2026-04-21,2
13636,546,2026-05-01,2
13637,546,2026-05-06,3
13638,546,2026-05-11,3
13639,546,2026-05-18,2
13640,546,2026-05-27,3
13641,546,2026-06-04,2
13642,546,2026-06-09,1
13643,546,2026-06-15,1
13644,546,2026-06-23,3
13645,546,2026-07-03,2
13646,546,2026-07-08,3
13647,546,2026-07-15,3
13648,546,2026-07-24,2
13649,546,2026-07-30,1
13650,546,2026-08-04,2
13651,547,2026-02-17,1
13652,547,2026-02-26,2
13653,547,2026-03-03,2
13654,547,2026-03-12,2
13655,547,2026-03-17,2
13656,547,2026-03-27,1
13657,547,2026-04-01,2
13658,547,2026-04-07,2
13659,547,2026-04-13,2
13660,547,2026-04-23,2
13661,547,2026-04-30,2
13662,547,2026-05-04,2
13663,547,2026-05-13,2
13664,547,2026-05-20,2
13665,547,2026-05-29,2
13666,547,2026-06-05,1
13667,547,2026-06-08,3
13668,547,2026-06-19,3
13669,547,2026-06-24,2
13670,547,2026-06-29,2
13671,547,2026-07-07,2
13672,547,2026-07-14,2
13673,547,2026-07-20,2
13674,547,2026-07-28,2
13675,547,2026-08-07,3
13676,548,2026-02-16,2
13677,548,2026-02-25,2
13678,548,2026-03-06,3
13679,548,2026-03-13,2
13680,548,2026-03-17,2
13681,548,2026-03-24,2
13682,548,2026-03-30,3
13683,548,2026-04-06,2
13684,548,2026-04-14,2
13685,548,2026-04-21,2
13686,548,2026-04-27,2
13687,548,2026-05-05,2
13688,548,2026-05-11,2
13689,548,2026-05-20,2
13690,548,2026-05-27,2
13691,548,2026-06-05,3
13692,548,2026-06-08,2
13693,548,2026-06-17,2
13694,548,2026-06-26,2
13695,548,2026-06-30,2
13696,548,2026-07-09,2
13697,548,2026-07-17,2
13698,548,2026-07-23,3
13699,548,2026-07-31,2
13700,548,2026-08-06,2
13701,549,2026-02-18,3
13702,549,2026-02-23,2
13703,549,2026-03-02,2
13704,549,2026-03-13,2
13705,549,2026-03-16,2
13706,549,2026-03-27,2
13707,549,2026-04-01,3
13708,549,2026-04-08,1
13709,549,2026-04-17,2
13710,549,2026-04-24,2
13711,549,2026-04-27,3
13712,549,2026-05-07,1
13713,549,2026-05-13,2
13714,549,2026-05-20,1
13715,549,2026-05-26,1
13716,549,2026-06-01,3
13717,549,2026-06-08,1
13718,549,2026-06-18,2
13719,549,2026-06-23,3
13720,549,2026-07-03,2
13721,549,2026-07-10,2
13722,549,2026-07-16,2
13723,549,2026-07-23,2
13724,549,2026-07-31,1
13725,549,2026-08-06,2
13726,550,2026-02-18,1
13727,550,2026-02-27,2
13728,550,2026-03-04,2
13729,550,2026-03-12,2
13730,550,2026-03-19,2
13731,550,2026-03-25,2
13732,550,2026-04-02,2
13733,550,2026-04-08,2
13734,550,2026-04-13,2
13735,550,2026-04-24,2
13736,550,2026-04-30,2
13737,550,2026-05-05,2
13738,550,2026-05-12,2
13739,550,2026-05-20,2
13740,550,2026-05-26,2
13741,550,2026-06-01,2
13742,550,2026-06-12,2
13743,550,2026-06-16,2
13744,550,2026-06-25,2
13745,550,2026-06-30,2
13746,550,2026-07-07,2
13747,550,2026-07-13,2
13748,550,2026-07-21,2
13749,550,2026-07-28,2
13750,550,2026-08-03,2
13751,551,2026-02-16,3
13752,551,2026-02-23,1
13753,551,2026-03-04,1
13754,551,2026-03-10,2
13755,551,2026-03-20,3
13756,551,2026-03-25,2
13757,551,2026-04-03,2
13758,551,2026-04-07,3
13759,551,2026-04-13,2
13760,551,2026-04-22,2
13761,551,2026-04-30,2
13762,551,2026-05-08,2
13763,551,2026-05-15,3
13764,551,2026-05-18,2
13765,551,2026-05-25,3
13766,551,2026-06-04,2
13767,551,2026-06-12,1
13768,551,2026-06-18,1
13769,551,2026-06-23,1
13770,551,2026-07-02,1
13771,551,2026-07-10,1
13772,551,2026-07-17,2
13773,551,2026-07-24,3
13774,551,2026-07-31,2
13775,551,2026-08-05,2
13776,552,2026-02-20,2
13777,552,2026-02-23,2
13778,552,2026-03-03,2
13779,552,2026-03-13,2
13780,552,2026-03-17,2
13781,552,2026-03-23,2
13782,552,2026-04-03,3
13783,552,2026-04-06,2
13784,552,2026-04-13,2
13785,552,2026-04-21,1
13786,552,2026-04-30,3
13787,552,2026-05-07,2
13788,552,2026-05-14,1
13789,552,2026-05-18,3
13790,552,2026-05-26,1
13791,552,2026-06-01,2
13792,552,2026-06-08,3
13793,552,2026-06-15,1
13794,552,2026-06-24,2
13795,552,2026-06-30,2
13796,552,2026-07-07,2
13797,552,2026-07-17,2
13798,552,2026-07-22,3
13799,552,2026-07-28,3
13800,552,2026-08-07,2
13801,553,2026-02-17,3
13802,553,2026-02-23,2
13803,553,2026-03-02,2
13804,553,2026-03-11,2
13805,553,2026-03-16,2
13806,553,2026-03-25,2
13807,553,2026-03-31,2
13808,553,2026-04-08,2
13809,553,2026-04-14,2
13810,553,2026-04-24,2
13811,553,2026-04-28,2
13812,553,2026-05-08,2
13813,553,2026-05-11,1
13814,553,2026-05-20,2
13815,553,2026-05-29,2
13816,553,2026-06-02,2
13817,553,2026-06-11,3
13818,553,2026-06-19,2
13819,553,2026-06-23,1
13820,553,2026-07-03,2
13821,553,2026-07-10,1
13822,553,2026-07-13,2
13823,553,2026-07-20,2
13824,553,2026-07-30,2
13825,553,2026-08-06,2
13826,554,2026-02-19,2
13827,554,2026-02-24,2
13828,554,2026-03-05,2
13829,554,2026-03-12,2
13830,554,2026-03-17,2
13831,554,2026-03-24,3
13832,554,2026-03-31,1
13833,554,2026-04-10,2
13834,554,2026-04-14,2
13835,554,2026-04-24,2
13836,554,2026-05-01,2
13837,554,2026-05-07,2
13838,554,2026-05-12,1
13839,554,2026-05-19,2
13840,554,2026-05-28,2
13841,554,2026-06-04,2
13842,554,2026-06-08,2
13843,554,2026-06-19,1
13844,554,2026-06-24,1
13845,554,2026-06-29,2
13846,554,2026-07-10,2
13847,554,2026-07-16,2
13848,554,2026-07-21,2
13849,554,2026-07-30,2
13850,554,2026-08-06,2
13851,555,2026-02-17,2
13852,555,2026-02-26,2
13853,555,2026-03-06,2
13854,555,2026-03-11,2
13855,555,2026-03-16,2
13856,555,2026-03-23,3
13857,555,2026-03-30,2
13858,555,2026-04-07,3
13859,555,2026-04-14,1
13860,555,2026-04-24,2
13861,555,2026-04-28,2
13862,555,2026-05-05,1
13863,555,2026-05-12,2
13864,555,2026-05-22,1
13865,555,2026-05-26,2
13866,555,2026-06-01,2
13867,555,2026-06-12,2
13868,555,2026-06-19,1
13869,555,2026-06-23,1
13870,555,2026-07-01,2
13871,555,2026-07-07,3
13872,555,2026-07-16,2
13873,555,2026-07-24,2
13874,555,2026-07-27,2
13875,555,2026-08-07,2
13876,556,2026-02-18,3
13877,556,2026-02-23,3
13878,556,2026-03-05,2
13879,556,2026-03-12,2
13880,556,2026-03-19,3
13881,556,2026-03-26,3
13882,556,2026-03-30,2
13883,556,2026-04-06,3
13884,556,2026-04-16,3
13885,556,2026-04-22,2
13886,556,2026-05-01,2
13887,556,2026-05-05,2
13888,556,2026-05-11,2
13889,556,2026-05-22,3
13890,556,2026-05-29,3
13891,556,2026-06-01,2
13892,556,2026-06-10,3
13893,556,2026-06-16,2
13894,556,2026-06-22,3
13895,556,2026-07-03,2
13896,556,2026-07-07,2
13897,556,2026-07-16,2
13898,556,2026-07-24,3
13899,556,2026-07-30,3
13900,556,2026-08-06,3
13901,557,2026-02-19,3
13902,557,2026-02-27,3
13903,557,2026-03-02,1
13904,557,2026-03-11,3
13905,557,2026-03-20,2
13906,557,2026-03-26,3
13907,557,2026-04-03,2
13908,557,2026-04-10,1
13909,557,2026-04-14,3
13910,557,2026-04-24,2
13911,557,2026-04-29,2
13912,557,2026-05-06,2
13913,557,2026-05-14,3
13914,557,2026-05-19,1
13915,557,2026-05-25,1
13916,557,2026-06-02,1
13917,557,2026-06-11,2
13918,557,2026-06-18,1
13919,557,2026-06-24,1
13920,557,2026-07-02,2
13921,557,2026-07-10,1
13922,557,2026-07-16,2
13923,557,2026-07-21,2
13924,557,2026-07-31,1
13925,557,2026-08-05,3
13926,558,2026-02-16,2
13927,558,2026-02-24,2
13928,558,2026-03-04,3
13929,558,2026-03-12,3
13930,558,2026-03-17,3
13931,558,2026-03-25,2
13932,558,2026-04-03,2
13933,558,2026-04-10,2
13934,558,2026-04-17,1
13935,558,2026-04-24,3
13936,558,2026-04-28,3
13937,558,2026-05-06,2
13938,558,2026-05-13,3
13939,558,2026-05-19,2
13940,558,2026-05-29,3
13941,558,2026-06-03,3
13942,558,2026-06-11,1
13943,558,2026-06-15,1
13944,558,2026-06-25,2
13945,558,2026-07-01,3
13946,558,2026-07-07,3
13947,558,2026-07-17,2
13948,558,2026-07-24,1
13949,558,2026-07-27,1
13950,558,2026-08-06,2
13951,559,2026-02-19,2
13952,559,2026-02-24,3
13953,559,2026-03-06,2
13954,559,2026-03-12,3
13955,559,2026-03-19,1
13956,559,2026-03-27,3
13957,559,2026-04-01,2
13958,559,2026-04-06,2
13959,559,2026-04-16,2
13960,559,2026-04-24,3
13961,559,2026-05-01,3
13962,559,2026-05-07,2
13963,559,2026-05-14,2
13964,559,2026-05-18,2
13965,559,2026-05-29,2
13966,559,2026-06-01,2
13967,559,2026-06-12,1
13968,559,2026-06-19,2
13969,559,2026-06-25,1
13970,559,2026-07-01,2
13971,559,2026-07-09,1
13972,559,2026-07-15,1
13973,559,2026-07-24,2
13974,559,2026-07-29,2
13975,559,2026-08-07,2
13976,560,2026-02-18,2
13977,560,2026-02-26,2
13978,560,2026-03-04,2
13979,560,2026-03-09,2
13980,560,2026-03-20,2
13981,560,2026-03-24,1
13982,560,2026-04-03,2
13983,560,2026-04-10,2
13984,560,2026-04-15,2
13985,560,2026-04-20,2
13986,560,2026-04-30,2
13987,560,2026-05-07,2
13988,560,2026-05-12,2
13989,560,2026-05-20,1
13990,560,2026-05-28,2
13991,560,2026-06-05,1
13992,560,2026-06-10,1
13993,560,2026-06-16,3
13994,560,2026-06-25,3
13995,560,2026-07-03,2
13996,560,2026-07-10,2
13997,560,2026-07-17,1
13998,560,2026-07-20,2
13999,560,2026-07-30,1
14000,560,2026-08-05,2
14001,561,2026-02-20,2
14002,561,2026-02-23,2
14003,561,2026-03-04,2
14004,561,2026-03-11,2
14005,561,2026-03-18,2
14006,561,2026-03-23,2
14007,561,2026-04-03,2
14008,561,2026-04-07,2
14009,561,2026-04-17,2
14010,561,2026-04-23,2
14011,561,2026-04-27,2
14012,561,2026-05-06,1
14013,561,2026-05-12,1
14014,561,2026-05-18,1
14015,561,2026-05-25,2
14016,561,2026-06-02,2
14017,561,2026-06-11,2
14018,561,2026-06-16,3
14019,561,2026-06-25,2
14020,561,2026-06-29,2
14021,561,2026-07-09,2
14022,561,2026-07-16,2
14023,561,2026-07-22,2
14024,561,2026-07-31,2
14025,561,2026-08-07,2
14026,562,2026-02-16,2
14027,562,2026-02-27,3
14028,562,2026-03-03,3
14029,562,2026-03-11,2
14030,562,2026-03-20,2
14031,562,2026-03-25,2
14032,562,2026-04-01,3
14033,562,2026-04-10,2
14034,562,2026-04-13,3
14035,562,2026-04-21,2
14036,562,2026-04-27,2
14037,562,2026-05-08,3
14038,562,2026-05-15,3
14039,562,2026-05-22,3
14040,562,2026-05-29,2
14041,562,2026-06-02,3
14042,562,2026-06-08,2
14043,562,2026-06-17,2
14044,562,2026-06-25,3
14045,562,2026-07-01,3
14046,562,2026-07-10,2
14047,562,2026-07-17,3
14048,562,2026-07-21,3
14049,562,2026-07-31,2
14050,562,2026-08-07,3
14051,563,2026-02-18,2
14052,563,2026-02-23,2
14053,563,2026-03-06,3
14054,563,2026-03-11,3
14055,563,2026-03-19,1
14056,563,2026-03-24,2
14057,563,2026-03-30,2
14058,563,2026-04-07,2
14059,563,2026-04-16,2
14060,563,2026-04-22,2
14061,563,2026-04-27,2
14062,563,2026-05-04,2
14063,563,2026-05-11,2
14064,563,2026-05-19,2
14065,563,2026-05-25,1
14066,563,2026-06-03,1
14067,563,2026-06-11,1
14068,563,2026-06-18,2
14069,563,2026-06-22,2
14070,563,2026-07-03,2
14071,563,2026-07-10,2
14072,563,2026-07-15,1
14073,563,2026-07-21,3
14074,563,2026-07-27,2
14075,563,2026-08-05,1
14076,564,2026-02-18,2
14077,564,2026-02-23,2
14078,564,2026-03-06,1
14079,564,2026-03-11,2
14080,564,2026-03-20,1
14081,564,2026-03-24,2
14082,564,2026-04-02,2
14083,564,2026-04-10,3
14084,564,2026-04-15,2
14085,564,2026-04-23,3
14086,564,2026-04-30,2
14087,564,2026-05-08,3
14088,564,2026-05-11,2
14089,564,2026-05-22,2
14090,564,2026-05-28,2
14091,564,2026-06-01,3
14092,564,2026-06-08,2
14093,564,2026-06-19,2
14094,564,2026-06-25,2
14095,564,2026-06-30,3
14096,564,2026-07-09,3
14097,564,2026-07-13,2
14098,564,2026-07-20,1
14099,564,2026-07-27,3
14100,564,2026-08-04,3
14101,565,2026-02-18,1
14102,565,2026-02-23,2
14103,565,2026-03-02,1
14104,565,2026-03-10,2
14105,565,2026-03-18,2
14106,565,2026-03-25,2
14107,565,2026-04-01,2
14108,565,2026-04-08,3
14109,565,2026-04-14,3
14110,565,2026-04-24,2
14111,565,2026-05-01,2
14112,565,2026-05-04,1
14113,565,2026-05-14,2
14114,565,2026-05-21,1
14115,565,2026-05-27,1
14116,565,2026-06-03,1
14117,565,2026-06-11,2
14118,565,2026-06-19,2
14119,565,2026-06-25,1
14120,565,2026-07-01,2
14121,565,2026-07-07,2
14122,565,2026-07-15,3
14123,565,2026-07-20,2
14124,565,2026-07-30,2
14125,565,2026-08-04,2
14126,566,2026-02-16,1
14127,566,2026-02-25,2
14128,566,2026-03-04,2
14129,566,2026-03-13,3
14130,566,2026-03-20,3
14131,566,2026-03-26,2
14132,566,2026-04-02,1
14133,566,2026-04-07,2
14134,566,2026-04-15,1
14135,566,2026-04-23,2
14136,566,2026-04-28,2
14137,566,2026-05-05,2
14138,566,2026-05-12,2
14139,566,2026-05-18,2
14140,566,2026-05-29,2
14141,566,2026-06-01,2
14142,566,2026-06-10,1
14143,566,2026-06-16,2
14144,566,2026-06-23,1
14145,566,2026-07-01,2
14146,566,2026-07-09,2
14147,566,2026-07-13,2
14148,566,2026-07-22,2
14149,566,2026-07-30,2
14150,566,2026-08-05,2
14151,567,2026-02-19,1
14152,567,2026-02-25,2
14153,567,2026-03-06,2
14154,567,2026-03-11,3
14155,567,2026-03-18,3
14156,567,2026-03-25,2
14157,567,2026-04-03,3
14158,567,2026-04-07,2
14159,567,2026-04-17,2
14160,567,2026-04-23,1
14161,567,2026-04-29,1
14162,567,2026-05-05,3
14163,567,2026-05-11,2
14164,567,2026-05-19,3
14165,567,2026-05-29,2
14166,567,2026-06-02,2
14167,567,2026-06-10,3
14168,567,2026-06-15,2
14169,567,2026-06-25,2
14170,567,2026-06-29,3
14171,567,2026-07-07,3
14172,567,2026-07-15,3
14173,567,2026-07-22,2
14174,567,2026-07-29,2
14175,567,2026-08-04,1
14176,568,2026-02-17,3
14177,568,2026-02-27,3
14178,568,2026-03-02,2
14179,568,2026-03-09,2
14180,568,2026-03-17,3
14181,568,2026-03-26,2
14182,568,2026-03-31,2
14183,568,2026-04-07,3
14184,568,2026-04-13,2
14185,568,2026-04-20,2
14186,568,2026-04-30,3
14187,568,2026-05-05,2
14188,568,2026-05-12,2
14189,568,2026-05-21,2
14190,568,2026-05-28,2
14191,568,2026-06-02,2
14192,568,2026-06-11,3
14193,568,2026-06-17,2
14194,568,2026-06-26,2
14195,568,2026-07-03,2
14196,568,2026-07-07,3
14197,568,2026-07-17,3
14198,568,2026-07-22,2
14199,568,2026-07-31,3
14200,568,2026-08-05,2
14201,569,2026-02-20,2
14202,569,2026-02-25,1
14203,569,2026-03-03,2
14204,569,2026-03-10,1
14205,569,2026-03-20,1
14206,569,2026-03-25,2
14207,569,2026-03-31,2
14208,569,2026-04-08,1
14209,569,2026-04-14,1
14210,569,2026-04-22,2
14211,569,2026-04-27,1
14212,569,2026-05-07,1
14213,569,2026-05-11,1
14214,569,2026-05-22,1
14215,569,2026-05-27,3
14216,569,2026-06-04,2
14217,569,2026-06-10,2
14218,569,2026-06-19,1
14219,569,2026-06-22,2
14220,569,2026-07-02,2
14221,569,2026-07-06,3
14222,569,2026-07-13,3
14223,569,2026-07-22,2
14224,569,2026-07-27,1
14225,569,2026-08-07,2
14226,570,2026-02-18,2
14227,570,2026-02-25,2
14228,570,2026-03-06,2
14229,570,2026-03-09,3
14230,570,2026-03-18,2
14231,570,2026-03-26,3
14232,570,2026-04-02,2
14233,570,2026-04-08,2
14234,570,2026-04-15,3
14235,570,2026-04-23,1
14236,570,2026-04-28,2
14237,570,2026-05-06,2
14238,570,2026-05-12,1
14239,570,2026-05-20,2
14240,570,2026-05-26,2
14241,570,2026-06-03,2
14242,570,2026-06-11,3
14243,570,2026-06-19,2
14244,570,2026-06-24,3
14245,570,2026-06-29,3
14246,570,2026-07-09,1
14247,570,2026-07-13,1
14248,570,2026-07-22,2
14249,570,2026-07-31,1
14250,570,2026-08-05,3
14251,571,2026-02-19,1
14252,571,2026-02-24,2
14253,571,2026-03-04,3
14254,571,2026-03-11,2
14255,571,2026-03-20,2
14256,571,2026-03-24,2
14257,571,2026-03-30,2
14258,571,2026-04-08,2
14259,571,2026-04-14,2
14260,571,2026-04-23,2
14261,571,2026-05-01,2
14262,571,2026-05-08,2
14263,571,2026-05-11,2
14264,571,2026-05-19,2
14265,571,2026-05-26,3
14266,571,2026-06-01,3
14267,571,2026-06-12,2
14268,571,2026-06-16,2
14269,571,2026-06-25,3
14270,571,2026-06-29,2
14271,571,2026-07-06,2
14272,571,2026-07-14,2
14273,571,2026-07-21,2
14274,571,2026-07-31,1
14275,571,2026-08-07,2
14276,572,2026-02-19,2
14277,572,2026-02-23,2
14278,572,2026-03-06,2
14279,572,2026-03-12,2
14280,572,2026-03-20,2
14281,572,2026-03-27,2
14282,572,2026-03-31,2
14283,572,2026-04-10,2
14284,572,2026-04-13,1
14285,572,2026-04-22,2
14286,572,2026-04-28,2
14287,572,2026-05-07,2
14288,572,2026-05-15,2
14289,572,2026-05-21,3
14290,572,2026-05-26,3
14291,572,2026-06-01,2
14292,572,2026-06-10,3
14293,572,2026-06-19,3
14294,572,2026-06-25,2
14295,572,2026-06-30,3
14296,572,2026-07-08,2
14297,572,2026-07-13,3
14298,572,2026-07-22,2
14299,572,2026-07-28,2
14300,572,2026-08-03,1
14301,573,2026-02-18,2
14302,573,2026-02-26,2
14303,573,2026-03-04,2
14304,573,2026-03-10,2
14305,573,2026-03-18,2
14306,573,2026-03-24,1
14307,573,2026-04-02,2
14308,573,2026-04-10,2
14309,573,2026-04-13,2
14310,573,2026-04-20,2
14311,573,2026-05-01,2
14312,573,2026-05-08,2
14313,573,2026-05-11,1
14314,573,2026-05-20,1
14315,573,2026-05-28,1
14316,573,2026-06-04,1
14317,573,2026-06-09,2
14318,573,2026-06-17,1
14319,573,2026-06-24,2
14320,573,2026-07-02,1
14321,573,2026-07-09,1
14322,573,2026-07-13,1
14323,573,2026-07-23,2
14324,573,2026-07-30,2
14325,573,2026-08-06,2
14326,574,2026-02-20,2
14327,574,2026-02-26,2
14328,574,2026-03-06,2
14329,574,2026-03-09,2
14330,574,2026-03-18,2
14331,574,2026-03-24,2
14332,574,2026-03-31,2
14333,574,2026-04-09,2
14334,574,2026-04-14,3
14335,574,2026-04-24,2
14336,574,2026-05-01,2
14337,574,2026-05-08,1
14338,574,2026-05-13,2
14339,574,2026-05-21,1
14340,574,2026-05-28,2
14341,574,2026-06-03,2
14342,574,2026-06-10,2
14343,574,2026-06-15,1
14344,574,2026-06-26,2
14345,574,2026-07-03,1
14346,574,2026-07-10,1
14347,574,2026-07-17,2
14348,574,2026-07-20,2
14349,574,2026-07-27,2
14350,574,2026-08-03,1
14351,575,2026-02-20,1
14352,575,2026-02-27,2
14353,575,2026-03-06,3
14354,575,2026-03-11,1
14355,575,2026-03-19,2
14356,575,2026-03-24,2
14357,575,2026-04-03,2
14358,575,2026-04-06,2
14359,575,2026-04-17,2
14360,575,2026-04-21,2
14361,575,2026-04-29,2
14362,575,2026-05-05,1
14363,575,2026-05-11,1
14364,575,2026-05-18,1
14365,575,2026-05-29,1
14366,575,2026-06-05,2
14367,575,2026-06-11,1
14368,575,2026-06-19,2
14369,575,2026-06-24,3
14370,575,2026-07-01,2
14371,575,2026-07-07,1
14372,575,2026-07-15,2
14373,575,2026-07-23,2
14374,575,2026-07-29,2
14375,575,2026-08-07,1
14376,576,2026-02-18,2
14377,576,2026-02-27,1
14378,576,2026-03-06,2
14379,576,2026-03-12,2
14380,576,2026-03-20,1
14381,576,2026-03-25,2
14382,576,2026-04-02,3
14383,576,2026-04-07,1
14384,576,2026-04-17,2
14385,576,2026-04-22,2
14386,576,2026-04-30,2
14387,576,2026-05-06,2
14388,576,2026-05-15,2
14389,576,2026-05-20,2
14390,576,2026-05-29,2
14391,576,2026-06-02,2
14392,576,2026-06-12,2
14393,576,2026-06-15,1
14394,576,2026-06-26,2
14395,576,2026-06-29,2
14396,576,2026-07-07,2
14397,576,2026-07-14,1
14398,576,2026-07-20,1
14399,576,2026-07-30,2
14400,576,2026-08-07,2
14401,577,2026-02-20,3
14402,577,2026-02-27,1
14403,577,2026-03-02,1
14404,577,2026-03-10,2
14405,577,2026-03-18,1
14406,577,2026-03-27,2
14407,577,2026-04-03,1
14408,577,2026-04-07,3
14409,577,2026-04-17,1
14410,577,2026-04-23,1
14411,577,2026-04-27,2
14412,577,2026-05-07,1
14413,577,2026-05-11,1
14414,577,2026-05-20,3
14415,577,2026-05-29,3
14416,577,2026-06-05,1
14417,577,2026-06-10,1
14418,577,2026-06-17,2
14419,577,2026-06-24,3
14420,577,2026-06-29,3
14421,577,2026-07-08,3
14422,577,2026-07-14,2
14423,577,2026-07-23,3
14424,577,2026-07-30,2
14425,577,2026-08-04,1
14426,578,2026-02-19,2
14427,578,2026-02-27,3
14428,578,2026-03-02,3
14429,578,2026-03-09,3
14430,578,2026-03-17,2
14431,578,2026-03-24,3
14432,578,2026-03-30,1
14433,578,2026-04-07,2
14434,578,2026-04-17,3
14435,578,2026-04-24,2
14436,578,2026-04-29,1
14437,578,2026-05-07,3
14438,578,2026-05-15,2
14439,578,2026-05-18,1
14440,578,2026-05-25,1
14441,578,2026-06-05,1
14442,578,2026-06-09,3
14443,578,2026-06-19,2
14444,578,2026-06-25,2
14445,578,2026-07-03,2
14446,578,2026-07-06,2
14447,578,2026-07-15,3
14448,578,2026-07-22,2
14449,578,2026-07-31,3
14450,578,2026-08-03,1
14451,579,2026-02-20,2
14452,579,2026-02-27,3
14453,579,2026-03-03,2
14454,579,2026-03-09,3
14455,579,2026-03-19,2
14456,579,2026-03-26,2
14457,579,2026-04-03,2
14458,579,2026-04-06,1
14459,579,2026-04-15,2
14460,579,2026-04-22,1
14461,579,2026-04-28,3
14462,579,2026-05-08,3
14463,579,2026-05-14,2
14464,579,2026-05-21,1
14465,579,2026-05-29,1
14466,579,2026-06-02,2
14467,579,2026-06-09,2
14468,579,2026-06-17,3
14469,579,2026-06-22,2
14470,579,2026-07-01,2
14471,579,2026-07-10,2
14472,579,2026-07-17,2
14473,579,2026-07-20,2
14474,579,2026-07-30,3
14475,579,2026-08-03,3
14476,580,2026-02-17,3
14477,580,2026-02-24,2
14478,580,2026-03-05,2
14479,580,2026-03-09,1
14480,580,2026-03-16,3
14481,580,2026-03-23,3
14482,580,2026-04-03,3
14483,580,2026-04-07,2
14484,580,2026-04-17,1
14485,580,2026-04-20,1
14486,580,2026-04-27,2
14487,580,2026-05-05,2
14488,580,2026-05-15,2
14489,580,2026-05-19,3
14490,580,2026-05-29,1
14491,580,2026-06-04,2
14492,580,2026-06-10,2
14493,580,2026-06-16,1
14494,580,2026-06-24,2
14495,580,2026-07-01,3
14496,580,2026-07-06,2
14497,580,2026-07-14,3
14498,580,2026-07-23,2
14499,580,2026-07-27,2
14500,580,2026-08-07,2
14501,581,2026-02-20,2
14502,581,2026-02-25,2
14503,581,2026-03-06,2
14504,581,2026-03-09,2
14505,581,2026-03-20,2
14506,581,2026-03-23,2
14507,581,2026-03-30,1
14508,581,2026-04-08,2
14509,581,2026-04-15,2
14510,581,2026-04-20,2
14511,581,2026-04-28,3
14512,581,2026-05-06,2
14513,581,2026-05-12,2
14514,581,2026-05-21,1
14515,581,2026-05-26,1
14516,581,2026-06-04,2
14517,581,2026-06-08,2
14518,581,2026-06-17,2
14519,581,2026-06-26,2
14520,581,2026-07-02,2
14521,581,2026-07-07,2
14522,581,2026-07-16,3
14523,581,2026-07-23,3
14524,581,2026-07-28,2
14525,581,2026-08-06,3
14526,582,2026-02-17,1
14527,582,2026-02-25,1
14528,582,2026-03-06,1
14529,582,2026-03-13,2
14530,582,2026-03-19,1
14531,582,2026-03-27,1
14532,582,2026-03-31,3
14533,582,2026-04-07,1
14534,582,2026-04-15,3
14535,582,2026-04-21,3
14536,582,2026-05-01,1
14537,582,2026-05-04,2
14538,582,2026-05-11,2
14539,582,2026-05-20,1
14540,582,2026-05-29,2
14541,582,2026-06-03,3
14542,582,2026-06-11,3
14543,582,2026-06-15,2
14544,582,2026-06-24,2
14545,582,2026-07-01,1
14546,582,2026-07-09,3
14547,582,2026-07-14,2
14548,582,2026-07-20,3
14549,582,2026-07-29,3
14550,582,2026-08-06,3
14551,583,2026-02-17,2
14552,583,2026-02-27,3
14553,583,2026-03-05,3
14554,583,2026-03-13,2
14555,583,2026-03-17,2
14556,583,2026-03-25,1
14557,583,2026-04-01,3
14558,583,2026-04-06,3
14559,583,2026-04-13,3
14560,583,2026-04-23,2
14561,583,2026-04-29,2
14562,583,2026-05-05,3
14563,583,2026-05-14,3
14564,583,2026-05-22,3
14565,583,2026-05-25,3
14566,583,2026-06-02,3
14567,583,2026-06-12,1
14568,583,2026-06-16,3
14569,583,2026-06-25,3
14570,583,2026-07-02,3
14571,583,2026-07-07,2
14572,583,2026-07-16,3
14573,583,2026-07-20,3
14574,583,2026-07-28,2
14575,583,2026-08-07,2
14576,584,2026-02-19,1
14577,584,2026-02-26,2
14578,584,2026-03-05,3
14579,584,2026-03-09,2
14580,584,2026-03-18,3
14581,584,2026-03-24,2
14582,584,2026-04-01,2
14583,584,2026-04-07,2
14584,584,2026-04-17,3
14585,584,2026-04-20,2
14586,584,2026-04-30,3
14587,584,2026-05-06,3
14588,584,2026-05-13,3
14589,584,2026-05-18,1
14590,584,2026-05-28,2
14591,584,2026-06-01,2
14592,584,2026-06-08,2
14593,584,2026-06-15,2
14594,584,2026-06-26,2
14595,584,2026-07-02,2
14596,584,2026-07-08,2
14597,584,2026-07-14,3
14598,584,2026-07-22,3
14599,584,2026-07-31,2
14600,584,2026-08-05,3
14601,585,2026-02-18,2
14602,585,2026-02-23,1
14603,585,2026-03-04,1
14604,585,2026-03-09,2
14605,585,2026-03-16,2
14606,585,2026-03-24,2
14607,585,2026-04-03,2
14608,585,2026-04-10,2
14609,585,2026-04-13,2
14610,585,2026-04-21,2
14611,585,2026-04-30,2
14612,585,2026-05-05,2
14613,585,2026-05-11,2
14614,585,2026-05-20,3
14615,585,2026-05-26,2
14616,585,2026-06-04,2
14617,585,2026-06-11,2
14618,585,2026-06-16,1
14619,585,2026-06-25,1
14620,585,2026-06-30,2
14621,585,2026-07-10,3
14622,585,2026-07-13,1
14623,585,2026-07-22,1
14624,585,2026-07-29,2
14625,585,2026-08-05,1
14626,586,2026-02-16,2
14627,586,2026-02-27,2
14628,586,2026-03-06,2
14629,586,2026-03-10,2
14630,586,2026-03-20,2
14631,586,2026-03-25,2
14632,586,2026-03-31,3
14633,586,2026-04-06,2
14634,586,2026-04-17,2
14635,586,2026-04-23,2
14636,586,2026-05-01,3
14637,586,2026-05-04,1
14638,586,2026-05-14,1
14639,586,2026-05-21,2
14640,586,2026-05-28,3
14641,586,2026-06-03,3
14642,586,2026-06-12,3
14643,586,2026-06-15,2
14644,586,2026-06-26,2
14645,586,2026-06-30,2
14646,586,2026-07-07,3
14647,586,2026-07-17,2
14648,586,2026-07-24,3
14649,586,2026-07-29,2
14650,586,2026-08-07,2
14651,587,2026-02-19,2
14652,587,2026-02-25,2
14653,587,2026-03-04,2
14654,587,2026-03-11,2
14655,587,2026-03-16,2
14656,587,2026-03-24,2
14657,587,2026-04-01,2
14658,587,2026-04-10,2
14659,587,2026-04-16,2
14660,587,2026-04-21,2
14661,587,2026-04-30,2
14662,587,2026-05-04,1
14663,587,2026-05-14,2
14664,587,2026-05-20,2
14665,587,2026-05-26,2
14666,587,2026-06-01,2
14667,587,2026-06-11,2
14668,587,2026-06-19,2
14669,587,2026-06-26,3
14670,587,2026-06-29,2
14671,587,2026-07-06,2
14672,587,2026-07-16,2
14673,587,2026-07-22,2
14674,587,2026-07-27,2
14675,587,2026-08-04,2
14676,588,2026-02-17,2
14677,588,2026-02-27,2
14678,588,2026-03-06,1
14679,588,2026-03-13,2
14680,588,2026-03-16,2
14681,588,2026-03-27,3
14682,588,2026-04-02,2
14683,588,2026-04-07,2
14684,588,2026-04-17,1
14685,588,2026-04-23,2
14686,588,2026-04-30,2
14687,588,2026-05-06,2
14688,588,2026-05-15,2
14689,588,2026-05-19,3
14690,588,2026-05-26,2
14691,588,2026-06-02,2
14692,588,2026-06-11,2
14693,588,2026-06-17,2
14694,588,2026-06-25,1
14695,588,2026-07-02,2
14696,588,2026-07-06,2
14697,588,2026-07-15,2
14698,588,2026-07-20,1
14699,588,2026-07-28,1
14700,588,2026-08-03,3
14701,589,2026-02-16,2
14702,589,2026-02-27,1
14703,589,2026-03-02,2
14704,589,2026-03-11,1
14705,589,2026-03-17,2
14706,589,2026-03-27,3
14707,589,2026-04-02,2
14708,589,2026-04-06,2
14709,589,2026-04-14,1
14710,589,2026-04-24,2
14711,589,2026-04-28,1
14712,589,2026-05-07,1
14713,589,2026-05-12,1
14714,589,2026-05-20,2
14715,589,2026-05-27,2
14716,589,2026-06-02,2
14717,589,2026-06-08,2
14718,589,2026-06-17,2
14719,589,2026-06-22,2
14720,589,2026-06-30,2
14721,589,2026-07-07,2
14722,589,2026-07-13,2
14723,589,2026-07-24,1
14724,589,2026-07-27,1
14725,589,2026-08-05,2
14726,590,2026-02-19,2
14727,590,2026-02-24,3
14728,590,2026-03-02,3
14729,590,2026-03-11,1
14730,590,2026-03-18,3
14731,590,2026-03-23,2
14732,590,2026-03-30,3
14733,590,2026-04-06,3
14734,590,2026-04-16,3
14735,590,2026-04-24,2
14736,590,2026-04-29,2
14737,590,2026-05-04,2
14738,590,2026-05-15,2
14739,590,2026-05-19,2
14740,590,2026-05-26,3
14741,590,2026-06-03,2
14742,590,2026-06-10,3
14743,590,2026-06-16,1
14744,590,2026-06-26,2
14745,590,2026-06-29,2
14746,590,2026-07-06,2
14747,590,2026-07-17,3
14748,590,2026-07-23,3
14749,590,2026-07-31,2
14750,590,2026-08-05,3
14751,591,2026-02-17,1
14752,591,2026-02-24,2
14753,591,2026-03-04,2
14754,591,2026-03-13,2
14755,591,2026-03-19,1
14756,591,2026-03-23,2
14757,591,2026-04-03,2
14758,591,2026-04-10,3
14759,591,2026-04-16,3
14760,591,2026-04-21,2
14761,591,2026-04-30,1
14762,591,2026-05-06,2
14763,591,2026-05-15,2
14764,591,2026-05-21,1
14765,591,2026-05-26,2
14766,591,2026-06-02,1
14767,591,2026-06-09,2
14768,591,2026-06-17,3
14769,591,2026-06-22,2
14770,591,2026-07-02,1
14771,591,2026-07-08,1
14772,591,2026-07-14,2
14773,591,2026-07-21,1
14774,591,2026-07-29,1
14775,591,2026-08-03,1
14776,592,2026-02-17,2
14777,592,2026-02-24,1
14778,592,2026-03-05,2
14779,592,2026-03-09,1
14780,592,2026-03-16,2
14781,592,2026-03-27,1
14782,592,2026-04-03,2
14783,592,2026-04-06,2
14784,592,2026-04-13,1
14785,592,2026-04-21,2
14786,592,2026-04-29,2
14787,592,2026-05-07,2
14788,592,2026-05-15,2
14789,592,2026-05-21,2
14790,592,2026-05-25,2
14791,592,2026-06-04,2
14792,592,2026-06-09,2
14793,592,2026-06-15,3
14794,592,2026-06-25,2
14795,592,2026-06-29,2
14796,592,2026-07-07,2
14797,592,2026-07-17,1
14798,592,2026-07-23,1
14799,592,2026-07-30,2
14800,592,2026-08-04,2
14801,593,2026-02-17,2
14802,593,2026-02-23,2
14803,593,2026-03-02,2
14804,593,2026-03-13,2
14805,593,2026-03-18,2
14806,593,2026-03-24,2
14807,593,2026-04-02,2
14808,593,2026-04-09,1
14809,593,2026-04-14,3
14810,593,2026-04-20,2
14811,593,2026-05-01,3
14812,593,2026-05-06,2
14813,593,2026-05-12,3
14814,593,2026-05-21,2
14815,593,2026-05-29,2
14816,593,2026-06-05,2
14817,593,2026-06-08,1
14818,593,2026-06-15,2
14819,593,2026-06-24,2
14820,593,2026-07-02,3
14821,593,2026-07-09,2
14822,593,2026-07-17,2
14823,593,2026-07-22,3
14824,593,2026-07-27,2
14825,593,2026-08-03,2
14826,594,2026-02-19,2
14827,594,2026-02-24,2
14828,594,2026-03-03,2
14829,594,2026-03-11,1
14830,594,2026-03-20,1
14831,594,2026-03-23,2
14832,594,2026-03-30,1
14833,594,2026-04-09,2
14834,594,2026-04-14,2
14835,594,2026-04-24,2
14836,594,2026-04-30,1
14837,594,2026-05-04,3
14838,594,2026-05-12,1
14839,594,2026-05-18,2
14840,594,2026-05-28,1
14841,594,2026-06-02,1
14842,594,2026-06-09,2
14843,594,2026-06-15,2
14844,594,2026-06-22,2
14845,594,2026-06-30,2
14846,594,2026-07-10,2
14847,594,2026-07-16,1
14848,594,2026-07-24,2
14849,594,2026-07-27,1
14850,594,2026-08-07,1
14851,595,2026-02-16,2
14852,595,2026-02-26,2
14853,595,2026-03-05,2
14854,595,2026-03-10,3
14855,595,2026-03-17,2
14856,595,2026-03-23,2
14857,595,2026-03-30,3
14858,595,2026-04-08,2
14859,595,2026-04-15,2
14860,595,2026-04-22,1
14861,595,2026-04-30,2
14862,595,2026-05-04,3
14863,595,2026-05-14,3
14864,595,2026-05-18,3
14865,595,2026-05-29,2
14866,595,2026-06-02,2
14867,595,2026-06-12,3
14868,595,2026-06-15,2
14869,595,2026-06-25,3
14870,595,2026-06-29,3
14871,595,2026-07-09,2
14872,595,2026-07-15,2
14873,595,2026-07-22,2
14874,595,2026-07-28,3
14875,595,2026-08-06,3
14876,596,2026-02-17,3
14877,596,2026-02-24,2
14878,596,2026-03-04,2
14879,596,2026-03-11,1
14880,596,2026-03-17,2
14881,596,2026-03-24,2
14882,596,2026-04-01,2
14883,596,2026-04-07,1
14884,596,2026-04-13,1
14885,596,2026-04-23,2
14886,596,2026-04-27,2
14887,596,2026-05-05,2
14888,596,2026-05-13,2
14889,596,2026-05-19,2
14890,596,2026-05-26,2
14891,596,2026-06-05,3
14892,596,2026-06-10,1
14893,596,2026-06-15,1
14894,596,2026-06-23,3
14895,596,2026-06-29,2
14896,596,2026-07-10,2
14897,596,2026-07-15,3
14898,596,2026-07-22,2
14899,596,2026-07-30,2
14900,596,2026-08-06,2
14901,597,2026-02-19,2
14902,597,2026-02-27,2
14903,597,2026-03-02,2
14904,597,2026-03-10,2
14905,597,2026-03-17,1
14906,597,2026-03-26,2
14907,597,2026-04-01,2
14908,597,2026-04-08,2
14909,597,2026-04-13,2
14910,597,2026-04-21,2
14911,597,2026-04-28,3
14912,597,2026-05-07,2
14913,597,2026-05-14,2
14914,597,2026-05-18,2
14915,597,2026-05-28,2
14916,597,2026-06-05,1
14917,597,2026-06-10,2
14918,597,2026-06-19,2
14919,597,2026-06-22,3
14920,597,2026-06-30,2
14921,597,2026-07-08,2
14922,597,2026-07-15,1
14923,597,2026-07-22,3
14924,597,2026-07-31,3
14925,597,2026-08-07,2
14926,598,2026-02-16,2
14927,598,2026-02-26,2
14928,598,2026-03-02,2
14929,598,2026-03-10,2
14930,598,2026-03-16,2
14931,598,2026-03-23,2
14932,598,2026-04-03,2
14933,598,2026-04-06,2
14934,598,2026-04-15,2
14935,598,2026-04-24,2
14936,598,2026-05-01,2
14937,598,2026-05-04,2
14938,598,2026-05-12,3
14939,598,2026-05-21,1
14940,598,2026-05-29,2
14941,598,2026-06-04,2
14942,598,2026-06-10,2
14943,598,2026-06-19,3
14944,598,2026-06-26,3
14945,598,2026-07-02,3
14946,598,2026-07-08,3
14947,598,2026-07-16,2
14948,598,2026-07-24,2
14949,598,2026-07-30,2
14950,598,2026-08-07,1
14951,599,2026-02-17,2
14952,599,2026-02-24,2
14953,599,2026-03-05,1
14954,599,2026-03-12,2
14955,599,2026-03-16,3
14956,599,2026-03-23,1
14957,599,2026-04-03,2
14958,599,2026-04-10,3
14959,599,2026-04-15,2
14960,599,2026-04-22,2
14961,599,2026-04-30,2
14962,599,2026-05-06,3
14963,599,2026-05-11,2
14964,599,2026-05-22,3
14965,599,2026-05-26,2
14966,599,2026-06-04,2
14967,599,2026-06-12,2
14968,599,2026-06-15,2
14969,599,2026-06-26,1
14970,599,2026-06-29,2
14971,599,2026-07-10,1
14972,599,2026-07-13,1
14973,599,2026-07-23,2
14974,599,2026-07-29,2
14975,599,2026-08-07,2
14976,600,2026-02-17,2
14977,600,2026-02-23,2
14978,600,2026-03-05,2
14979,600,2026-03-11,2
14980,600,2026-03-16,2
14981,600,2026-03-23,2
14982,600,2026-04-02,2
14983,600,2026-04-10,2
14984,600,2026-04-17,2
14985,600,2026-04-21,2
14986,600,2026-04-30,1
14987,600,2026-05-08,2
14988,600,2026-05-12,2
14989,600,2026-05-19,2
14990,600,2026-05-27,1
14991,600,2026-06-02,1
14992,600,2026-06-10,2
14993,600,2026-06-19,1
14994,600,2026-06-24,1
14995,600,2026-07-03,2
14996,600,2026-07-09,2
14997,600,2026-07-15,2
14998,600,2026-07-23,2
14999,600,2026-07-27,2
15000,600,2026-08-07,1
15001,601,2026-02-16,2
15002,601,2026-02-24,2
15003,601,2026-03-06,1
15004,601,2026-03-13,2
15005,601,2026-03-19,2
15006,601,2026-03-25,2
15007,601,2026-04-01,2
15008,601,2026-04-09,3
15009,601,2026-04-14,2
15010,601,2026-04-21,2
15011,601,2026-04-27,1
15012,601,2026-05-05,1
15013,601,2026-05-11,2
15014,601,2026-05-19,2
15015,601,2026-05-26,2
15016,601,2026-06-04,1
15017,601,2026-06-09,2
15018,601,2026-06-15,2
15019,601,2026-06-24,1
15020,601,2026-07-01,1
15021,601,2026-07-06,2
15022,601,2026-07-14,1
15023,601,2026-07-21,2
15024,601,2026-07-27,2
15025,601,2026-08-03,2
15026,602,2026-02-16,1
15027,602,2026-02-27,2
15028,602,2026-03-06,2
15029,602,2026-03-12,1
15030,602,2026-03-17,2
15031,602,2026-03-25,1
15032,602,2026-04-02,2
15033,602,2026-04-09,2
15034,602,2026-04-14,1
15035,602,2026-04-24,1
15036,602,2026-04-27,3
15037,602,2026-05-08,3
15038,602,2026-05-11,3
15039,602,2026-05-18,3
15040,602,2026-05-29,2
15041,602,2026-06-05,2
15042,602,2026-06-12,2
15043,602,2026-06-19,1
15044,602,2026-06-22,2
15045,602,2026-06-29,1
15046,602,2026-07-08,2
15047,602,2026-07-13,3
15048,602,2026-07-23,2
15049,602,2026-07-27,2
15050,602,2026-08-03,3
15051,603,2026-02-16,2
15052,603,2026-02-26,2
15053,603,2026-03-06,1
15054,603,2026-03-10,2
15055,603,2026-03-17,2
15056,603,2026-03-24,2
15057,603,2026-04-02,2
15058,603,2026-04-07,2
15059,603,2026-04-16,1
15060,603,2026-04-24,2
15061,603,2026-05-01,1
15062,603,2026-05-08,2
15063,603,2026-05-14,2
15064,603,2026-05-22,2
15065,603,2026-05-25,2
15066,603,2026-06-04,2
15067,603,2026-06-08,2
15068,603,2026-06-19,2
15069,603,2026-06-24,2
15070,603,2026-07-01,2
15071,603,2026-07-10,2
15072,603,2026-07-13,2
15073,603,2026-07-24,1
15074,603,2026-07-30,2
15075,603,2026-08-06,2
15076,604,2026-02-19,2
15077,604,2026-02-24,2
15078,604,2026-03-02,2
15079,604,2026-03-09,2
15080,604,2026-03-16,1
15081,604,2026-03-27,3
15082,604,2026-04-03,2
15083,604,2026-04-10,2
15084,604,2026-04-15,1
15085,604,2026-04-21,1
15086,604,2026-04-28,2
15087,604,2026-05-07,2
15088,604,2026-05-11,2
15089,604,2026-05-18,2
15090,604,2026-05-26,2
15091,604,2026-06-04,1
15092,604,2026-06-08,2
15093,604,2026-06-15,3
15094,604,2026-06-26,2
15095,604,2026-06-29,1
15096,604,2026-07-08,2
15097,604,2026-07-13,3
15098,604,2026-07-24,2
15099,604,2026-07-31,2
15100,604,2026-08-05,3
15101,605,2026-02-18,2
15102,605,2026-02-27,3
15103,605,2026-03-03,1
15104,605,2026-03-13,3
15105,605,2026-03-18,3
15106,605,2026-03-24,2
15107,605,2026-03-30,1
15108,605,2026-04-07,3
15109,605,2026-04-15,3
15110,605,2026-04-20,2
15111,605,2026-04-27,3
15112,605,2026-05-06,2
15113,605,2026-05-12,2
15114,605,2026-05-20,2
15115,605,2026-05-26,3
15116,605,2026-06-03,2
15117,605,2026-06-11,2
15118,605,2026-06-18,1
15119,605,2026-06-22,3
15120,605,2026-07-02,1
15121,605,2026-07-08,3
15122,605,2026-07-16,1
15123,605,2026-07-24,2
15124,605,2026-07-31,2
15125,605,2026-08-07,2
15126,606,2026-02-18,3
15127,606,2026-02-27,2
15128,606,2026-03-04,2
15129,606,2026-03-12,3
15130,606,2026-03-19,2
15131,606,2026-03-26,2
15132,606,2026-03-31,2
15133,606,2026-04-06,2
15134,606,2026-04-13,1
15135,606,2026-04-20,2
15136,606,2026-05-01,1
15137,606,2026-05-05,3
15138,606,2026-05-13,1
15139,606,2026-05-18,2
15140,606,2026-05-26,1
15141,606,2026-06-05,2
15142,606,2026-06-08,2
15143,606,2026-06-19,2
15144,606,2026-06-23,1
15145,606,2026-06-30,1
15146,606,2026-07-07,1
15147,606,2026-07-17,1
15148,606,2026-07-23,3
15149,606,2026-07-31,3
15150,606,2026-08-05,2
15151,607,2026-02-17,2
15152,607,2026-02-26,2
15153,607,2026-03-03,1
15154,607,2026-03-09,1
15155,607,2026-03-20,1
15156,607,2026-03-25,2
15157,607,2026-04-03,2
15158,607,2026-04-06,1
15159,607,2026-04-16,2
15160,607,2026-04-22,1
15161,607,2026-04-29,1
15162,607,2026-05-05,2
15163,607,2026-05-14,3
15164,607,2026-05-19,2
15165,607,2026-05-27,2
15166,607,2026-06-02,1
15167,607,2026-06-11,2
15168,607,2026-06-17,3
15169,607,2026-06-23,1
15170,607,2026-06-30,3
15171,607,2026-07-08,1
15172,607,2026-07-16,2
15173,607,2026-07-20,2
15174,607,2026-07-27,2
15175,607,2026-08-05,2
15176,608,2026-02-17,3
15177,608,2026-02-27,1
15178,608,2026-03-02,1
15179,608,2026-03-13,3
15180,608,2026-03-17,3
15181,608,2026-03-27,3
15182,608,2026-04-01,2
15183,608,2026-04-06,1
15184,608,2026-04-17,2
15185,608,2026-04-20,3
15186,608,2026-04-30,2
15187,608,2026-05-04,1
15188,608,2026-05-12,1
15189,608,2026-05-20,1
15190,608,2026-05-27,1
15191,608,2026-06-05,2
15192,608,2026-06-08,1
15193,608,2026-06-17,1
15194,608,2026-06-25,3
15195,608,2026-06-29,2
15196,608,2026-07-06,3
15197,608,2026-07-13,2
15198,608,2026-07-23,3
15199,608,2026-07-31,2
15200,608,2026-08-04,3
15201,609,2026-02-16,2
15202,609,2026-02-25,2
15203,609,2026-03-05,3
15204,609,2026-03-12,2
15205,609,2026-03-16,3
15206,609,2026-03-23,2
15207,609,2026-03-30,3
15208,609,2026-04-07,1
15209,609,2026-04-17,1
15210,609,2026-04-21,3
15211,609,2026-05-01,3
15212,609,2026-05-05,2
15213,609,2026-05-14,2
15214,609,2026-05-18,2
15215,609,2026-05-25,2
15216,609,2026-06-01,3
15217,609,2026-06-09,3
15218,609,2026-06-16,2
15219,609,2026-06-23,1
15220,609,2026-07-03,1
15221,609,2026-07-09,1
15222,609,2026-07-13,3
15223,609,2026-07-22,3
15224,609,2026-07-27,3
15225,609,2026-08-04,3
15226,610,2026-02-18,2
15227,610,2026-02-27,1
15228,610,2026-03-04,2
15229,610,2026-03-09,2
15230,610,2026-03-19,2
15231,610,2026-03-26,3
15232,610,2026-04-02,2
15233,610,2026-04-08,2
15234,610,2026-04-14,1
15235,610,2026-04-22,2
15236,610,2026-04-29,2
15237,610,2026-05-07,1
15238,610,2026-05-11,2
15239,610,2026-05-20,2
15240,610,2026-05-26,3
15241,610,2026-06-02,3
15242,610,2026-06-11,1
15243,610,2026-06-18,3
15244,610,2026-06-23,2
15245,610,2026-07-01,2
15246,610,2026-07-09,1
15247,610,2026-07-13,2
15248,610,2026-07-20,2
15249,610,2026-07-31,2
15250,610,2026-08-03,1
15251,611,2026-02-17,2
15252,611,2026-02-23,2
15253,611,2026-03-04,2
15254,611,2026-03-12,2
15255,611,2026-03-17,2
15256,611,2026-03-25,2
15257,611,2026-04-02,1
15258,611,2026-04-07,1
15259,611,2026-04-15,2
15260,611,2026-04-21,2
15261,611,2026-04-29,2
15262,611,2026-05-08,2
15263,611,2026-05-14,3
15264,611,2026-05-18,2
15265,611,2026-05-28,2
15266,611,2026-06-04,2
15267,611,2026-06-12,2
15268,611,2026-06-16,2
15269,611,2026-06-23,2
15270,611,2026-07-01,2
15271,611,2026-07-06,2
15272,611,2026-07-14,2
15273,611,2026-07-23,2
15274,611,2026-07-28,2
15275,611,2026-08-06,2
15276,612,2026-02-16,2
15277,612,2026-02-27,3
15278,612,2026-03-05,2
15279,612,2026-03-12,2
15280,612,2026-03-19,3
15281,612,2026-03-25,2
15282,612,2026-04-02,2
15283,612,2026-04-07,2
15284,612,2026-04-14,2
15285,612,2026-04-22,2
15286,612,2026-04-27,2
15287,612,2026-05-08,2
15288,612,2026-05-14,3
15289,612,2026-05-21,2
15290,612,2026-05-29,3
15291,612,2026-06-04,3
15292,612,2026-06-12,2
15293,612,2026-06-17,3
15294,612,2026-06-26,3
15295,612,2026-07-01,2
15296,612,2026-07-09,2
15297,612,2026-07-16,2
15298,612,2026-07-20,2
15299,612,2026-07-28,2
15300,612,2026-08-07,3
15301,613,2026-02-17,2
15302,613,2026-02-25,2
15303,613,2026-03-02,2
15304,613,2026-03-09,1
15305,613,2026-03-19,2
15306,613,2026-03-23,2
15307,613,2026-04-03,1
15308,613,2026-04-08,3
15309,613,2026-04-17,1
15310,613,2026-04-24,1
15311,613,2026-04-30,3
15312,613,2026-05-06,3
15313,613,2026-05-12,2
15314,613,2026-05-19,1
15315,613,2026-05-26,2
15316,613,2026-06-03,1
15317,613,2026-06-10,1
15318,613,2026-06-16,1
15319,613,2026-06-24,2
15320,613,2026-06-29,1
15321,613,2026-07-08,2
15322,613,2026-07-16,3
15323,613,2026-07-23,2
15324,613,2026-07-31,1
15325,613,2026-08-04,1
15326,614,2026-02-17,2
15327,614,2026-02-23,2
15328,614,2026-03-04,2
15329,614,2026-03-12,2
15330,614,2026-03-18,2
15331,614,2026-03-27,2
15332,614,2026-04-01,2
15333,614,2026-04-07,2
15334,614,2026-04-15,3
15335,614,2026-04-22,3
15336,614,2026-05-01,3
15337,614,2026-05-05,3
15338,614,2026-05-11,2
15339,614,2026-05-21,3
15340,614,2026-05-27,2
15341,614,2026-06-03,1
15342,614,2026-06-08,2
15343,614,2026-06-15,2
15344,614,2026-06-22,2
15345,614,2026-07-03,2
15346,614,2026-07-09,3
15347,614,2026-07-14,2
15348,614,2026-07-24,3
15349,614,2026-07-31,3
15350,614,2026-08-03,2
15351,615,2026-02-17,2
15352,615,2026-02-26,2
15353,615,2026-03-03,2
15354,615,2026-03-09,2
15355,615,2026-03-19,2
15356,615,2026-03-24,2
15357,615,2026-04-01,1
15358,615,2026-04-07,2
15359,615,2026-04-15,2
15360,615,2026-04-24,2
15361,615,2026-04-29,2
15362,615,2026-05-08,2
15363,615,2026-05-15,2
15364,615,2026-05-19,2
15365,615,2026-05-25,2
15366,615,2026-06-05,2
15367,615,2026-06-12,1
15368,615,2026-06-17,2
15369,615,2026-06-26,2
15370,615,2026-07-02,2
15371,615,2026-07-10,1
15372,615,2026-07-13,2
15373,615,2026-07-23,2
15374,615,2026-07-30,2
15375,615,2026-08-05,1
15376,616,2026-02-18,2
15377,616,2026-02-23,3
15378,616,2026-03-02,2
15379,616,2026-03-09,2
15380,616,2026-03-17,3
15381,616,2026-03-23,2
15382,616,2026-03-31,1
15383,616,2026-04-08,2
15384,616,2026-04-15,3
15385,616,2026-04-21,3
15386,616,2026-04-29,3
15387,616,2026-05-04,1
15388,616,2026-05-12,2
15389,616,2026-05-19,2
15390,616,2026-05-25,2
15391,616,2026-06-01,2
15392,616,2026-06-11,3
15393,616,2026-06-15,2
15394,616,2026-06-24,3
15395,616,2026-07-03,2
15396,616,2026-07-10,2
15397,616,2026-07-16,3
15398,616,2026-07-20,3
15399,616,2026-07-28,2
15400,616,2026-08-06,3
15401,617,2026-02-16,2
15402,617,2026-02-27,2
15403,617,2026-03-05,2
15404,617,2026-03-09,2
15405,617,2026-03-16,1
15406,617,2026-03-24,3
15407,617,2026-03-31,2
15408,617,2026-04-06,2
15409,617,2026-04-14,3
15410,617,2026-04-20,3
15411,617,2026-05-01,1
15412,617,2026-05-07,3
15413,617,2026-05-15,2
15414,617,2026-05-22,2
15415,617,2026-05-29,1
15416,617,2026-06-05,2
15417,617,2026-06-08,2
15418,617,2026-06-15,2
15419,617,2026-06-22,3
15420,617,2026-07-01,2
15421,617,2026-07-06,2
15422,617,2026-07-13,2
15423,617,2026-07-21,2
15424,617,2026-07-29,2
15425,617,2026-08-06,2
15426,618,2026-02-17,2
15427,618,2026-02-23,1
15428,618,2026-03-05,3
15429,618,2026-03-09,1
15430,618,2026-03-20,2
15431,618,2026-03-26,3
15432,618,2026-04-03,1
15433,618,2026-04-09,2
15434,618,2026-04-13,2
15435,618,2026-04-20,3
15436,618,2026-04-30,3
15437,618,2026-05-05,2
15438,618,2026-05-13,1
15439,618,2026-05-22,3
15440,618,2026-05-25,3
15441,618,2026-06-05,2
15442,618,2026-06-10,1
15443,618,2026-06-15,3
15444,618,2026-06-26,2
15445,618,2026-07-01,2
15446,618,2026-07-09,2
15447,618,2026-07-17,3
15448,618,2026-07-22,3
15449,618,2026-07-29,1
15450,618,2026-08-03,1
15451,619,2026-02-16,2
15452,619,2026-02-24,1
15453,619,2026-03-05,1
15454,619,2026-03-11,1
15455,619,2026-03-17,2
15456,619,2026-03-25,2
15457,619,2026-04-03,1
15458,619,2026-04-07,1
15459,619,2026-04-13,2
15460,619,2026-04-20,1
15461,619,2026-04-30,1
15462,619,2026-05-05,1
15463,619,2026-05-15,3
15464,619,2026-05-22,1
15465,619,2026-05-28,1
15466,619,2026-06-05,2
15467,619,2026-06-08,1
15468,619,2026-06-18,1
15469,619,2026-06-23,2
15470,619,2026-07-02,2
15471,619,2026-07-10,1
15472,619,2026-07-13,1
15473,619,2026-07-21,1
15474,619,2026-07-30,2
15475,619,2026-08-03,2
15476,620,2026-02-16,3
15477,620,2026-02-26,2
15478,620,2026-03-02,2
15479,620,2026-03-13,3
15480,620,2026-03-20,3
15481,620,2026-03-23,3
15482,620,2026-04-03,2
15483,620,2026-04-09,2
15484,620,2026-04-14,2
15485,620,2026-04-21,2
15486,620,2026-04-28,3
15487,620,2026-05-08,2
15488,620,2026-05-15,2
15489,620,2026-05-21,2
15490,620,2026-05-27,2
15491,620,2026-06-04,2
15492,620,2026-06-11,2
15493,620,2026-06-15,2
15494,620,2026-06-26,2
15495,620,2026-06-30,2
15496,620,2026-07-09,1
15497,620,2026-07-15,2
15498,620,2026-07-21,2
15499,620,2026-07-27,2
15500,620,2026-08-06,2
15501,621,2026-02-20,2
15502,621,2026-02-23,2
15503,621,2026-03-02,2
15504,621,2026-03-10,3
15505,621,2026-03-18,2
15506,621,2026-03-27,3
15507,621,2026-03-30,2
15508,621,2026-04-10,3
15509,621,2026-04-15,2
15510,621,2026-04-22,3
15511,621,2026-04-30,2
15512,621,2026-05-08,3
15513,621,2026-05-11,2
15514,621,2026-05-18,2
15515,621,2026-05-26,3
15516,621,2026-06-03,3
15517,621,2026-06-10,3
15518,621,2026-06-16,2
15519,621,2026-06-23,2
15520,621,2026-06-30,3
15521,621,2026-07-09,2
15522,621,2026-07-14,2
15523,621,2026-07-21,3
15524,621,2026-07-27,3
15525,621,2026-08-06,1
15526,622,2026-02-16,2
15527,622,2026-02-26,1
15528,622,2026-03-06,3
15529,622,2026-03-12,3
15530,622,2026-03-20,2
15531,622,2026-03-25,2
15532,622,2026-04-02,1
15533,622,2026-04-08,2
15534,622,2026-04-16,2
15535,622,2026-04-23,2
15536,622,2026-04-27,1
15537,622,2026-05-07,2
15538,622,2026-05-14,3
15539,622,2026-05-20,2
15540,622,2026-05-25,2
15541,622,2026-06-04,2
15542,622,2026-06-12,2
15543,622,2026-06-15,2
15544,622,2026-06-23,2
15545,622,2026-07-03,2
15546,622,2026-07-08,1
15547,622,2026-07-14,2
15548,622,2026-07-20,2
15549,622,2026-07-29,2
15550,622,2026-08-03,1
15551,623,2026-02-19,1
15552,623,2026-02-25,2
15553,623,2026-03-03,3
15554,623,2026-03-12,2
15555,623,2026-03-16,2
15556,623,2026-03-23,2
15557,623,2026-04-02,2
15558,623,2026-04-06,1
15559,623,2026-04-14,2
15560,623,2026-04-21,3
15561,623,2026-04-29,2
15562,623,2026-05-04,1
15563,623,2026-05-15,2
15564,623,2026-05-20,2
15565,623,2026-05-26,1
15566,623,2026-06-03,2
15567,623,2026-06-09,2
15568,623,2026-06-15,1
15569,623,2026-06-26,1
15570,623,2026-07-03,2
15571,623,2026-07-07,2
15572,623,2026-07-17,1
15573,623,2026-07-21,1
15574,623,2026-07-29,1
15575,623,2026-08-07,1
15576,624,2026-02-20,2
15577,624,2026-02-23,1
15578,624,2026-03-03,2
15579,624,2026-03-09,2
15580,624,2026-03-16,1
15581,624,2026-03-25,2
15582,624,2026-03-30,1
15583,624,2026-04-09,2
15584,624,2026-04-17,2
15585,624,2026-04-20,2
15586,624,2026-04-27,1
15587,624,2026-05-06,1
15588,624,2026-05-12,1
15589,624,2026-05-18,2
15590,624,2026-05-26,2
15591,624,2026-06-01,2
15592,624,2026-06-10,1
15593,624,2026-06-15,1
15594,624,2026-06-25,1
15595,624,2026-07-02,2
15596,624,2026-07-08,2
15597,624,2026-07-17,1
15598,624,2026-07-23,1
15599,624,2026-07-29,3
15600,624,2026-08-06,2
15601,625,2026-02-17,2
15602,625,2026-02-27,2
15603,625,2026-03-04,1
15604,625,2026-03-10,1
15605,625,2026-03-18,3
15606,625,2026-03-27,1
15607,625,2026-03-30,3
15608,625,2026-04-06,1
15609,625,2026-04-13,2
15610,625,2026-04-22,3
15611,625,2026-04-27,2
15612,625,2026-05-04,2
15613,625,2026-05-13,3
15614,625,2026-05-21,2
15615,625,2026-05-28,2
15616,625,2026-06-03,2
15617,625,2026-06-09,2
15618,625,2026-06-18,1
15619,625,2026-06-26,3
15620,625,2026-07-03,2
15621,625,2026-07-09,3
15622,625,2026-07-13,1
15623,625,2026-07-22,2
15624,625,2026-07-30,2
15625,625,2026-08-04,2
15626,626,2026-02-18,3
15627,626,2026-02-25,3
15628,626,2026-03-02,3
15629,626,2026-03-10,2
15630,626,2026-03-20,2
15631,626,2026-03-23,3
15632,626,2026-04-02,2
15633,626,2026-04-09,3
15634,626,2026-04-15,2
15635,626,2026-04-20,3
15636,626,2026-04-28,3
15637,626,2026-05-05,2
15638,626,2026-05-15,3
15639,626,2026-05-20,3
15640,626,2026-05-29,3
15641,626,2026-06-04,2
15642,626,2026-06-12,2
15643,626,2026-06-15,3
15644,626,2026-06-24,2
15645,626,2026-07-01,2
15646,626,2026-07-08,2
15647,626,2026-07-14,2
15648,626,2026-07-23,1
15649,626,2026-07-27,3
15650,626,2026-08-07,2
15651,627,2026-02-17,2
15652,627,2026-02-24,2
15653,627,2026-03-05,3
15654,627,2026-03-09,2
15655,627,2026-03-17,3
15656,627,2026-03-25,3
15657,627,2026-04-01,2
15658,627,2026-04-09,3
15659,627,2026-04-15,2
15660,627,2026-04-22,2
15661,627,2026-04-30,1
15662,627,2026-05-07,2
15663,627,2026-05-14,2
15664,627,2026-05-19,2
15665,627,2026-05-25,2
15666,627,2026-06-03,2
15667,627,2026-06-08,3
15668,627,2026-06-18,3
15669,627,2026-06-22,2
15670,627,2026-06-29,2
15671,627,2026-07-09,1
15672,627,2026-07-14,2
15673,627,2026-07-20,1
15674,627,2026-07-31,2
15675,627,2026-08-06,1
15676,628,2026-02-18,2
15677,628,2026-02-26,2
15678,628,2026-03-04,2
15679,628,2026-03-12,1
15680,628,2026-03-20,2
15681,628,2026-03-24,2
15682,628,2026-04-02,2
15683,628,2026-04-06,2
15684,628,2026-04-14,2
15685,628,2026-04-20,2
15686,628,2026-04-30,2
15687,628,2026-05-06,2
15688,628,2026-05-13,2
15689,628,2026-05-19,2
15690,628,2026-05-29,3
15691,628,2026-06-01,1
15692,628,2026-06-09,2
15693,628,2026-06-18,2
15694,628,2026-06-24,2
15695,628,2026-06-29,1
15696,628,2026-07-08,2
15697,628,2026-07-17,2
15698,628,2026-07-22,2
15699,628,2026-07-30,3
15700,628,2026-08-04,2
15701,629,2026-02-16,3
15702,629,2026-02-24,2
15703,629,2026-03-06,1
15704,629,2026-03-10,1
15705,629,2026-03-18,3
15706,629,2026-03-25,2
15707,629,2026-04-02,2
15708,629,2026-04-10,2
15709,629,2026-04-16,2
15710,629,2026-04-21,1
15711,629,2026-04-30,2
15712,629,2026-05-05,1
15713,629,2026-05-15,2
15714,629,2026-05-22,1
15715,629,2026-05-27,3
15716,629,2026-06-01,3
15717,629,2026-06-11,3
15718,629,2026-06-18,1
15719,629,2026-06-25,2
15720,629,2026-07-01,2
15721,629,2026-07-07,1
15722,629,2026-07-13,3
15723,629,2026-07-23,2
15724,629,2026-07-30,2
15725,629,2026-08-04,2
15726,630,2026-02-19,2
15727,630,2026-02-23,2
15728,630,2026-03-03,1
15729,630,2026-03-11,2
15730,630,2026-03-17,1
15731,630,2026-03-27,2
15732,630,2026-04-02,2
15733,630,2026-04-09,2
15734,630,2026-04-16,3
15735,630,2026-04-21,2
15736,630,2026-04-29,1
15737,630,2026-05-08,2
15738,630,2026-05-12,2
15739,630,2026-05-19,2
15740,630,2026-05-29,3
15741,630,2026-06-04,2
15742,630,2026-06-12,2
15743,630,2026-06-18,2
15744,630,2026-06-26,1
15745,630,2026-06-29,2
15746,630,2026-07-09,1
15747,630,2026-07-13,2
15748,630,2026-07-22,2
15749,630,2026-07-31,2
15750,630,2026-08-07,2
15751,631,2026-02-20,3
15752,631,2026-02-24,2
15753,631,2026-03-03,2
15754,631,2026-03-09,3
15755,631,2026-03-18,2
15756,631,2026-03-25,2
15757,631,2026-03-31,3
15758,631,2026-04-08,2
15759,631,2026-04-13,2
15760,631,2026-04-22,3
15761,631,2026-04-27,3
15762,631,2026-05-08,2
15763,631,2026-05-15,2
15764,631,2026-05-19,2
15765,631,2026-05-28,3
15766,631,2026-06-02,1
15767,631,2026-06-12,2
15768,631,2026-06-18,1
15769,631,2026-06-22,2
15770,631,2026-07-01,2
15771,631,2026-07-10,3
15772,631,2026-07-16,2
15773,631,2026-07-23,2
15774,631,2026-07-29,2
15775,631,2026-08-03,2
15776,632,2026-02-17,2
15777,632,2026-02-25,2
15778,632,2026-03-05,3
15779,632,2026-03-12,2
15780,632,2026-03-16,3
15781,632,2026-03-26,2
15782,632,2026-04-03,2
15783,632,2026-04-10,2
15784,632,2026-04-16,2
15785,632,2026-04-23,3
15786,632,2026-04-29,2
15787,632,2026-05-06,2
15788,632,2026-05-13,2
15789,632,2026-05-19,2
15790,632,2026-05-28,2
15791,632,2026-06-01,2
15792,632,2026-06-12,2
15793,632,2026-06-15,2
15794,632,2026-06-23,2
15795,632,2026-07-03,2
15796,632,2026-07-08,2
15797,632,2026-07-14,3
15798,632,2026-07-21,2
15799,632,2026-07-30,2
15800,632,2026-08-04,2
15801,633,2026-02-17,1
15802,633,2026-02-26,2
15803,633,2026-03-03,1
15804,633,2026-03-10,2
15805,633,2026-03-16,2
15806,633,2026-03-24,2
15807,633,2026-03-31,1
15808,633,2026-04-07,1
15809,633,2026-04-16,1
15810,633,2026-04-20,2
15811,633,2026-04-27,2
15812,633,2026-05-04,2
15813,633,2026-05-14,3
15814,633,2026-05-20,1
15815,633,2026-05-28,2
15816,633,2026-06-04,2
15817,633,2026-06-12,2
15818,633,2026-06-15,2
15819,633,2026-06-25,2
15820,633,2026-06-29,3
15821,633,2026-07-09,2
15822,633,2026-07-14,2
15823,633,2026-07-20,2
15824,633,2026-07-29,2
15825,633,2026-08-04,2
15826,634,2026-02-20,1
15827,634,2026-02-25,2
15828,634,2026-03-02,2
15829,634,2026-03-11,2
15830,634,2026-03-18,2
15831,634,2026-03-27,2
15832,634,2026-04-02,2
15833,634,2026-04-10,2
15834,634,2026-04-17,2
15835,634,2026-04-21,2
15836,634,2026-04-27,2
15837,634,2026-05-06,3
15838,634,2026-05-12,3
15839,634,2026-05-18,2
15840,634,2026-05-28,3
15841,634,2026-06-05,3
15842,634,2026-06-08,2
15843,634,2026-06-16,3
15844,634,2026-06-26,1
15845,634,2026-06-30,2
15846,634,2026-07-07,2
15847,634,2026-07-13,2
15848,634,2026-07-21,3
15849,634,2026-07-30,2
15850,634,2026-08-07,1
15851,635,2026-02-16,1
15852,635,2026-02-23,2
15853,635,2026-03-04,2
15854,635,2026-03-10,1
15855,635,2026-03-19,2
15856,635,2026-03-25,2
15857,635,2026-04-02,2
15858,635,2026-04-06,1
15859,635,2026-04-13,2
15860,635,2026-04-23,2
15861,635,2026-05-01,2
15862,635,2026-05-04,2
15863,635,2026-05-11,2
15864,635,2026-05-21,2
15865,635,2026-05-28,2
15866,635,2026-06-01,2
15867,635,2026-06-09,2
15868,635,2026-06-15,3
15869,635,2026-06-25,1
15870,635,2026-06-30,2
15871,635,2026-07-09,2
15872,635,2026-07-13,3
15873,635,2026-07-22,2
15874,635,2026-07-27,1
15875,635,2026-08-03,1
15876,636,2026-02-20,2
15877,636,2026-02-24,1
15878,636,2026-03-03,1
15879,636,2026-03-10,2
15880,636,2026-03-19,3
15881,636,2026-03-26,2
15882,636,2026-03-31,2
15883,636,2026-04-08,2
15884,636,2026-04-15,3
15885,636,2026-04-23,2
15886,636,2026-05-01,2
15887,636,2026-05-05,2
15888,636,2026-05-11,2
15889,636,2026-05-21,2
15890,636,2026-05-26,2
15891,636,2026-06-05,2
15892,636,2026-06-10,2
15893,636,2026-06-18,3
15894,636,2026-06-25,1
15895,636,2026-06-30,2
15896,636,2026-07-10,2
15897,636,2026-07-13,2
15898,636,2026-07-24,3
15899,636,2026-07-28,2
15900,636,2026-08-07,2
15901,637,2026-02-19,2
15902,637,2026-02-25,2
15903,637,2026-03-04,1
15904,637,2026-03-09,1
15905,637,2026-03-17,1
15906,637,2026-03-25,1
15907,637,2026-04-03,1
15908,637,2026-04-10,1
15909,637,2026-04-17,1
15910,637,2026-04-22,1
15911,637,2026-04-27,1
15912,637,2026-05-08,2
15913,637,2026-05-12,3
15914,637,2026-05-22,1
15915,637,2026-05-26,2
15916,637,2026-06-02,2
15917,637,2026-06-11,1
15918,637,2026-06-16,1
15919,637,2026-06-25,1
15920,637,2026-06-30,1
15921,637,2026-07-10,2
15922,637,2026-07-13,2
15923,637,2026-07-21,1
15924,637,2026-07-31,1
15925,637,2026-08-03,2
15926,638,2026-02-17,1
15927,638,2026-02-25,1
15928,638,2026-03-02,2
15929,638,2026-03-11,2
15930,638,2026-03-20,2
15931,638,2026-03-26,2
15932,638,2026-03-30,2
15933,638,2026-04-07,2
15934,638,2026-04-16,3
15935,638,2026-04-23,3
15936,638,2026-04-30,1
15937,638,2026-05-07,2
15938,638,2026-05-13,2
15939,638,2026-05-19,2
15940,638,2026-05-28,3
15941,638,2026-06-02,2
15942,638,2026-06-12,2
15943,638,2026-06-17,2
15944,638,2026-06-24,2
15945,638,2026-06-30,2
15946,638,2026-07-10,1
15947,638,2026-07-16,2
15948,638,2026-07-22,1
15949,638,2026-07-31,1
15950,638,2026-08-07,2
15951,639,2026-02-16,1
15952,639,2026-02-26,2
15953,639,2026-03-02,3
15954,639,2026-03-13,2
15955,639,2026-03-20,2
15956,639,2026-03-26,1
15957,639,2026-04-01,3
15958,639,2026-04-06,3
15959,639,2026-04-16,2
15960,639,2026-04-23,2
15961,639,2026-04-29,3
15962,639,2026-05-07,2
15963,639,2026-05-11,1
15964,639,2026-05-19,2
15965,639,2026-05-25,2
15966,639,2026-06-05,2
15967,639,2026-06-08,3
15968,639,2026-06-15,3
15969,639,2026-06-26,3
15970,639,2026-06-30,3
15971,639,2026-07-10,2
15972,639,2026-07-13,3
15973,639,2026-07-21,2
15974,639,2026-07-28,2
15975,639,2026-08-03,3
15976,640,2026-02-18,1
15977,640,2026-02-24,1
15978,640,2026-03-06,1
15979,640,2026-03-09,1
15980,640,2026-03-18,1
15981,640,2026-03-25,1
15982,640,2026-04-03,1
15983,640,2026-04-10,1
15984,640,2026-04-13,1
15985,640,2026-04-24,1
15986,640,2026-04-28,1
15987,640,2026-05-05,1
15988,640,2026-05-12,1
15989,640,2026-05-20,2
15990,640,2026-05-26,3
15991,640,2026-06-02,1
15992,640,2026-06-09,2
15993,640,2026-06-16,1
15994,640,2026-06-22,1
15995,640,2026-06-30,1
15996,640,2026-07-07,2
15997,640,2026-07-15,1
15998,640,2026-07-20,2
15999,640,2026-07-27,1
16000,640,2026-08-04,3
16001,641,2026-02-18,2
16002,641,2026-02-25,2
16003,641,2026-03-02,3
16004,641,2026-03-09,2
16005,641,2026-03-20,1
16006,641,2026-03-24,3
16007,641,2026-04-01,2
16008,641,2026-04-08,2
16009,641,2026-04-15,2
16010,641,2026-04-20,1
16011,641,2026-04-28,2
16012,641,2026-05-07,2
16013,641,2026-05-15,2
16014,641,2026-05-22,1
16015,641,2026-05-29,2
16016,641,2026-06-05,3
16017,641,2026-06-10,1
16018,641,2026-06-16,2
16019,641,2026-06-26,3
16020,641,2026-06-30,2
16021,641,2026-07-07,2
16022,641,2026-07-14,2
16023,641,2026-07-21,2
16024,641,2026-07-29,2
16025,641,2026-08-04,2
16026,642,2026-02-17,2
16027,642,2026-02-27,2
16028,642,2026-03-05,2
16029,642,2026-03-10,2
16030,642,2026-03-16,2
16031,642,2026-03-27,2
16032,642,2026-03-30,2
16033,642,2026-04-08,3
16034,642,2026-04-17,2
16035,642,2026-04-24,3
16036,642,2026-04-28,2
16037,642,2026-05-04,1
16038,642,2026-05-12,3
16039,642,2026-05-20,3
16040,642,2026-05-27,2
16041,642,2026-06-01,3
16042,642,2026-06-09,1
16043,642,2026-06-19,2
16044,642,2026-06-22,3
16045,642,2026-07-02,3
16046,642,2026-07-08,3
16047,642,2026-07-17,3
16048,642,2026-07-23,2
16049,642,2026-07-29,2
16050,642,2026-08-07,2
16051,643,2026-02-20,2
16052,643,2026-02-24,2
16053,643,2026-03-02,2
16054,643,2026-03-09,2
16055,643,2026-03-17,3
16056,643,2026-03-24,2
16057,643,2026-04-02,3
16058,643,2026-04-09,3
16059,643,2026-04-14,2
16060,643,2026-04-20,2
16061,643,2026-04-30,2
16062,643,2026-05-07,3
16063,643,2026-05-13,2
16064,643,2026-05-22,2
16065,643,2026-05-27,2
16066,643,2026-06-03,2
16067,643,2026-06-09,3
16068,643,2026-06-15,2
16069,643,2026-06-22,2
16070,643,2026-07-02,2
16071,643,2026-07-07,3
16072,643,2026-07-17,2
16073,643,2026-07-22,2
16074,643,2026-07-27,1
16075,643,2026-08-07,2
16076,644,2026-02-19,2
16077,644,2026-02-25,2
16078,644,2026-03-06,3
16079,644,2026-03-09,2
16080,644,2026-03-20,1
16081,644,2026-03-24,3
16082,644,2026-03-31,1
16083,644,2026-04-09,1
16084,644,2026-04-16,2
16085,644,2026-04-20,2
16086,644,2026-04-28,2
16087,644,2026-05-04,1
16088,644,2026-05-14,2
16089,644,2026-05-20,2
16090,644,2026-05-26,1
16091,644,2026-06-04,3
16092,644,2026-06-09,1
16093,644,2026-06-18,1
16094,644,2026-06-24,2
16095,644,2026-07-02,1
16096,644,2026-07-08,2
16097,644,2026-07-14,1
16098,644,2026-07-24,1
16099,644,2026-07-30,1
16100,644,2026-08-05,1
16101,645,2026-02-16,1
16102,645,2026-02-24,2
16103,645,2026-03-02,2
16104,645,2026-03-13,3
16105,645,2026-03-19,1
16106,645,2026-03-23,2
16107,645,2026-04-02,2
16108,645,2026-04-07,2
16109,645,2026-04-13,2
16110,645,2026-04-20,2
16111,645,2026-05-01,2
16112,645,2026-05-08,3
16113,645,2026-05-12,2
16114,645,2026-05-22,2
16115,645,2026-05-27,2
16116,645,2026-06-03,3
16117,645,2026-06-09,2
16118,645,2026-06-17,2
16119,645,2026-06-22,3
16120,645,2026-06-30,2
16121,645,2026-07-07,2
16122,645,2026-07-13,2
16123,645,2026-07-20,2
16124,645,2026-07-29,3
16125,645,2026-08-04,2
16126,646,2026-02-18,2
16127,646,2026-02-23,2
16128,646,2026-03-04,1
16129,646,2026-03-09,2
16130,646,2026-03-18,3
16131,646,2026-03-24,2
16132,646,2026-03-31,2
16133,646,2026-04-06,2
16134,646,2026-04-17,2
16135,646,2026-04-20,2
16136,646,2026-04-29,3
16137,646,2026-05-05,2
16138,646,2026-05-11,2
16139,646,2026-05-22,2
16140,646,2026-05-28,2
16141,646,2026-06-04,2
16142,646,2026-06-12,2
16143,646,2026-06-18,2
16144,646,2026-06-23,3
16145,646,2026-07-01,1
16146,646,2026-07-09,2
16147,646,2026-07-17,2
16148,646,2026-07-21,2
16149,646,2026-07-29,2
16150,646,2026-08-05,2
16151,647,2026-02-17,2
16152,647,2026-02-23,1
16153,647,2026-03-06,3
16154,647,2026-03-13,2
16155,647,2026-03-17,2
16156,647,2026-03-25,2
16157,647,2026-04-01,3
16158,647,2026-04-10,2
16159,647,2026-04-13,3
16160,647,2026-04-24,2
16161,647,2026-04-28,2
16162,647,2026-05-04,2
16163,647,2026-05-13,2
16164,647,2026-05-22,2
16165,647,2026-05-28,2
16166,647,2026-06-04,3
16167,647,2026-06-08,3
16168,647,2026-06-18,2
16169,647,2026-06-25,1
16170,647,2026-07-02,2
16171,647,2026-07-10,3
16172,647,2026-07-14,3
16173,647,2026-07-21,1
16174,647,2026-07-28,2
16175,647,2026-08-04,3
16176,648,2026-02-20,2
16177,648,2026-02-27,3
16178,648,2026-03-05,2
16179,648,2026-03-11,2
16180,648,2026-03-16,2
16181,648,2026-03-25,2
16182,648,2026-04-03,2
16183,648,2026-04-06,2
16184,648,2026-04-14,2
16185,648,2026-04-22,2
16186,648,2026-04-30,2
16187,648,2026-05-08,2
16188,648,2026-05-13,2
16189,648,2026-05-21,3
16190,648,2026-05-27,2
16191,648,2026-06-01,2
16192,648,2026-06-12,2
16193,648,2026-06-17,2
16194,648,2026-06-26,2
16195,648,2026-07-01,2
16196,648,2026-07-10,1
16197,648,2026-07-17,2
16198,648,2026-07-21,2
16199,648,2026-07-31,2
16200,648,2026-08-04,3
16201,649,2026-02-19,2
16202,649,2026-02-26,1
16203,649,2026-03-03,2
16204,649,2026-03-12,2
16205,649,2026-03-17,2
16206,649,2026-03-23,2
16207,649,2026-04-03,2
16208,649,2026-04-08,2
16209,649,2026-04-16,2
16210,649,2026-04-23,2
16211,649,2026-04-28,2
16212,649,2026-05-08,2
16213,649,2026-05-12,2
16214,649,2026-05-20,2
16215,649,2026-05-27,3
16216,649,2026-06-02,2
16217,649,2026-06-10,2
16218,649,2026-06-17,2
16219,649,2026-06-22,2
16220,649,2026-07-03,2
16221,649,2026-07-09,2
16222,649,2026-07-14,2
16223,649,2026-07-24,2
16224,649,2026-07-28,2
16225,649,2026-08-04,2
16226,650,2026-02-18,2
16227,650,2026-02-23,2
16228,650,2026-03-02,2
16229,650,2026-03-13,2
16230,650,2026-03-17,1
16231,650,2026-03-25,2
16232,650,2026-04-02,1
16233,650,2026-04-07,2
16234,650,2026-04-15,2
16235,650,2026-04-23,2
16236,650,2026-04-28,2
16237,650,2026-05-08,2
16238,650,2026-05-14,2
16239,650,2026-05-19,2
16240,650,2026-05-29,2
16241,650,2026-06-03,2
16242,650,2026-06-09,2
16243,650,2026-06-15,2
16244,650,2026-06-22,2
16245,650,2026-06-30,1
16246,650,2026-07-07,2
16247,650,2026-07-14,2
16248,650,2026-07-22,1
16249,650,2026-07-27,2
16250,650,2026-08-05,2
16251,651,2026-02-20,2
16252,651,2026-02-24,2
16253,651,2026-03-06,3
16254,651,2026-03-09,2
16255,651,2026-03-16,3
16256,651,2026-03-27,1
16257,651,2026-04-02,3
16258,651,2026-04-09,2
16259,651,2026-04-14,3
16260,651,2026-04-23,3
16261,651,2026-04-27,2
16262,651,2026-05-05,2
16263,651,2026-05-14,2
16264,651,2026-05-21,3
16265,651,2026-05-25,2
16266,651,2026-06-03,2
16267,651,2026-06-10,3
16268,651,2026-06-15,1
16269,651,2026-06-26,3
16270,651,2026-07-01,2
16271,651,2026-07-09,3
16272,651,2026-07-14,2
16273,651,2026-07-21,3
16274,651,2026-07-27,2
16275,651,2026-08-06,3
16276,652,2026-02-16,3
16277,652,2026-02-23,3
16278,652,2026-03-03,3
16279,652,2026-03-13,3
16280,652,2026-03-16,3
16281,652,2026-03-23,1
16282,652,2026-03-30,3
16283,652,2026-04-10,3
16284,652,2026-04-14,3
16285,652,2026-04-21,1
16286,652,2026-04-29,1
16287,652,2026-05-05,3
16288,652,2026-05-15,2
16289,652,2026-05-22,3
16290,652,2026-05-26,3
16291,652,2026-06-02,3
16292,652,2026-06-09,3
16293,652,2026-06-17,3
16294,652,2026-06-25,3
16295,652,2026-06-29,3
16296,652,2026-07-06,3
16297,652,2026-07-17,2
16298,652,2026-07-21,1
16299,652,2026-07-30,3
16300,652,2026-08-03,2
16301,653,2026-02-19,2
16302,653,2026-02-23,2
16303,653,2026-03-06,2
16304,653,2026-03-10,2
16305,653,2026-03-19,1
16306,653,2026-03-26,2
16307,653,2026-03-30,1
16308,653,2026-04-08,2
16309,653,2026-04-16,1
16310,653,2026-04-22,2
16311,653,2026-04-30,2
16312,653,2026-05-04,2
16313,653,2026-05-14,1
16314,653,2026-05-18,2
16315,653,2026-05-28,2
16316,653,2026-06-04,2
16317,653,2026-06-09,1
16318,653,2026-06-18,2
16319,653,2026-06-24,2
16320,653,2026-06-30,2
16321,653,2026-07-10,1
16322,653,2026-07-15,1
16323,653,2026-07-20,1
16324,653,2026-07-27,2
16325,653,2026-08-07,2
16326,654,2026-02-17,1
16327,654,2026-02-26,1
16328,654,2026-03-03,1
16329,654,2026-03-10,2
16330,654,2026-03-18,1
16331,654,2026-03-26,3
16332,654,2026-03-30,1
16333,654,2026-04-09,2
16334,654,2026-04-16,1
16335,654,2026-04-21,1
16336,654,2026-04-28,3
16337,654,2026-05-04,3
16338,654,2026-05-12,1
16339,654,2026-05-19,1
16340,654,2026-05-28,2
16341,654,2026-06-01,2
16342,654,2026-06-08,3
16343,654,2026-06-19,2
16344,654,2026-06-24,2
16345,654,2026-07-01,1
16346,654,2026-07-06,1
16347,654,2026-07-16,2
16348,654,2026-07-22,1
16349,654,2026-07-28,3
16350,654,2026-08-04,1
16351,655,2026-02-19,2
16352,655,2026-02-25,2
16353,655,2026-03-04,2
16354,655,2026-03-11,3
16355,655,2026-03-16,2
16356,655,2026-03-24,2
16357,655,2026-04-02,1
16358,655,2026-04-07,2
16359,655,2026-04-16,2
16360,655,2026-04-23,2
16361,655,2026-04-30,2
16362,655,2026-05-08,2
16363,655,2026-05-13,2
16364,655,2026-05-21,2
16365,655,2026-05-28,1
16366,655,2026-06-01,2
16367,655,2026-06-11,2
16368,655,2026-06-16,2
16369,655,2026-06-24,3
16370,655,2026-07-03,1
16371,655,2026-07-08,2
16372,655,2026-07-14,2
16373,655,2026-07-24,2
16374,655,2026-07-27,2
16375,655,2026-08-05,2
16376,656,2026-02-16,1
16377,656,2026-02-26,2
16378,656,2026-03-04,1
16379,656,2026-03-11,2
16380,656,2026-03-16,2
16381,656,2026-03-27,2
16382,656,2026-04-03,2
16383,656,2026-04-09,2
16384,656,2026-04-13,2
16385,656,2026-04-20,2
16386,656,2026-04-30,2
16387,656,2026-05-08,2
16388,656,2026-05-15,2
16389,656,2026-05-22,2
16390,656,2026-05-26,3
16391,656,2026-06-02,1
16392,656,2026-06-10,2
16393,656,2026-06-16,1
16394,656,2026-06-22,1
16395,656,2026-06-30,1
16396,656,2026-07-08,2
16397,656,2026-07-17,2
16398,656,2026-07-21,2
16399,656,2026-07-30,1
16400,656,2026-08-05,3
16401,657,2026-02-18,1
16402,657,2026-02-23,2
16403,657,2026-03-05,3
16404,657,2026-03-10,2
16405,657,2026-03-17,1
16406,657,2026-03-25,3
16407,657,2026-04-01,2
16408,657,2026-04-09,1
16409,657,2026-04-15,3
16410,657,2026-04-21,2
16411,657,2026-05-01,2
16412,657,2026-05-07,1
16413,657,2026-05-15,2
16414,657,2026-05-20,2
16415,657,2026-05-28,2
16416,657,2026-06-05,2
16417,657,2026-06-08,1
16418,657,2026-06-16,2
16419,657,2026-06-24,3
16420,657,2026-07-01,2
16421,657,2026-07-10,2
16422,657,2026-07-15,2
16423,657,2026-07-21,2
16424,657,2026-07-30,2
16425,657,2026-08-04,2
16426,658,2026-02-20,2
16427,658,2026-02-27,2
16428,658,2026-03-02,2
16429,658,2026-03-11,2
16430,658,2026-03-19,1
16431,658,2026-03-24,1
16432,658,2026-03-31,1
16433,658,2026-04-10,2
16434,658,2026-04-16,2
16435,658,2026-04-22,2
16436,658,2026-04-27,1
16437,658,2026-05-04,2
16438,658,2026-05-11,2
16439,658,2026-05-22,2
16440,658,2026-05-27,2
16441,658,2026-06-02,1
16442,658,2026-06-12,2
16443,658,2026-06-17,2
16444,658,2026-06-24,2
16445,658,2026-07-02,2
16446,658,2026-07-08,2
16447,658,2026-07-14,1
16448,658,2026-07-20,2
16449,658,2026-07-30,1
16450,658,2026-08-05,1
16451,659,2026-02-18,2
16452,659,2026-02-27,2
16453,659,2026-03-06,1
16454,659,2026-03-09,1
16455,659,2026-03-16,1
16456,659,2026-03-27,3
16457,659,2026-03-31,3
16458,659,2026-04-09,3
16459,659,2026-04-17,3
16460,659,2026-04-20,3
16461,659,2026-04-29,2
16462,659,2026-05-07,2
16463,659,2026-05-11,2
16464,659,2026-05-20,1
16465,659,2026-05-28,2
16466,659,2026-06-04,2
16467,659,2026-06-08,3
16468,659,2026-06-17,2
16469,659,2026-06-23,2
16470,659,2026-07-02,1
16471,659,2026-07-10,1
16472,659,2026-07-17,1
16473,659,2026-07-22,2
16474,659,2026-07-29,2
16475,659,2026-08-04,2
16476,660,2026-02-16,2
16477,660,2026-02-26,3
16478,660,2026-03-05,3
16479,660,2026-03-09,3
16480,660,2026-03-20,2
16481,660,2026-03-26,3
16482,660,2026-04-01,3
16483,660,2026-04-09,3
16484,660,2026-04-15,2
16485,660,2026-04-23,2
16486,660,2026-04-30,3
16487,660,2026-05-05,2
16488,660,2026-05-14,2
16489,660,2026-05-19,3
16490,660,2026-05-28,3
16491,660,2026-06-05,1
16492,660,2026-06-08,3
16493,660,2026-06-17,2
16494,660,2026-06-24,3
16495,660,2026-06-29,2
16496,660,2026-07-10,2
16497,660,2026-07-15,1
16498,660,2026-07-24,2
16499,660,2026-07-31,1
16500,660,2026-08-07,1
16501,661,2026-02-16,2
16502,661,2026-02-24,2
16503,661,2026-03-05,3
16504,661,2026-03-12,1
16505,661,2026-03-17,1
16506,661,2026-03-27,2
16507,661,2026-03-30,1
16508,661,2026-04-06,1
16509,661,2026-04-17,2
16510,661,2026-04-22,2
16511,661,2026-04-29,2
16512,661,2026-05-04,3
16513,661,2026-05-14,2
16514,661,2026-05-22,1
16515,661,2026-05-28,3
16516,661,2026-06-01,2
16517,661,2026-06-10,1
16518,661,2026-06-16,1
16519,661,2026-06-24,1
16520,661,2026-07-02,2
16521,661,2026-07-09,2
16522,661,2026-07-13,3
16523,661,2026-07-22,1
16524,661,2026-07-27,2
16525,661,2026-08-04,2
16526,662,2026-02-19,2
16527,662,2026-02-25,2
16528,662,2026-03-05,2
16529,662,2026-03-13,2
16530,662,2026-03-20,3
16531,662,2026-03-24,3
16532,662,2026-03-31,2
16533,662,2026-04-06,2
16534,662,2026-04-16,2
16535,662,2026-04-23,2
16536,662,2026-04-30,2
16537,662,2026-05-05,2
16538,662,2026-05-11,1
16539,662,2026-05-21,2
16540,662,2026-05-28,2
16541,662,2026-06-01,1
16542,662,2026-06-12,2
16543,662,2026-06-16,2
16544,662,2026-06-23,3
16545,662,2026-06-30,3
16546,662,2026-07-09,2
16547,662,2026-07-16,2
16548,662,2026-07-23,2
16549,662,2026-07-31,2
16550,662,2026-08-05,2
16551,663,2026-02-20,2
16552,663,2026-02-23,2
16553,663,2026-03-06,2
16554,663,2026-03-12,2
16555,663,2026-03-20,2
16556,663,2026-03-27,2
16557,663,2026-04-02,2
16558,663,2026-04-08,2
16559,663,2026-04-14,3
16560,663,2026-04-24,1
16561,663,2026-04-29,2
16562,663,2026-05-08,3
16563,663,2026-05-11,1
16564,663,2026-05-21,2
16565,663,2026-05-28,1
16566,663,2026-06-02,3
16567,663,2026-06-12,3
16568,663,2026-06-18,3
16569,663,2026-06-23,3
16570,663,2026-07-01,1
16571,663,2026-07-07,3
16572,663,2026-07-17,3
16573,663,2026-07-24,1
16574,663,2026-07-31,3
16575,663,2026-08-06,3
16576,664,2026-02-16,2
16577,664,2026-02-25,1
16578,664,2026-03-04,3
16579,664,2026-03-09,2
16580,664,2026-03-18,1
16581,664,2026-03-27,3
16582,664,2026-03-31,3
16583,664,2026-04-07,2
16584,664,2026-04-13,2
16585,664,2026-04-23,2
16586,664,2026-04-27,2
16587,664,2026-05-06,3
16588,664,2026-05-15,1
16589,664,2026-05-21,1
16590,664,2026-05-25,1
16591,664,2026-06-05,3
16592,664,2026-06-11,3
16593,664,2026-06-18,3
16594,664,2026-06-22,3
16595,664,2026-07-02,1
16596,664,2026-07-09,2
16597,664,2026-07-14,3
16598,664,2026-07-21,3
16599,664,2026-07-27,1
16600,664,2026-08-03,3
16601,665,2026-02-17,2
16602,665,2026-02-27,2
16603,665,2026-03-02,2
16604,665,2026-03-12,2
16605,665,2026-03-17,1
16606,665,2026-03-27,2
16607,665,2026-04-03,2
16608,665,2026-04-07,2
16609,665,2026-04-17,2
16610,665,2026-04-24,2
16611,665,2026-04-27,2
16612,665,2026-05-08,2
16613,665,2026-05-15,2
16614,665,2026-05-19,3
16615,665,2026-05-28,2
16616,665,2026-06-01,1
16617,665,2026-06-12,2
16618,665,2026-06-16,2
16619,665,2026-06-25,2
16620,665,2026-07-01,2
16621,665,2026-07-07,2
16622,665,2026-07-14,2
16623,665,2026-07-23,1
16624,665,2026-07-27,2
16625,665,2026-08-06,2
16626,666,2026-02-20,2
16627,666,2026-02-26,3
16628,666,2026-03-04,1
16629,666,2026-03-13,2
16630,666,2026-03-18,2
16631,666,2026-03-24,3
16632,666,2026-04-02,3
16633,666,2026-04-10,3
16634,666,2026-04-15,2
16635,666,2026-04-21,2
16636,666,2026-04-27,3
16637,666,2026-05-05,2
16638,666,2026-05-15,3
16639,666,2026-05-22,2
16640,666,2026-05-26,2
16641,666,2026-06-01,1
16642,666,2026-06-09,2
16643,666,2026-06-17,2
16644,666,2026-06-24,1
16645,666,2026-07-03,1
16646,666,2026-07-06,1
16647,666,2026-07-13,3
16648,666,2026-07-22,2
16649,666,2026-07-29,2
16650,666,2026-08-07,2
16651,667,2026-02-19,2
16652,667,2026-02-26,3
16653,667,2026-03-02,2
16654,667,2026-03-12,2
16655,667,2026-03-20,2
16656,667,2026-03-24,2
16657,667,2026-03-30,2
16658,667,2026-04-10,3
16659,667,2026-04-15,2
16660,667,2026-04-24,2
16661,667,2026-04-30,2
16662,667,2026-05-05,2
16663,667,2026-05-11,2
16664,667,2026-05-20,2
16665,667,2026-05-27,3
16666,667,2026-06-05,2
16667,667,2026-06-12,3
16668,667,2026-06-16,3
16669,667,2026-06-24,1
16670,667,2026-06-30,2
16671,667,2026-07-10,2
16672,667,2026-07-17,2
16673,667,2026-07-22,2
16674,667,2026-07-28,2
16675,667,2026-08-03,2
16676,668,2026-02-16,1
16677,668,2026-02-26,1
16678,668,2026-03-06,3
16679,668,2026-03-09,2
16680,668,2026-03-19,2
16681,668,2026-03-26,2
16682,668,2026-04-03,1
16683,668,2026-04-06,1
16684,668,2026-04-16,1
16685,668,2026-04-23,2
16686,668,2026-04-29,1
16687,668,2026-05-05,2
16688,668,2026-05-11,1
16689,668,2026-05-20,2
16690,668,2026-05-29,1
16691,668,2026-06-05,2
16692,668,2026-06-08,2
16693,668,2026-06-15,3
16694,668,2026-06-25,2
16695,668,2026-07-01,1
16696,668,2026-07-10,3
16697,668,2026-07-14,1
16698,668,2026-07-24,2
16699,668,2026-07-27,1
16700,668,2026-08-05,1
16701,669,2026-02-17,2
16702,669,2026-02-26,2
16703,669,2026-03-02,2
16704,669,2026-03-09,2
16705,669,2026-03-19,3
16706,669,2026-03-23,2
16707,669,2026-04-03,2
16708,669,2026-04-07,3
16709,669,2026-04-16,2
16710,669,2026-04-22,2
16711,669,2026-04-27,2
16712,669,2026-05-07,2
16713,669,2026-05-11,2
16714,669,2026-05-19,2
16715,669,2026-05-25,2
16716,669,2026-06-05,2
16717,669,2026-06-12,2
16718,669,2026-06-15,2
16719,669,2026-06-26,2
16720,669,2026-06-29,2
16721,669,2026-07-09,2
16722,669,2026-07-14,2
16723,669,2026-07-23,2
16724,669,2026-07-28,2
16725,669,2026-08-07,2
16726,670,2026-02-20,1
16727,670,2026-02-26,1
16728,670,2026-03-06,3
16729,670,2026-03-10,2
16730,670,2026-03-18,1
16731,670,2026-03-25,2
16732,670,2026-04-03,1
16733,670,2026-04-08,2
16734,670,2026-04-13,2
16735,670,2026-04-20,2
16736,670,2026-04-30,3
16737,670,2026-05-05,1
16738,670,2026-05-15,2
16739,670,2026-05-22,2
16740,670,2026-05-29,2
16741,670,2026-06-03,2
16742,670,2026-06-12,2
16743,670,2026-06-16,2
16744,670,2026-06-25,3
16745,670,2026-07-01,2
16746,670,2026-07-06,2
16747,670,2026-07-13,2
16748,670,2026-07-23,2
16749,670,2026-07-31,2
16750,670,2026-08-03,2
16751,671,2026-02-20,2
16752,671,2026-02-23,2
16753,671,2026-03-06,1
16754,671,2026-03-12,2
16755,671,2026-03-16,2
16756,671,2026-03-24,2
16757,671,2026-04-02,2
16758,671,2026-04-09,2
16759,671,2026-04-16,3
16760,671,2026-04-21,1
16761,671,2026-04-27,2
16762,671,2026-05-08,2
16763,671,2026-05-11,2
16764,671,2026-05-22,3
16765,671,2026-05-26,2
16766,671,2026-06-01,2
16767,671,2026-06-09,3
16768,671,2026-06-19,2
16769,671,2026-06-22,2
16770,671,2026-07-02,2
16771,671,2026-07-06,1
16772,671,2026-07-14,2
16773,671,2026-07-23,2
16774,671,2026-07-28,1
16775,671,2026-08-05,2
16776,672,2026-02-18,1
16777,672,2026-02-24,2
16778,672,2026-03-04,2
16779,672,2026-03-13,2
16780,672,2026-03-19,2
16781,672,2026-03-24,2
16782,672,2026-04-01,1
16783,672,2026-04-08,2
16784,672,2026-04-17,2
16785,672,2026-04-23,2
16786,672,2026-04-27,2
16787,672,2026-05-04,2
16788,672,2026-05-12,2
16789,672,2026-05-18,2
16790,672,2026-05-27,2
16791,672,2026-06-02,2
16792,672,2026-06-10,2
16793,672,2026-06-16,1
16794,672,2026-06-24,2
16795,672,2026-06-30,2
16796,672,2026-07-09,2
16797,672,2026-07-17,2
16798,672,2026-07-20,1
16799,672,2026-07-31,2
16800,672,2026-08-03,2
16801,673,2026-02-17,2
16802,673,2026-02-26,1
16803,673,2026-03-04,1
16804,673,2026-03-10,2
16805,673,2026-03-16,2
16806,673,2026-03-24,2
16807,673,2026-04-03,1
16808,673,2026-04-08,2
16809,673,2026-04-17,2
16810,673,2026-04-23,1
16811,673,2026-04-30,3
16812,673,2026-05-04,2
16813,673,2026-05-12,2
16814,673,2026-05-22,1
16815,673,2026-05-28,2
16816,673,2026-06-04,2
16817,673,2026-06-08,2
16818,673,2026-06-16,2
16819,673,2026-06-24,2
16820,673,2026-06-30,2
16821,673,2026-07-09,2
16822,673,2026-07-15,2
16823,673,2026-07-21,2
16824,673,2026-07-29,2
16825,673,2026-08-03,2
16826,674,2026-02-18,3
16827,674,2026-02-24,2
16828,674,2026-03-05,2
16829,674,2026-03-11,2
16830,674,2026-03-20,2
16831,674,2026-03-23,2
16832,674,2026-04-03,2
16833,674,2026-04-09,3
16834,674,2026-04-15,2
16835,674,2026-04-22,2
16836,674,2026-04-27,1
16837,674,2026-05-05,2
16838,674,2026-05-14,3
16839,674,2026-05-20,3
16840,674,2026-05-29,2
16841,674,2026-06-05,2
16842,674,2026-06-09,1
16843,674,2026-06-15,2
16844,674,2026-06-24,2
16845,674,2026-07-03,2
16846,674,2026-07-09,2
16847,674,2026-07-16,2
16848,674,2026-07-21,1
16849,674,2026-07-31,2
16850,674,2026-08-05,2
16851,675,2026-02-19,3
16852,675,2026-02-26,3
16853,675,2026-03-03,2
16854,675,2026-03-10,3
16855,675,2026-03-17,3
16856,675,2026-03-24,2
16857,675,2026-04-02,2
16858,675,2026-04-06,3
16859,675,2026-04-16,3
16860,675,2026-04-23,3
16861,675,2026-04-30,2
16862,675,2026-05-08,1
16863,675,2026-05-15,3
16864,675,2026-05-22,3
16865,675,2026-05-28,2
16866,675,2026-06-03,2
16867,675,2026-06-12,2
16868,675,2026-06-15,3
16869,675,2026-06-23,2
16870,675,2026-07-01,3
16871,675,2026-07-10,3
16872,675,2026-07-15,3
16873,675,2026-07-24,3
16874,675,2026-07-30,1
16875,675,2026-08-04,2
16876,676,2026-02-16,2
16877,676,2026-02-25,2
16878,676,2026-03-03,2
16879,676,2026-03-13,2
16880,676,2026-03-20,1
16881,676,2026-03-26,1
16882,676,2026-03-31,2
16883,676,2026-04-07,2
16884,676,2026-04-16,2
16885,676,2026-04-24,2
16886,676,2026-05-01,2
16887,676,2026-05-05,1
16888,676,2026-05-11,2
16889,676,2026-05-21,2
16890,676,2026-05-28,1
16891,676,2026-06-04,1
16892,676,2026-06-08,2
16893,676,2026-06-18,1
16894,676,2026-06-26,1
16895,676,2026-07-03,1
16896,676,2026-07-09,1
16897,676,2026-07-14,1
16898,676,2026-07-21,2
16899,676,2026-07-29,1
16900,676,2026-08-06,2
16901,677,2026-02-20,2
16902,677,2026-02-27,2
16903,677,2026-03-03,2
16904,677,2026-03-13,2
16905,677,2026-03-20,2
16906,677,2026-03-27,3
16907,677,2026-03-31,3
16908,677,2026-04-07,2
16909,677,2026-04-15,3
16910,677,2026-04-24,2
16911,677,2026-04-30,3
16912,677,2026-05-07,3
16913,677,2026-05-15,2
16914,677,2026-05-22,3
16915,677,2026-05-28,3
16916,677,2026-06-04,2
16917,677,2026-06-11,2
16918,677,2026-06-19,3
16919,677,2026-06-23,2
16920,677,2026-07-01,2
16921,677,2026-07-09,2
16922,677,2026-07-13,3
16923,677,2026-07-22,2
16924,677,2026-07-27,3
16925,677,2026-08-04,3
16926,678,2026-02-20,1
16927,678,2026-02-24,3
16928,678,2026-03-02,2
16929,678,2026-03-13,2
16930,678,2026-03-18,2
16931,678,2026-03-27,3
16932,678,2026-03-31,2
16933,678,2026-04-06,2
16934,678,2026-04-15,2
16935,678,2026-04-21,2
16936,678,2026-05-01,2
16937,678,2026-05-08,2
16938,678,2026-05-12,2
16939,678,2026-05-22,3
16940,678,2026-05-25,2
16941,678,2026-06-02,1
16942,678,2026-06-09,2
16943,678,2026-06-18,2
16944,678,2026-06-22,2
16945,678,2026-06-29,3
16946,678,2026-07-06,2
16947,678,2026-07-13,2
16948,678,2026-07-22,2
16949,678,2026-07-29,2
16950,678,2026-08-03,3
16951,679,2026-02-19,1
16952,679,2026-02-24,3
16953,679,2026-03-06,2
16954,679,2026-03-09,2
16955,679,2026-03-18,2
16956,679,2026-03-24,2
16957,679,2026-03-30,2
16958,679,2026-04-08,1
16959,679,2026-04-17,3
16960,679,2026-04-20,3
16961,679,2026-04-28,2
16962,679,2026-05-06,2
16963,679,2026-05-11,2
16964,679,2026-05-18,2
16965,679,2026-05-26,3
16966,679,2026-06-05,2
16967,679,2026-06-12,3
16968,679,2026-06-18,2
16969,679,2026-06-24,2
16970,679,2026-06-30,3
16971,679,2026-07-10,2
16972,679,2026-07-16,3
16973,679,2026-07-21,2
16974,679,2026-07-27,2
16975,679,2026-08-07,2
16976,680,2026-02-20,2
16977,680,2026-02-26,2
16978,680,2026-03-04,2
16979,680,2026-03-12,2
16980,680,2026-03-18,2
16981,680,2026-03-24,2
16982,680,2026-03-31,2
16983,680,2026-04-08,2
16984,680,2026-04-13,3
16985,680,2026-04-22,2
16986,680,2026-05-01,2
16987,680,2026-05-05,2
16988,680,2026-05-11,1
16989,680,2026-05-22,3
16990,680,2026-05-26,2
16991,680,2026-06-02,2
16992,680,2026-06-10,2
16993,680,2026-06-16,2
16994,680,2026-06-22,2
16995,680,2026-07-03,3
16996,680,2026-07-09,1
16997,680,2026-07-16,2
16998,680,2026-07-23,3
16999,680,2026-07-31,1
17000,680,2026-08-03,2
17001,681,2026-02-18,2
17002,681,2026-02-27,2
17003,681,2026-03-06,2
17004,681,2026-03-12,2
17005,681,2026-03-17,2
17006,681,2026-03-27,2
17007,681,2026-04-03,1
17008,681,2026-04-06,2
17009,681,2026-04-15,2
17010,681,2026-04-23,2
17011,681,2026-05-01,2
17012,681,2026-05-05,2
17013,681,2026-05-11,1
17014,681,2026-05-18,2
17015,681,2026-05-28,2
17016,681,2026-06-03,2
17017,681,2026-06-09,2
17018,681,2026-06-15,2
17019,681,2026-06-25,2
17020,681,2026-07-03,2
17021,681,2026-07-09,2
17022,681,2026-07-16,3
17023,681,2026-07-20,2
17024,681,2026-07-31,1
17025,681,2026-08-06,2
17026,682,2026-02-18,3
17027,682,2026-02-26,2
17028,682,2026-03-03,2
17029,682,2026-03-11,1
17030,682,2026-03-16,2
17031,682,2026-03-25,2
17032,682,2026-03-31,2
17033,682,2026-04-08,3
17034,682,2026-04-16,3
17035,682,2026-04-22,2
17036,682,2026-04-27,2
17037,682,2026-05-05,3
17038,682,2026-05-13,1
17039,682,2026-05-19,2
17040,682,2026-05-25,2
17041,682,2026-06-02,1
17042,682,2026-06-11,2
17043,682,2026-06-19,2
17044,682,2026-06-24,3
17045,682,2026-07-02,2
17046,682,2026-07-06,3
17047,682,2026-07-13,2
17048,682,2026-07-20,2
17049,682,2026-07-30,1
17050,682,2026-08-06,2
17051,683,2026-02-17,3
17052,683,2026-02-24,3
17053,683,2026-03-02,3
17054,683,2026-03-12,2
17055,683,2026-03-18,3
17056,683,2026-03-23,2
17057,683,2026-03-31,2
17058,683,2026-04-09,3
17059,683,2026-04-13,2
17060,683,2026-04-24,3
17061,683,2026-04-28,2
17062,683,2026-05-04,3
17063,683,2026-05-12,3
17064,683,2026-05-20,3
17065,683,2026-05-29,3
17066,683,2026-06-05,3
17067,683,2026-06-12,1
17068,683,2026-06-15,3
17069,683,2026-06-26,3
17070,683,2026-06-30,2
17071,683,2026-07-10,3
17072,683,2026-07-16,2
17073,683,2026-07-21,2
17074,683,2026-07-28,3
17075,683,2026-08-06,3
17076,684,2026-02-17,2
17077,684,2026-02-25,2
17078,684,2026-03-03,2
17079,684,2026-03-11,3
17080,684,2026-03-18,2
17081,684,2026-03-25,3
17082,684,2026-04-02,2
17083,684,2026-04-08,2
17084,684,2026-04-17,2
17085,684,2026-04-24,2
17086,684,2026-04-27,2
17087,684,2026-05-06,2
17088,684,2026-05-14,1
17089,684,2026-05-21,2
17090,684,2026-05-25,2
17091,684,2026-06-04,2
17092,684,2026-06-12,2
17093,684,2026-06-18,1
17094,684,2026-06-23,2
17095,684,2026-06-30,2
17096,684,2026-07-08,2
17097,684,2026-07-13,2
17098,684,2026-07-20,3
17099,684,2026-07-30,1
17100,684,2026-08-06,2
17101,685,2026-02-16,2
17102,685,2026-02-27,2
17103,685,2026-03-02,1
17104,685,2026-03-12,2
17105,685,2026-03-16,2
17106,685,2026-03-27,2
17107,685,2026-04-01,2
17108,685,2026-04-06,2
17109,685,2026-04-16,2
17110,685,2026-04-21,3
17111,685,2026-04-28,2
17112,685,2026-05-08,3
17113,685,2026-05-15,2
17114,685,2026-05-20,2
17115,685,2026-05-25,2
17116,685,2026-06-03,2
17117,685,2026-06-10,2
17118,685,2026-06-18,2
17119,685,2026-06-23,3
17120,685,2026-07-01,3
17121,685,2026-07-06,2
17122,685,2026-07-17,2
17123,685,2026-07-20,2
17124,685,2026-07-31,3
17125,685,2026-08-05,2
17126,686,2026-02-16,2
17127,686,2026-02-25,1
17128,686,2026-03-04,1
17129,686,2026-03-13,2
17130,686,2026-03-16,2
17131,686,2026-03-23,2
17132,686,2026-04-01,1
17133,686,2026-04-09,2
17134,686,2026-04-15,2
17135,686,2026-04-22,2
17136,686,2026-05-01,2
17137,686,2026-05-07,3
17138,686,2026-05-13,2
17139,686,2026-05-19,2
17140,686,2026-05-29,2
17141,686,2026-06-01,2
17142,686,2026-06-11,2
17143,686,2026-06-15,2
17144,686,2026-06-25,2
17145,686,2026-07-02,2
17146,686,2026-07-06,2
17147,686,2026-07-13,2
17148,686,2026-07-22,2
17149,686,2026-07-27,2
17150,686,2026-08-07,2
17151,687,2026-02-16,2
17152,687,2026-02-25,2
17153,687,2026-03-04,2
17154,687,2026-03-11,1
17155,687,2026-03-16,1
17156,687,2026-03-27,2
17157,687,2026-04-01,3
17158,687,2026-04-06,1
17159,687,2026-04-14,1
17160,687,2026-04-24,3
17161,687,2026-05-01,3
17162,687,2026-05-05,1
17163,687,2026-05-12,1
17164,687,2026-05-18,2
17165,687,2026-05-29,2
17166,687,2026-06-01,1
17167,687,2026-06-09,1
17168,687,2026-06-19,2
17169,687,2026-06-25,2
17170,687,2026-07-02,2
17171,687,2026-07-07,1
17172,687,2026-07-13,2
17173,687,2026-07-21,3
17174,687,2026-07-31,3
17175,687,2026-08-05,2
17176,688,2026-02-20,2
17177,688,2026-02-26,3
17178,688,2026-03-04,2
17179,688,2026-03-09,3
17180,688,2026-03-19,1
17181,688,2026-03-27,1
17182,688,2026-04-03,2
17183,688,2026-04-06,2
17184,688,2026-04-14,2
17185,688,2026-04-23,1
17186,688,2026-04-29,3
17187,688,2026-05-05,2
17188,688,2026-05-15,2
17189,688,2026-05-20,2
17190,688,2026-05-25,1
17191,688,2026-06-04,2
17192,688,2026-06-10,1
17193,688,2026-06-18,2
17194,688,2026-06-26,1
17195,688,2026-06-30,1
17196,688,2026-07-07,2
17197,688,2026-07-14,2
17198,688,2026-07-22,2
17199,688,2026-07-30,1
17200,688,2026-08-04,2
17201,689,2026-02-16,2
17202,689,2026-02-24,2
17203,689,2026-03-06,3
17204,689,2026-03-12,2
17205,689,2026-03-18,3
17206,689,2026-03-25,3
17207,689,2026-03-30,1
17208,689,2026-04-10,3
17209,689,2026-04-17,3
17210,689,2026-04-20,2
17211,689,2026-04-30,3
17212,689,2026-05-07,2
17213,689,2026-05-11,3
17214,689,2026-05-22,2
17215,689,2026-05-29,1
17216,689,2026-06-05,3
17217,689,2026-06-11,3
17218,689,2026-06-15,3
17219,689,2026-06-26,1
17220,689,2026-06-30,2
17221,689,2026-07-06,2
17222,689,2026-07-13,3
17223,689,2026-07-24,3
17224,689,2026-07-31,2
17225,689,2026-08-03,3
17226,690,2026-02-18,2
17227,690,2026-02-24,2
17228,690,2026-03-02,2
17229,690,2026-03-09,3
17230,690,2026-03-17,2
17231,690,2026-03-24,3
17232,690,2026-04-02,3
17233,690,2026-04-09,2
17234,690,2026-04-13,2
17235,690,2026-04-20,2
17236,690,2026-04-29,2
17237,690,2026-05-08,2
17238,690,2026-05-13,2
17239,690,2026-05-22,3
17240,690,2026-05-27,2
17241,690,2026-06-05,3
17242,690,2026-06-08,2
17243,690,2026-06-17,2
17244,690,2026-06-23,2
17245,690,2026-07-02,3
17246,690,2026-07-07,2
17247,690,2026-07-14,2
17248,690,2026-07-20,2
17249,690,2026-07-27,2
17250,690,2026-08-07,3
17251,691,2026-02-16,2
17252,691,2026-02-25,3
17253,691,2026-03-05,1
17254,691,2026-03-10,3
17255,691,2026-03-17,1
17256,691,2026-03-23,2
17257,691,2026-04-01,2
17258,691,2026-04-07,2
17259,691,2026-04-17,1
17260,691,2026-04-23,2
17261,691,2026-04-27,2
17262,691,2026-05-07,2
17263,691,2026-05-14,2
17264,691,2026-05-20,2
17265,691,2026-05-27,2
17266,691,2026-06-03,2
17267,691,2026-06-10,1
17268,691,2026-06-18,2
17269,691,2026-06-22,2
17270,691,2026-07-03,3
17271,691,2026-07-07,2
17272,691,2026-07-14,2
17273,691,2026-07-20,2
17274,691,2026-07-30,2
17275,691,2026-08-03,2
17276,692,2026-02-19,2
17277,692,2026-02-23,2
17278,692,2026-03-06,2
17279,692,2026-03-13,2
17280,692,2026-03-18,2
17281,692,2026-03-24,2
17282,692,2026-04-03,2
17283,692,2026-04-08,2
17284,692,2026-04-16,2
17285,692,2026-04-23,1
17286,692,2026-04-30,2
17287,692,2026-05-07,2
17288,692,2026-05-12,2
17289,692,2026-05-21,2
17290,692,2026-05-26,2
17291,692,2026-06-02,1
17292,692,2026-06-10,2
17293,692,2026-06-19,2
17294,692,2026-06-25,2
17295,692,2026-06-29,2
17296,692,2026-07-08,2
17297,692,2026-07-14,2
17298,692,2026-07-20,2
17299,692,2026-07-28,2
17300,692,2026-08-06,3
17301,693,2026-02-20,1
17302,693,2026-02-25,2
17303,693,2026-03-02,2
17304,693,2026-03-10,2
17305,693,2026-03-18,1
17306,693,2026-03-26,1
17307,693,2026-04-03,2
17308,693,2026-04-09,3
17309,693,2026-04-13,2
17310,693,2026-04-21,2
17311,693,2026-04-30,1
17312,693,2026-05-08,3
17313,693,2026-05-14,3
17314,693,2026-05-18,3
17315,693,2026-05-27,1
17316,693,2026-06-01,2
17317,693,2026-06-11,3
17318,693,2026-06-16,2
17319,693,2026-06-22,3
17320,693,2026-07-02,2
17321,693,2026-07-09,2
17322,693,2026-07-14,2
17323,693,2026-07-23,3
17324,693,2026-07-27,3
17325,693,2026-08-05,1
17326,694,2026-02-17,1
17327,694,2026-02-27,3
17328,694,2026-03-02,3
17329,694,2026-03-12,3
17330,694,2026-03-18,3
17331,694,2026-03-23,3
17332,694,2026-04-03,1
17333,694,2026-04-10,2
17334,694,2026-04-17,2
17335,694,2026-04-20,3
17336,694,2026-04-27,3
17337,694,2026-05-05,3
17338,694,2026-05-15,1
17339,694,2026-05-18,1
17340,694,2026-05-29,3
17341,694,2026-06-01,3
17342,694,2026-06-09,3
17343,694,2026-06-15,3
17344,694,2026-06-23,3
17345,694,2026-06-29,3
17346,694,2026-07-07,2
17347,694,2026-07-15,2
17348,694,2026-07-21,3
17349,694,2026-07-27,2
17350,694,2026-08-07,2
17351,695,2026-02-18,2
17352,695,2026-02-24,2
17353,695,2026-03-03,2
17354,695,2026-03-12,2
17355,695,2026-03-18,3
17356,695,2026-03-27,3
17357,695,2026-04-02,2
17358,695,2026-04-10,2
17359,695,2026-04-15,3
17360,695,2026-04-21,2
17361,695,2026-04-27,2
17362,695,2026-05-08,2
17363,695,2026-05-12,2
17364,695,2026-05-21,3
17365,695,2026-05-25,2
17366,695,2026-06-01,3
17367,695,2026-06-12,2
17368,695,2026-06-19,2
17369,695,2026-06-25,3
17370,695,2026-06-29,2
17371,695,2026-07-07,3
17372,695,2026-07-16,2
17373,695,2026-07-22,2
17374,695,2026-07-30,2
17375,695,2026-08-05,2
17376,696,2026-02-18,1
17377,696,2026-02-25,1
17378,696,2026-03-06,1
17379,696,2026-03-10,2
17380,696,2026-03-16,1
17381,696,2026-03-25,1
17382,696,2026-04-01,2
17383,696,2026-04-10,1
17384,696,2026-04-17,2
17385,696,2026-04-22,2
17386,696,2026-04-29,1
17387,696,2026-05-06,2
17388,696,2026-05-12,1
17389,696,2026-05-22,1
17390,696,2026-05-25,1
17391,696,2026-06-01,1
17392,696,2026-06-12,2
17393,696,2026-06-15,2
17394,696,2026-06-26,1
17395,696,2026-06-29,1
17396,696,2026-07-10,1
17397,696,2026-07-17,1
17398,696,2026-07-23,2
17399,696,2026-07-29,1
17400,696,2026-08-05,1
17401,697,2026-02-17,2
17402,697,2026-02-25,2
17403,697,2026-03-04,2
17404,697,2026-03-11,2
17405,697,2026-03-19,2
17406,697,2026-03-26,3
17407,697,2026-03-31,2
17408,697,2026-04-07,2
17409,697,2026-04-17,2
17410,697,2026-04-22,3
17411,697,2026-04-28,2
17412,697,2026-05-04,2
17413,697,2026-05-14,2
17414,697,2026-05-22,2
17415,697,2026-05-28,2
17416,697,2026-06-01,2
17417,697,2026-06-10,2
17418,697,2026-06-18,2
17419,697,2026-06-25,3
17420,697,2026-06-29,2
17421,697,2026-07-07,2
17422,697,2026-07-16,2
17423,697,2026-07-20,2
17424,697,2026-07-30,2
17425,697,2026-08-04,2
17426,698,2026-02-20,1
17427,698,2026-02-26,2
17428,698,2026-03-02,3
17429,698,2026-03-12,2
17430,698,2026-03-16,3
17431,698,2026-03-25,1
17432,698,2026-04-02,3
17433,698,2026-04-07,3
17434,698,2026-04-16,3
17435,698,2026-04-23,3
17436,698,2026-04-27,3
17437,698,2026-05-05,2
17438,698,2026-05-12,3
17439,698,2026-05-20,2
17440,698,2026-05-25,3
17441,698,2026-06-03,2
17442,698,2026-06-12,2
17443,698,2026-06-17,1
17444,698,2026-06-22,1
17445,698,2026-06-29,3
17446,698,2026-07-08,3
17447,698,2026-07-14,2
17448,698,2026-07-20,2
17449,698,2026-07-27,2
17450,698,2026-08-06,2
17451,699,2026-02-16,1
17452,699,2026-02-26,2
17453,699,2026-03-05,1
17454,699,2026-03-09,2
17455,699,2026-03-18,1
17456,699,2026-03-26,2
17457,699,2026-03-30,2
17458,699,2026-04-08,2
17459,699,2026-04-17,2
17460,699,2026-04-23,1
17461,699,2026-05-01,2
17462,699,2026-05-04,1
17463,699,2026-05-13,2
17464,699,2026-05-19,2
17465,699,2026-05-26,2
17466,699,2026-06-03,2
17467,699,2026-06-10,2
17468,699,2026-06-15,2
17469,699,2026-06-23,1
17470,699,2026-06-30,2
17471,699,2026-07-10,2
17472,699,2026-07-15,2
17473,699,2026-07-22,2
17474,699,2026-07-30,3
17475,699,2026-08-07,1
17476,700,2026-02-16,2
17477,700,2026-02-26,3
17478,700,2026-03-04,2
17479,700,2026-03-11,2
17480,700,2026-03-17,2
17481,700,2026-03-23,2
17482,700,2026-04-01,2
17483,700,2026-04-09,2
17484,700,2026-04-17,2
17485,700,2026-04-20,2
17486,700,2026-04-29,2
17487,700,2026-05-07,3
17488,700,2026-05-11,2
17489,700,2026-05-22,2
17490,700,2026-05-25,2
17491,700,2026-06-05,2
17492,700,2026-06-12,2
17493,700,2026-06-19,1
17494,700,2026-06-25,3
17495,700,2026-07-02,2
17496,700,2026-07-08,2
17497,700,2026-07-16,1
17498,700,2026-07-24,2
17499,700,2026-07-28,2
17500,700,2026-08-06,2
17501,701,2026-02-19,1
17502,701,2026-02-23,1
17503,701,2026-03-06,2
17504,701,2026-03-10,2
17505,701,2026-03-17,2
17506,701,2026-03-25,1
17507,701,2026-04-03,1
17508,701,2026-04-09,1
17509,701,2026-04-15,2
17510,701,2026-04-24,2
17511,701,2026-04-30,2
17512,701,2026-05-07,2
17513,701,2026-05-15,2
17514,701,2026-05-18,1
17515,701,2026-05-27,2
17516,701,2026-06-04,1
17517,701,2026-06-08,2
17518,701,2026-06-16,1
17519,701,2026-06-23,1
17520,701,2026-07-02,2
17521,701,2026-07-09,2
17522,701,2026-07-13,2
17523,701,2026-07-24,1
17524,701,2026-07-29,1
17525,701,2026-08-04,2
17526,702,2026-02-16,1
17527,702,2026-02-27,2
17528,702,2026-03-03,2
17529,702,2026-03-10,2
17530,702,2026-03-16,1
17531,702,2026-03-27,2
17532,702,2026-04-01,3
17533,702,2026-04-09,2
17534,702,2026-04-16,2
17535,702,2026-04-21,2
17536,702,2026-04-28,2
17537,702,2026-05-05,2
17538,702,2026-05-12,2
17539,702,2026-05-22,1
17540,702,2026-05-28,1
17541,702,2026-06-02,1
17542,702,2026-06-09,3
17543,702,2026-06-16,2
17544,702,2026-06-26,1
17545,702,2026-07-02,2
17546,702,2026-07-08,1
17547,702,2026-07-15,1
17548,702,2026-07-20,2
17549,702,2026-07-28,2
17550,702,2026-08-07,1
17551,703,2026-02-18,2
17552,703,2026-02-24,2
17553,703,2026-03-03,2
17554,703,2026-03-12,3
17555,703,2026-03-19,2
17556,703,2026-03-26,3
17557,703,2026-04-03,2
17558,703,2026-04-10,2
17559,703,2026-04-14,2
17560,703,2026-04-22,3
17561,703,2026-04-28,3
17562,703,2026-05-07,2
17563,703,2026-05-14,3
17564,703,2026-05-19,2
17565,703,2026-05-29,3
17566,703,2026-06-02,2
17567,703,2026-06-09,3
17568,703,2026-06-19,1
17569,703,2026-06-24,2
17570,703,2026-06-30,3
17571,703,2026-07-06,2
17572,703,2026-07-14,3
17573,703,2026-07-21,1
17574,703,2026-07-28,2
17575,703,2026-08-03,3
17576,704,2026-02-16,2
17577,704,2026-02-25,2
17578,704,2026-03-02,2
17579,704,2026-03-09,2
17580,704,2026-03-19,2
17581,704,2026-03-27,2
17582,704,2026-03-31,2
17583,704,2026-04-07,2
17584,704,2026-04-14,3
17585,704,2026-04-24,2
17586,704,2026-04-29,2
17587,704,2026-05-06,2
17588,704,2026-05-12,2
17589,704,2026-05-19,2
17590,704,2026-05-27,2
17591,704,2026-06-04,3
17592,704,2026-06-08,1
17593,704,2026-06-19,2
17594,704,2026-06-26,2
17595,704,2026-07-03,2
17596,704,2026-07-07,2
17597,704,2026-07-17,3
17598,704,2026-07-20,2
17599,704,2026-07-30,1
17600,704,2026-08-05,2
17601,705,2026-02-16,2
17602,705,2026-02-25,2
17603,705,2026-03-04,2
17604,705,2026-03-11,2
17605,705,2026-03-17,2
17606,705,2026-03-26,2
17607,705,2026-03-30,2
17608,705,2026-04-09,2
17609,705,2026-04-15,2
17610,705,2026-04-23,2
17611,705,2026-05-01,2
17612,705,2026-05-08,2
17613,705,2026-05-15,2
17614,705,2026-05-18,2
17615,705,2026-05-26,2
17616,705,2026-06-05,2
17617,705,2026-06-09,2
17618,705,2026-06-15,2
17619,705,2026-06-22,2
17620,705,2026-06-29,2
17621,705,2026-07-09,2
17622,705,2026-07-15,2
17623,705,2026-07-21,2
17624,705,2026-07-28,2
17625,705,2026-08-04,2
17626,706,2026-02-19,2
17627,706,2026-02-24,2
17628,706,2026-03-03,2
17629,706,2026-03-12,1
17630,706,2026-03-19,2
17631,706,2026-03-26,2
17632,706,2026-04-02,1
17633,706,2026-04-07,1
17634,706,2026-04-14,2
17635,706,2026-04-20,1
17636,706,2026-04-30,2
17637,706,2026-05-08,2
17638,706,2026-05-11,1
17639,706,2026-05-21,2
17640,706,2026-05-28,3
17641,706,2026-06-03,1
17642,706,2026-06-11,1
17643,706,2026-06-15,1
17644,706,2026-06-25,1
17645,706,2026-06-29,1
17646,706,2026-07-07,2
17647,706,2026-07-17,2
17648,706,2026-07-22,2
17649,706,2026-07-27,1
17650,706,2026-08-04,2
17651,707,2026-02-16,2
17652,707,2026-02-25,3
17653,707,2026-03-06,3
17654,707,2026-03-11,2
17655,707,2026-03-17,3
17656,707,2026-03-27,2
17657,707,2026-04-03,2
17658,707,2026-04-08,2
17659,707,2026-04-14,2
17660,707,2026-04-22,1
17661,707,2026-04-27,1
17662,707,2026-05-04,1
17663,707,2026-05-14,2
17664,707,2026-05-20,3
17665,707,2026-05-25,2
17666,707,2026-06-02,2
17667,707,2026-06-11,1
17668,707,2026-06-17,2
17669,707,2026-06-22,2
17670,707,2026-07-02,3
17671,707,2026-07-09,1
17672,707,2026-07-15,1
17673,707,2026-07-24,2
17674,707,2026-07-28,2
17675,707,2026-08-06,2
17676,708,2026-02-19,2
17677,708,2026-02-24,3
17678,708,2026-03-04,2
17679,708,2026-03-13,3
17680,708,2026-03-16,3
17681,708,2026-03-26,3
17682,708,2026-03-31,2
17683,708,2026-04-06,1
17684,708,2026-04-13,2
17685,708,2026-04-21,3
17686,708,2026-04-30,3
17687,708,2026-05-05,3
17688,708,2026-05-15,2
17689,708,2026-05-20,3
17690,708,2026-05-28,2
17691,708,2026-06-03,3
17692,708,2026-06-11,2
17693,708,2026-06-15,2
17694,708,2026-06-24,2
17695,708,2026-07-03,3
17696,708,2026-07-09,2
17697,708,2026-07-15,2
17698,708,2026-07-22,2
17699,708,2026-07-31,2
17700,708,2026-08-06,2
17701,709,2026-02-17,2
17702,709,2026-02-23,3
17703,709,2026-03-06,2
17704,709,2026-03-10,2
17705,709,2026-03-20,2
17706,709,2026-03-27,2
17707,709,2026-04-02,2
17708,709,2026-04-10,2
17709,709,2026-04-17,2
17710,709,2026-04-22,3
17711,709,2026-05-01,3
17712,709,2026-05-04,2
17713,709,2026-05-13,3
17714,709,2026-05-22,2
17715,709,2026-05-29,3
17716,709,2026-06-04,3
17717,709,2026-06-08,2
17718,709,2026-06-19,2
17719,709,2026-06-26,2
17720,709,2026-07-01,2
17721,709,2026-07-08,3
17722,709,2026-07-13,1
17723,709,2026-07-22,2
17724,709,2026-07-31,3
17725,709,2026-08-04,2
17726,710,2026-02-19,2
17727,710,2026-02-26,1
17728,710,2026-03-04,3
17729,710,2026-03-10,2
17730,710,2026-03-17,3
17731,710,2026-03-24,2
17732,710,2026-03-31,2
17733,710,2026-04-10,3
17734,710,2026-04-15,2
17735,710,2026-04-23,2
17736,710,2026-04-27,2
17737,710,2026-05-05,3
17738,710,2026-05-11,2
17739,710,2026-05-19,3
17740,710,2026-05-29,2
17741,710,2026-06-05,2
17742,710,2026-06-12,2
17743,710,2026-06-15,2
17744,710,2026-06-22,1
17745,710,2026-07-01,3
17746,710,2026-07-10,2
17747,710,2026-07-15,1
17748,710,2026-07-24,2
17749,710,2026-07-29,2
17750,710,2026-08-04,3
17751,711,2026-02-16,2
17752,711,2026-02-23,2
17753,711,2026-03-02,2
17754,711,2026-03-10,1
17755,711,2026-03-19,2
17756,711,2026-03-26,2
17757,711,2026-03-31,1
17758,711,2026-04-07,1
17759,711,2026-04-14,2
17760,711,2026-04-24,2
17761,711,2026-05-01,2
17762,711,2026-05-06,2
17763,711,2026-05-14,2
17764,711,2026-05-20,2
17765,711,2026-05-26,2
17766,711,2026-06-02,3
17767,711,2026-06-10,1
17768,711,2026-06-18,1
17769,711,2026-06-25,3
17770,711,2026-07-03,2
17771,711,2026-07-09,1
17772,711,2026-07-13,2
17773,711,2026-07-24,2
17774,711,2026-07-31,2
17775,711,2026-08-07,1
17776,712,2026-02-17,2
17777,712,2026-02-24,2
17778,712,2026-03-05,2
17779,712,2026-03-13,2
17780,712,2026-03-20,2
17781,712,2026-03-26,2
17782,712,2026-03-30,3
17783,712,2026-04-08,2
17784,712,2026-04-17,2
17785,712,2026-04-22,2
17786,712,2026-04-27,2
17787,712,2026-05-07,1
17788,712,2026-05-15,2
17789,712,2026-05-18,2
17790,712,2026-05-28,2
17791,712,2026-06-01,2
17792,712,2026-06-09,2
17793,712,2026-06-17,2
17794,712,2026-06-26,2
17795,712,2026-07-01,1
17796,712,2026-07-09,2
17797,712,2026-07-15,2
17798,712,2026-07-23,1
17799,712,2026-07-31,2
17800,712,2026-08-07,2
17801,713,2026-02-18,2
17802,713,2026-02-26,2
17803,713,2026-03-02,1
17804,713,2026-03-11,2
17805,713,2026-03-20,2
17806,713,2026-03-26,2
17807,713,2026-04-02,2
17808,713,2026-04-10,2
17809,713,2026-04-15,2
17810,713,2026-04-24,2
17811,713,2026-04-30,1
17812,713,2026-05-05,2
17813,713,2026-05-15,2
17814,713,2026-05-19,2
17815,713,2026-05-25,2
17816,713,2026-06-05,1
17817,713,2026-06-11,2
17818,713,2026-06-16,2
17819,713,2026-06-23,2
17820,713,2026-07-02,2
17821,713,2026-07-06,2
17822,713,2026-07-13,2
17823,713,2026-07-24,2
17824,713,2026-07-27,2
17825,713,2026-08-07,2
17826,714,2026-02-19,1
17827,714,2026-02-23,2
17828,714,2026-03-05,2
17829,714,2026-03-12,2
17830,714,2026-03-17,2
17831,714,2026-03-23,2
17832,714,2026-03-30,3
17833,714,2026-04-09,2
17834,714,2026-04-15,1
17835,714,2026-04-22,2
17836,714,2026-04-29,2
17837,714,2026-05-07,2
17838,714,2026-05-15,1
17839,714,2026-05-21,3
17840,714,2026-05-27,2
17841,714,2026-06-03,2
17842,714,2026-06-11,2
17843,714,2026-06-19,2
17844,714,2026-06-25,3
17845,714,2026-07-01,3
17846,714,2026-07-08,3
17847,714,2026-07-15,1
17848,714,2026-07-23,2
17849,714,2026-07-29,2
17850,714,2026-08-03,2
17851,715,2026-02-18,3
17852,715,2026-02-26,3
17853,715,2026-03-05,3
17854,715,2026-03-11,2
17855,715,2026-03-16,2
17856,715,2026-03-23,3
17857,715,2026-03-30,3
17858,715,2026-04-09,2
17859,715,2026-04-17,3
17860,715,2026-04-23,3
17861,715,2026-04-29,2
17862,715,2026-05-08,3
17863,715,2026-05-14,2
17864,715,2026-05-22,3
17865,715,2026-05-26,3
17866,715,2026-06-03,2
17867,715,2026-06-08,2
17868,715,2026-06-17,3
17869,715,2026-06-22,1
17870,715,2026-07-02,1
17871,715,2026-07-09,2
17872,715,2026-07-15,2
17873,715,2026-07-22,2
17874,715,2026-07-29,3
17875,715,2026-08-03,2
17876,716,2026-02-17,2
17877,716,2026-02-25,2
17878,716,2026-03-04,1
17879,716,2026-03-11,3
17880,716,2026-03-16,2
17881,716,2026-03-27,1
17882,716,2026-04-03,2
17883,716,2026-04-10,2
17884,716,2026-04-16,2
17885,716,2026-04-22,2
17886,716,2026-04-27,1
17887,716,2026-05-05,3
17888,716,2026-05-12,3
17889,716,2026-05-19,2
17890,716,2026-05-29,2
17891,716,2026-06-04,2
17892,716,2026-06-12,2
17893,716,2026-06-18,2
17894,716,2026-06-22,2
17895,716,2026-07-03,1
17896,716,2026-07-07,2
17897,716,2026-07-15,2
17898,716,2026-07-23,1
17899,716,2026-07-27,2
17900,716,2026-08-03,2
17901,717,2026-02-16,2
17902,717,2026-02-24,3
17903,717,2026-03-05,1
17904,717,2026-03-10,1
17905,717,2026-03-16,2
17906,717,2026-03-27,2
17907,717,2026-04-01,2
17908,717,2026-04-08,3
17909,717,2026-04-14,2
17910,717,2026-04-21,2
17911,717,2026-05-01,1
17912,717,2026-05-07,1
17913,717,2026-05-11,2
17914,717,2026-05-19,2
17915,717,2026-05-25,2
17916,717,2026-06-03,2
17917,717,2026-06-08,2
17918,717,2026-06-19,2
17919,717,2026-06-26,1
17920,717,2026-07-03,2
17921,717,2026-07-07,2
17922,717,2026-07-13,1
17923,717,2026-07-24,2
17924,717,2026-07-29,2
17925,717,2026-08-03,2
17926,718,2026-02-18,2
17927,718,2026-02-27,1
17928,718,2026-03-02,2
17929,718,2026-03-13,1
17930,718,2026-03-19,2
17931,718,2026-03-23,2
17932,718,2026-04-03,2
17933,718,2026-04-09,2
17934,718,2026-04-17,2
17935,718,2026-04-23,3
17936,718,2026-05-01,2
17937,718,2026-05-07,2
17938,718,2026-05-12,2
17939,718,2026-05-20,2
17940,718,2026-05-27,2
17941,718,2026-06-02,2
17942,718,2026-06-12,2
17943,718,2026-06-17,2
17944,718,2026-06-22,1
17945,718,2026-06-30,1
17946,718,2026-07-08,1
17947,718,2026-07-16,2
17948,718,2026-07-24,2
17949,718,2026-07-29,1
17950,718,2026-08-07,1
17951,719,2026-02-18,1
17952,719,2026-02-25,2
17953,719,2026-03-02,3
17954,719,2026-03-12,2
17955,719,2026-03-17,2
17956,719,2026-03-25,1
17957,719,2026-04-02,1
17958,719,2026-04-09,1
17959,719,2026-04-15,1
17960,719,2026-04-24,1
17961,719,2026-04-27,1
17962,719,2026-05-08,1
17963,719,2026-05-13,1
17964,719,2026-05-21,2
17965,719,2026-05-26,1
17966,719,2026-06-05,3
17967,719,2026-06-10,1
17968,719,2026-06-15,2
17969,719,2026-06-24,2
17970,719,2026-07-03,1
17971,719,2026-07-10,3
17972,719,2026-07-13,2
17973,719,2026-07-21,2
17974,719,2026-07-30,3
17975,719,2026-08-03,1
17976,720,2026-02-20,2
17977,720,2026-02-25,1
17978,720,2026-03-04,2
17979,720,2026-03-10,2
17980,720,2026-03-16,2
17981,720,2026-03-24,2
17982,720,2026-03-30,2
17983,720,2026-04-08,1
17984,720,2026-04-17,2
17985,720,2026-04-24,1
17986,720,2026-04-28,2
17987,720,2026-05-06,2
17988,720,2026-05-15,2
17989,720,2026-05-20,2
17990,720,2026-05-29,2
17991,720,2026-06-01,2
17992,720,2026-06-11,2
17993,720,2026-06-16,2
17994,720,2026-06-24,2
17995,720,2026-06-30,1
17996,720,2026-07-06,2
17997,720,2026-07-14,2
17998,720,2026-07-20,2
17999,720,2026-07-31,2
18000,720,2026-08-06,2
18001,721,2026-02-19,2
18002,721,2026-02-25,2
18003,721,2026-03-06,2
18004,721,2026-03-12,2
18005,721,2026-03-19,2
18006,721,2026-03-25,2
18007,721,2026-04-03,2
18008,721,2026-04-08,1
18009,721,2026-04-13,2
18010,721,2026-04-22,3
18011,721,2026-04-27,2
18012,721,2026-05-08,3
18013,721,2026-05-14,2
18014,721,2026-05-20,2
18015,721,2026-05-29,2
18016,721,2026-06-02,2
18017,721,2026-06-09,1
18018,721,2026-06-15,2
18019,721,2026-06-26,1
18020,721,2026-07-03,3
18021,721,2026-07-07,3
18022,721,2026-07-17,3
18023,721,2026-07-22,2
18024,721,2026-07-31,1
18025,721,2026-08-06,3
18026,722,2026-02-18,2
18027,722,2026-02-23,2
18028,722,2026-03-06,3
18029,722,2026-03-12,1
18030,722,2026-03-17,3
18031,722,2026-03-24,2
18032,722,2026-03-31,3
18033,722,2026-04-07,2
18034,722,2026-04-16,1
18035,722,2026-04-20,3
18036,722,2026-04-29,2
18037,722,2026-05-08,3
18038,722,2026-05-14,2
18039,722,2026-05-22,3
18040,722,2026-05-27,2
18041,722,2026-06-02,3
18042,722,2026-06-11,3
18043,722,2026-06-18,2
18044,722,2026-06-25,2
18045,722,2026-07-01,3
18046,722,2026-07-10,2
18047,722,2026-07-14,2
18048,722,2026-07-20,2
18049,722,2026-07-30,2
18050,722,2026-08-04,2
18051,723,2026-02-19,2
18052,723,2026-02-26,2
18053,723,2026-03-03,1
18054,723,2026-03-13,1
18055,723,2026-03-17,2
18056,723,2026-03-23,2
18057,723,2026-04-01,2
18058,723,2026-04-06,2
18059,723,2026-04-17,2
18060,723,2026-04-20,2
18061,723,2026-04-30,2
18062,723,2026-05-08,2
18063,723,2026-05-15,1
18064,723,2026-05-19,2
18065,723,2026-05-27,2
18066,723,2026-06-02,2
18067,723,2026-06-11,2
18068,723,2026-06-17,2
18069,723,2026-06-24,2
18070,723,2026-07-03,2
18071,723,2026-07-08,2
18072,723,2026-07-16,2
18073,723,2026-07-24,2
18074,723,2026-07-31,2
18075,723,2026-08-07,2
18076,724,2026-02-19,1
18077,724,2026-02-24,2
18078,724,2026-03-03,2
18079,724,2026-03-10,2
18080,724,2026-03-19,2
18081,724,2026-03-24,2
18082,724,2026-03-31,2
18083,724,2026-04-09,2
18084,724,2026-04-13,2
18085,724,2026-04-23,3
18086,724,2026-05-01,2
18087,724,2026-05-08,2
18088,724,2026-05-15,2
18089,724,2026-05-18,2
18090,724,2026-05-26,3
18091,724,2026-06-02,2
18092,724,2026-06-09,2
18093,724,2026-06-18,2
18094,724,2026-06-26,3
18095,724,2026-06-29,3
18096,724,2026-07-06,2
18097,724,2026-07-16,2
18098,724,2026-07-22,2
18099,724,2026-07-29,1
18100,724,2026-08-07,2
18101,725,2026-02-16,2
18102,725,2026-02-27,2
18103,725,2026-03-04,2
18104,725,2026-03-12,2
18105,725,2026-03-19,2
18106,725,2026-03-27,2
18107,725,2026-04-01,2
18108,725,2026-04-08,2
18109,725,2026-04-13,2
18110,725,2026-04-23,2
18111,725,2026-04-30,2
18112,725,2026-05-07,2
18113,725,2026-05-13,2
18114,725,2026-05-20,2
18115,725,2026-05-26,2
18116,725,2026-06-05,2
18117,725,2026-06-12,2
18118,725,2026-06-15,3
18119,725,2026-06-26,2
18120,725,2026-07-03,2
18121,725,2026-07-10,2
18122,725,2026-07-13,2
18123,725,2026-07-23,2
18124,725,2026-07-28,3
18125,725,2026-08-06,3
18126,726,2026-02-16,3
18127,726,2026-02-25,1
18128,726,2026-03-06,3
18129,726,2026-03-09,3
18130,726,2026-03-18,2
18131,726,2026-03-26,2
18132,726,2026-04-03,2
18133,726,2026-04-06,2
18134,726,2026-04-17,2
18135,726,2026-04-24,2
18136,726,2026-04-29,3
18137,726,2026-05-06,3
18138,726,2026-05-15,2
18139,726,2026-05-22,1
18140,726,2026-05-28,3
18141,726,2026-06-02,1
18142,726,2026-06-11,1
18143,726,2026-06-19,3
18144,726,2026-06-23,3
18145,726,2026-07-03,2
18146,726,2026-07-08,3
18147,726,2026-07-17,2
18148,726,2026-07-24,2
18149,726,2026-07-30,2
18150,726,2026-08-06,3
18151,727,2026-02-20,2
18152,727,2026-02-23,2
18153,727,2026-03-03,2
18154,727,2026-03-09,2
18155,727,2026-03-19,2
18156,727,2026-03-26,2
18157,727,2026-03-30,1
18158,727,2026-04-07,2
18159,727,2026-04-14,2
18160,727,2026-04-24,2
18161,727,2026-04-30,3
18162,727,2026-05-04,2
18163,727,2026-05-12,2
18164,727,2026-05-18,3
18165,727,2026-05-29,2
18166,727,2026-06-01,3
18167,727,2026-06-10,2
18168,727,2026-06-15,2
18169,727,2026-06-26,2
18170,727,2026-07-03,2
18171,727,2026-07-06,1
18172,727,2026-07-14,1
18173,727,2026-07-24,2
18174,727,2026-07-31,2
18175,727,2026-08-07,2
18176,728,2026-02-16,1
18177,728,2026-02-27,2
18178,728,2026-03-03,3
18179,728,2026-03-09,1
18180,728,2026-03-19,1
18181,728,2026-03-23,2
18182,728,2026-04-02,1
18183,728,2026-04-09,2
18184,728,2026-04-17,2
18185,728,2026-04-20,1
18186,728,2026-04-27,1
18187,728,2026-05-04,2
18188,728,2026-05-14,1
18189,728,2026-05-22,1
18190,728,2026-05-26,2
18191,728,2026-06-02,2
18192,728,2026-06-11,3
18193,728,2026-06-16,1
18194,728,2026-06-26,3
18195,728,2026-07-03,1
18196,728,2026-07-07,1
18197,728,2026-07-16,2
18198,728,2026-07-24,3
18199,728,2026-07-31,2
18200,728,2026-08-04,2
18201,729,2026-02-18,2
18202,729,2026-02-27,2
18203,729,2026-03-05,1
18204,729,2026-03-11,2
18205,729,2026-03-20,2
18206,729,2026-03-26,2
18207,729,2026-03-30,2
18208,729,2026-04-07,3
18209,729,2026-04-15,2
18210,729,2026-04-20,2
18211,729,2026-04-30,2
18212,729,2026-05-07,2
18213,729,2026-05-13,2
18214,729,2026-05-21,3
18215,729,2026-05-29,3
18216,729,2026-06-05,3
18217,729,2026-06-11,2
18218,729,2026-06-19,3
18219,729,2026-06-23,3
18220,729,2026-06-30,2
18221,729,2026-07-08,3
18222,729,2026-07-15,3
18223,729,2026-07-23,2
18224,729,2026-07-27,2
18225,729,2026-08-06,1
18226,730,2026-02-17,2
18227,730,2026-02-23,2
18228,730,2026-03-03,2
18229,730,2026-03-10,2
18230,730,2026-03-16,2
18231,730,2026-03-25,3
18232,730,2026-04-01,3
18233,730,2026-04-08,1
18234,730,2026-04-13,2
18235,730,2026-04-22,1
18236,730,2026-04-30,2
18237,730,2026-05-04,1
18238,730,2026-05-13,2
18239,730,2026-05-19,2
18240,730,2026-05-25,1
18241,730,2026-06-05,2
18242,730,2026-06-11,3
18243,730,2026-06-19,2
18244,730,2026-06-26,2
18245,730,2026-06-30,3
18246,730,2026-07-10,2
18247,730,2026-07-15,2
18248,730,2026-07-22,3
18249,730,2026-07-29,2
18250,730,2026-08-03,3
18251,731,2026-02-18,2
18252,731,2026-02-27,2
18253,731,2026-03-06,2
18254,731,2026-03-10,2
18255,731,2026-03-16,2
18256,731,2026-03-23,2
18257,731,2026-04-01,3
18258,731,2026-04-06,2
18259,731,2026-04-15,3
18260,731,2026-04-23,2
18261,731,2026-04-27,2
18262,731,2026-05-04,1
18263,731,2026-05-12,2
18264,731,2026-05-19,2
18265,731,2026-05-27,2
18266,731,2026-06-01,2
18267,731,2026-06-09,2
18268,731,2026-06-18,2
18269,731,2026-06-26,1
18270,731,2026-07-02,2
18271,731,2026-07-06,2
18272,731,2026-07-15,2
18273,731,2026-07-23,2
18274,731,2026-07-31,2
18275,731,2026-08-07,3
18276,732,2026-02-16,3
18277,732,2026-02-27,1
18278,732,2026-03-05,2
18279,732,2026-03-12,3
18280,732,2026-03-20,3
18281,732,2026-03-26,2
18282,732,2026-04-03,2
18283,732,2026-04-06,2
18284,732,2026-04-14,1
18285,732,2026-04-21,2
18286,732,2026-04-29,2
18287,732,2026-05-06,1
18288,732,2026-05-13,1
18289,732,2026-05-21,2
18290,732,2026-05-29,2
18291,732,2026-06-03,3
18292,732,2026-06-10,3
18293,732,2026-06-18,2
18294,732,2026-06-25,1
18295,732,2026-07-03,3
18296,732,2026-07-08,2
18297,732,2026-07-13,2
18298,732,2026-07-21,3
18299,732,2026-07-30,2
18300,732,2026-08-06,2
18301,733,2026-02-16,1
18302,733,2026-02-23,2
18303,733,2026-03-05,2
18304,733,2026-03-10,1
18305,733,2026-03-17,3
18306,733,2026-03-27,2
18307,733,2026-04-01,2
18308,733,2026-04-09,3
18309,733,2026-04-14,2
18310,733,2026-04-23,2
18311,733,2026-05-01,2
18312,733,2026-05-05,1
18313,733,2026-05-11,2
18314,733,2026-05-20,3
18315,733,2026-05-29,3
18316,733,2026-06-04,3
18317,733,2026-06-10,1
18318,733,2026-06-18,2
18319,733,2026-06-23,2
18320,733,2026-07-03,1
18321,733,2026-07-07,2
18322,733,2026-07-16,2
18323,733,2026-07-21,3
18324,733,2026-07-27,3
18325,733,2026-08-07,2
18326,734,2026-02-20,2
18327,734,2026-02-24,2
18328,734,2026-03-02,3
18329,734,2026-03-10,3
18330,734,2026-03-20,2
18331,734,2026-03-23,2
18332,734,2026-04-01,1
18333,734,2026-04-10,2
18334,734,2026-04-15,2
18335,734,2026-04-22,1
18336,734,2026-04-28,1
18337,734,2026-05-05,2
18338,734,2026-05-12,2
18339,734,2026-05-19,3
18340,734,2026-05-27,1
18341,734,2026-06-01,1
18342,734,2026-06-11,2
18343,734,2026-06-17,2
18344,734,2026-06-22,1
18345,734,2026-07-03,1
18346,734,2026-07-08,1
18347,734,2026-07-15,2
18348,734,2026-07-24,2
18349,734,2026-07-28,1
18350,734,2026-08-07,1
18351,735,2026-02-19,2
18352,735,2026-02-23,3
18353,735,2026-03-05,3
18354,735,2026-03-10,2
18355,735,2026-03-18,2
18356,735,2026-03-25,3
18357,735,2026-04-02,3
18358,735,2026-04-09,2
18359,735,2026-04-15,1
18360,735,2026-04-23,3
18361,735,2026-04-28,3
18362,735,2026-05-04,2
18363,735,2026-05-13,2
18364,735,2026-05-22,1
18365,735,2026-05-27,3
18366,735,2026-06-05,3
18367,735,2026-06-10,1
18368,735,2026-06-15,3
18369,735,2026-06-25,1
18370,735,2026-07-01,3
18371,735,2026-07-10,3
18372,735,2026-07-13,1
18373,735,2026-07-23,3
18374,735,2026-07-27,3
18375,735,2026-08-06,2
18376,736,2026-02-18,1
18377,736,2026-02-23,3
18378,736,2026-03-03,2
18379,736,2026-03-10,2
18380,736,2026-03-16,2
18381,736,2026-03-27,3
18382,736,2026-03-30,2
18383,736,2026-04-09,2
18384,736,2026-04-17,3
18385,736,2026-04-24,2
18386,736,2026-04-27,3
18387,736,2026-05-06,2
18388,736,2026-05-11,2
18389,736,2026-05-19,2
18390,736,2026-05-27,2
18391,736,2026-06-03,2
18392,736,2026-06-11,2
18393,736,2026-06-18,2
18394,736,2026-06-22,2
18395,736,2026-07-03,2
18396,736,2026-07-08,2
18397,736,2026-07-17,1
18398,736,2026-07-21,3
18399,736,2026-07-30,3
18400,736,2026-08-06,3
18401,737,2026-02-16,2
18402,737,2026-02-24,2
18403,737,2026-03-06,1
18404,737,2026-03-10,2
18405,737,2026-03-20,2
18406,737,2026-03-26,2
18407,737,2026-04-01,2
18408,737,2026-04-07,1
18409,737,2026-04-14,2
18410,737,2026-04-20,2
18411,737,2026-04-28,2
18412,737,2026-05-07,2
18413,737,2026-05-13,1
18414,737,2026-05-18,2
18415,737,2026-05-29,2
18416,737,2026-06-05,2
18417,737,2026-06-11,1
18418,737,2026-06-16,2
18419,737,2026-06-22,2
18420,737,2026-07-03,2
18421,737,2026-07-07,2
18422,737,2026-07-16,2
18423,737,2026-07-23,2
18424,737,2026-07-30,2
18425,737,2026-08-06,2
18426,738,2026-02-20,2
18427,738,2026-02-26,2
18428,738,2026-03-05,2
18429,738,2026-03-12,2
18430,738,2026-03-19,2
18431,738,2026-03-23,2
18432,738,2026-03-30,2
18433,738,2026-04-07,2
18434,738,2026-04-15,2
18435,738,2026-04-23,2
18436,738,2026-04-28,2
18437,738,2026-05-06,3
18438,738,2026-05-12,3
18439,738,2026-05-18,3
18440,738,2026-05-26,3
18441,738,2026-06-02,2
18442,738,2026-06-09,2
18443,738,2026-06-16,3
18444,738,2026-06-24,2
18445,738,2026-07-03,3
18446,738,2026-07-10,3
18447,738,2026-07-17,3
18448,738,2026-07-20,2
18449,738,2026-07-27,2
18450,738,2026-08-04,3
18451,739,2026-02-19,2
18452,739,2026-02-27,3
18453,739,2026-03-03,2
18454,739,2026-03-12,2
18455,739,2026-03-19,2
18456,739,2026-03-25,2
18457,739,2026-04-03,1
18458,739,2026-04-06,2
18459,739,2026-04-13,2
18460,739,2026-04-23,2
18461,739,2026-04-30,2
18462,739,2026-05-08,2
18463,739,2026-05-11,2
18464,739,2026-05-20,2
18465,739,2026-05-26,2
18466,739,2026-06-03,2
18467,739,2026-06-10,2
18468,739,2026-06-18,2
18469,739,2026-06-22,3
18470,739,2026-07-01,2
18471,739,2026-07-08,1
18472,739,2026-07-13,3
18473,739,2026-07-24,2
18474,739,2026-07-28,3
18475,739,2026-08-04,2
18476,740,2026-02-18,2
18477,740,2026-02-23,3
18478,740,2026-03-05,2
18479,740,2026-03-11,1
18480,740,2026-03-19,1
18481,740,2026-03-25,2
18482,740,2026-04-02,2
18483,740,2026-04-08,3
18484,740,2026-04-14,3
18485,740,2026-04-23,2
18486,740,2026-04-27,2
18487,740,2026-05-04,2
18488,740,2026-05-15,1
18489,740,2026-05-21,3
18490,740,2026-05-26,2
18491,740,2026-06-04,2
18492,740,2026-06-09,3
18493,740,2026-06-18,3
18494,740,2026-06-23,2
18495,740,2026-06-29,2
18496,740,2026-07-10,2
18497,740,2026-07-17,2
18498,740,2026-07-22,2
18499,740,2026-07-30,2
18500,740,2026-08-07,2
18501,741,2026-02-18,2
18502,741,2026-02-27,3
18503,741,2026-03-03,2
18504,741,2026-03-10,3
18505,741,2026-03-19,3
18506,741,2026-03-26,3
18507,741,2026-04-02,2
18508,741,2026-04-08,2
18509,741,2026-04-13,2
18510,741,2026-04-22,2
18511,741,2026-05-01,2
18512,741,2026-05-04,2
18513,741,2026-05-11,2
18514,741,2026-05-19,2
18515,741,2026-05-29,2
18516,741,2026-06-03,3
18517,741,2026-06-08,2
18518,741,2026-06-16,2
18519,741,2026-06-24,2
18520,741,2026-07-01,2
18521,741,2026-07-06,2
18522,741,2026-07-14,3
18523,741,2026-07-22,2
18524,741,2026-07-29,2
18525,741,2026-08-05,2
18526,742,2026-02-19,2
18527,742,2026-02-26,2
18528,742,2026-03-03,2
18529,742,2026-03-10,2
18530,742,2026-03-20,2
18531,742,2026-03-27,2
18532,742,2026-03-31,2
18533,742,2026-04-10,2
18534,742,2026-04-13,2
18535,742,2026-04-22,2
18536,742,2026-04-30,2
18537,742,2026-05-05,1
18538,742,2026-05-12,2
18539,742,2026-05-18,1
18540,742,2026-05-27,2
18541,742,2026-06-03,2
18542,742,2026-06-10,2
18543,742,2026-06-18,2
18544,742,2026-06-22,2
18545,742,2026-07-01,2
18546,742,2026-07-09,2
18547,742,2026-07-15,1
18548,742,2026-07-24,1
18549,742,2026-07-28,3
18550,742,2026-08-04,2
18551,743,2026-02-16,1
18552,743,2026-02-23,2
18553,743,2026-03-04,1
18554,743,2026-03-13,2
18555,743,2026-03-19,1
18556,743,2026-03-27,3
18557,743,2026-04-03,1
18558,743,2026-04-09,1
18559,743,2026-04-17,3
18560,743,2026-04-22,3
18561,743,2026-04-28,2
18562,743,2026-05-04,2
18563,743,2026-05-12,1
18564,743,2026-05-18,3
18565,743,2026-05-27,3
18566,743,2026-06-01,3
18567,743,2026-06-12,1
18568,743,2026-06-17,3
18569,743,2026-06-24,2
18570,743,2026-06-30,3
18571,743,2026-07-09,3
18572,743,2026-07-16,2
18573,743,2026-07-23,3
18574,743,2026-07-30,2
18575,743,2026-08-03,2
18576,744,2026-02-17,2
18577,744,2026-02-23,1
18578,744,2026-03-06,2
18579,744,2026-03-11,2
18580,744,2026-03-20,3
18581,744,2026-03-23,3
18582,744,2026-03-30,2
18583,744,2026-04-06,1
18584,744,2026-04-17,2
18585,744,2026-04-23,1
18586,744,2026-04-28,1
18587,744,2026-05-04,2
18588,744,2026-05-13,2
18589,744,2026-05-19,2
18590,744,2026-05-29,3
18591,744,2026-06-01,2
18592,744,2026-06-10,2
18593,744,2026-06-15,1
18594,744,2026-06-22,2
18595,744,2026-07-01,2
18596,744,2026-07-07,1
18597,744,2026-07-16,3
18598,744,2026-07-23,3
18599,744,2026-07-31,2
18600,744,2026-08-06,3
18601,745,2026-02-16,1
18602,745,2026-02-23,1
18603,745,2026-03-05,2
18604,745,2026-03-13,1
18605,745,2026-03-16,2
18606,745,2026-03-27,2
18607,745,2026-04-02,3
18608,745,2026-04-06,1
18609,745,2026-04-13,3
18610,745,2026-04-24,1
18611,745,2026-04-30,2
18612,745,2026-05-08,2
18613,745,2026-05-13,1
18614,745,2026-05-21,2
18615,745,2026-05-27,3
18616,745,2026-06-02,2
18617,745,2026-06-10,1
18618,745,2026-06-18,2
18619,745,2026-06-22,1
18620,745,2026-07-02,2
18621,745,2026-07-10,1
18622,745,2026-07-13,2
18623,745,2026-07-21,3
18624,745,2026-07-30,1
18625,745,2026-08-07,1
18626,746,2026-02-17,2
18627,746,2026-02-23,1
18628,746,2026-03-04,3
18629,746,2026-03-11,3
18630,746,2026-03-17,3
18631,746,2026-03-24,2
18632,746,2026-03-30,2
18633,746,2026-04-09,2
18634,746,2026-04-13,2
18635,746,2026-04-20,2
18636,746,2026-04-28,2
18637,746,2026-05-05,2
18638,746,2026-05-11,1
18639,746,2026-05-19,2
18640,746,2026-05-29,3
18641,746,2026-06-04,1
18642,746,2026-06-10,2
18643,746,2026-06-17,1
18644,746,2026-06-22,2
18645,746,2026-07-01,1
18646,746,2026-07-07,3
18647,746,2026-07-14,2
18648,746,2026-07-22,2
18649,746,2026-07-27,2
18650,746,2026-08-03,2
18651,747,2026-02-17,3
18652,747,2026-02-23,3
18653,747,2026-03-05,1
18654,747,2026-03-12,2
18655,747,2026-03-19,1
18656,747,2026-03-23,3
18657,747,2026-03-30,2
18658,747,2026-04-08,3
18659,747,2026-04-13,2
18660,747,2026-04-22,2
18661,747,2026-04-29,2
18662,747,2026-05-08,1
18663,747,2026-05-15,2
18664,747,2026-05-19,1
18665,747,2026-05-25,2
18666,747,2026-06-01,2
18667,747,2026-06-11,3
18668,747,2026-06-18,3
18669,747,2026-06-23,2
18670,747,2026-06-30,2
18671,747,2026-07-10,2
18672,747,2026-07-14,1
18673,747,2026-07-21,2
18674,747,2026-07-28,3
18675,747,2026-08-04,3
18676,748,2026-02-16,2
18677,748,2026-02-23,2
18678,748,2026-03-04,3
18679,748,2026-03-10,2
18680,748,2026-03-20,2
18681,748,2026-03-24,1
18682,748,2026-03-31,2
18683,748,2026-04-07,1
18684,748,2026-04-13,3
18685,748,2026-04-22,2
18686,748,2026-04-30,2
18687,748,2026-05-05,2
18688,748,2026-05-11,3
18689,748,2026-05-18,2
18690,748,2026-05-29,2
18691,748,2026-06-01,1
18692,748,2026-06-08,2
18693,748,2026-06-15,2
18694,748,2026-06-23,2
18695,748,2026-07-01,3
18696,748,2026-07-10,2
18697,748,2026-07-15,2
18698,748,2026-07-21,2
18699,748,2026-07-28,2
18700,748,2026-08-07,2
18701,749,2026-02-17,1
18702,749,2026-02-24,2
18703,749,2026-03-03,2
18704,749,2026-03-11,3
18705,749,2026-03-17,3
18706,749,2026-03-27,2
18707,749,2026-04-02,2
18708,749,2026-04-06,2
18709,749,2026-04-14,1
18710,749,2026-04-21,2
18711,749,2026-04-28,1
18712,749,2026-05-08,1
18713,749,2026-05-13,2
18714,749,2026-05-20,2
18715,749,2026-05-28,2
18716,749,2026-06-03,2
18717,749,2026-06-10,2
18718,749,2026-06-16,2
18719,749,2026-06-23,2
18720,749,2026-07-01,2
18721,749,2026-07-07,2
18722,749,2026-07-17,2
18723,749,2026-07-23,3
18724,749,2026-07-29,2
18725,749,2026-08-05,3
18726,750,2026-02-19,3
18727,750,2026-02-26,2
18728,750,2026-03-02,2
18729,750,2026-03-10,2
18730,750,2026-03-18,2
18731,750,2026-03-27,1
18732,750,2026-04-03,2
18733,750,2026-04-09,2
18734,750,2026-04-16,1
18735,750,2026-04-21,3
18736,750,2026-04-29,2
18737,750,2026-05-05,2
18738,750,2026-05-11,1
18739,750,2026-05-22,2
18740,750,2026-05-27,1
18741,750,2026-06-02,1
18742,750,2026-06-11,2
18743,750,2026-06-18,2
18744,750,2026-06-25,2
18745,750,2026-06-30,2
18746,750,2026-07-08,2
18747,750,2026-07-17,1
18748,750,2026-07-24,2
18749,750,2026-07-29,2
18750,750,2026-08-04,2
18751,751,2026-02-19,2
18752,751,2026-02-24,2
18753,751,2026-03-04,3
18754,751,2026-03-12,2
18755,751,2026-03-16,2
18756,751,2026-03-25,2
18757,751,2026-03-31,2
18758,751,2026-04-09,3
18759,751,2026-04-16,3
18760,751,2026-04-22,1
18761,751,2026-04-29,2
18762,751,2026-05-08,3
18763,751,2026-05-11,2
18764,751,2026-05-20,2
18765,751,2026-05-28,2
18766,751,2026-06-04,3
18767,751,2026-06-09,2
18768,751,2026-06-17,1
18769,751,2026-06-23,2
18770,751,2026-07-03,3
18771,751,2026-07-06,3
18772,751,2026-07-17,2
18773,751,2026-07-23,2
18774,751,2026-07-30,2
18775,751,2026-08-05,2
18776,752,2026-02-18,3
18777,752,2026-02-26,3
18778,752,2026-03-04,1
18779,752,2026-03-10,2
18780,752,2026-03-17,2
18781,752,2026-03-26,2
18782,752,2026-04-03,2
18783,752,2026-04-08,3
18784,752,2026-04-14,3
18785,752,2026-04-22,3
18786,752,2026-04-30,2
18787,752,2026-05-06,2
18788,752,2026-05-14,3
18789,752,2026-05-21,2
18790,752,2026-05-27,2
18791,752,2026-06-02,2
18792,752,2026-06-10,2
18793,752,2026-06-16,2
18794,752,2026-06-26,2
18795,752,2026-07-03,3
18796,752,2026-07-09,2
18797,752,2026-07-14,2
18798,752,2026-07-24,2
18799,752,2026-07-31,2
18800,752,2026-08-05,2
18801,753,2026-02-17,2
18802,753,2026-02-25,2
18803,753,2026-03-03,2
18804,753,2026-03-12,2
18805,753,2026-03-19,2
18806,753,2026-03-27,2
18807,753,2026-03-31,1
18808,753,2026-04-08,2
18809,753,2026-04-13,1
18810,753,2026-04-22,3
18811,753,2026-04-30,2
18812,753,2026-05-04,2
18813,753,2026-05-12,2
18814,753,2026-05-21,2
18815,753,2026-05-28,2
18816,753,2026-06-02,2
18817,753,2026-06-12,2
18818,753,2026-06-16,2
18819,753,2026-06-24,3
18820,753,2026-07-01,2
18821,753,2026-07-07,1
18822,753,2026-07-15,2
18823,753,2026-07-23,2
18824,753,2026-07-31,2
18825,753,2026-08-05,1
18826,754,2026-02-19,3
18827,754,2026-02-24,2
18828,754,2026-03-06,2
18829,754,2026-03-09,2
18830,754,2026-03-19,3
18831,754,2026-03-23,3
18832,754,2026-04-02,2
18833,754,2026-04-10,2
18834,754,2026-04-14,2
18835,754,2026-04-22,2
18836,754,2026-05-01,2
18837,754,2026-05-07,3
18838,754,2026-05-15,2
18839,754,2026-05-19,1
18840,754,2026-05-29,2
18841,754,2026-06-05,2
18842,754,2026-06-12,2
18843,754,2026-06-15,2
18844,754,2026-06-25,3
18845,754,2026-06-29,2
18846,754,2026-07-08,2
18847,754,2026-07-14,3
18848,754,2026-07-24,3
18849,754,2026-07-27,2
18850,754,2026-08-03,3
18851,755,2026-02-20,1
18852,755,2026-02-24,3
18853,755,2026-03-05,3
18854,755,2026-03-09,1
18855,755,2026-03-16,2
18856,755,2026-03-24,2
18857,755,2026-03-30,3
18858,755,2026-04-09,2
18859,755,2026-04-14,2
18860,755,2026-04-23,3
18861,755,2026-04-28,3
18862,755,2026-05-07,3
18863,755,2026-05-11,2
18864,755,2026-05-21,2
18865,755,2026-05-26,2
18866,755,2026-06-01,1
18867,755,2026-06-08,3
18868,755,2026-06-17,3
18869,755,2026-06-26,1
18870,755,2026-07-03,2
18871,755,2026-07-09,3
18872,755,2026-07-16,2
18873,755,2026-07-24,3
18874,755,2026-07-27,2
18875,755,2026-08-07,2
18876,756,2026-02-19,1
18877,756,2026-02-25,1
18878,756,2026-03-06,2
18879,756,2026-03-10,2
18880,756,2026-03-16,2
18881,756,2026-03-24,2
18882,756,2026-03-30,2
18883,756,2026-04-08,2
18884,756,2026-04-16,1
18885,756,2026-04-21,3
18886,756,2026-05-01,2
18887,756,2026-05-06,2
18888,756,2026-05-14,1
18889,756,2026-05-21,3
18890,756,2026-05-26,2
18891,756,2026-06-03,1
18892,756,2026-06-10,1
18893,756,2026-06-16,1
18894,756,2026-06-26,1
18895,756,2026-06-30,2
18896,756,2026-07-09,2
18897,756,2026-07-15,1
18898,756,2026-07-22,1
18899,756,2026-07-30,2
18900,756,2026-08-04,2
18901,757,2026-02-20,2
18902,757,2026-02-23,3
18903,757,2026-03-05,2
18904,757,2026-03-10,2
18905,757,2026-03-20,2
18906,757,2026-03-27,2
18907,757,2026-04-01,2
18908,757,2026-04-06,2
18909,757,2026-04-14,1
18910,757,2026-04-23,3
18911,757,2026-05-01,3
18912,757,2026-05-06,3
18913,757,2026-05-15,2
18914,757,2026-05-18,2
18915,757,2026-05-25,2
18916,757,2026-06-02,2
18917,757,2026-06-11,1
18918,757,2026-06-18,3
18919,757,2026-06-24,2
18920,757,2026-07-03,3
18921,757,2026-07-09,3
18922,757,2026-07-13,2
18923,757,2026-07-24,3
18924,757,2026-07-30,3
18925,757,2026-08-06,1
18926,758,2026-02-19,2
18927,758,2026-02-27,3
18928,758,2026-03-03,3
18929,758,2026-03-10,2
18930,758,2026-03-18,2
18931,758,2026-03-24,2
18932,758,2026-04-03,2
18933,758,2026-04-06,2
18934,758,2026-04-13,2
18935,758,2026-04-20,2
18936,758,2026-04-30,2
18937,758,2026-05-04,2
18938,758,2026-05-12,2
18939,758,2026-05-20,2
18940,758,2026-05-29,2
18941,758,2026-06-01,2
18942,758,2026-06-08,2
18943,758,2026-06-18,3
18944,758,2026-06-23,1
18945,758,2026-07-03,2
18946,758,2026-07-10,2
18947,758,2026-07-15,1
18948,758,2026-07-24,2
18949,758,2026-07-27,2
18950,758,2026-08-03,2
18951,759,2026-02-17,1
18952,759,2026-02-24,2
18953,759,2026-03-04,2
18954,759,2026-03-11,2
18955,759,2026-03-17,2
18956,759,2026-03-26,1
18957,759,2026-04-02,1
18958,759,2026-04-09,1
18959,759,2026-04-14,1
18960,759,2026-04-22,2
18961,759,2026-05-01,2
18962,759,2026-05-04,1
18963,759,2026-05-13,1
18964,759,2026-05-18,1
18965,759,2026-05-29,2
18966,759,2026-06-05,3
18967,759,2026-06-10,2
18968,759,2026-06-15,2
18969,759,2026-06-22,2
18970,759,2026-06-29,2
18971,759,2026-07-09,2
18972,759,2026-07-16,2
18973,759,2026-07-24,2
18974,759,2026-07-28,2
18975,759,2026-08-03,2
18976,760,2026-02-18,2
18977,760,2026-02-27,2
18978,760,2026-03-02,1
18979,760,2026-03-09,2
18980,760,2026-03-19,2
18981,760,2026-03-23,1
18982,760,2026-04-01,2
18983,760,2026-04-10,2
18984,760,2026-04-17,1
18985,760,2026-04-20,2
18986,760,2026-04-27,1
18987,760,2026-05-04,2
18988,760,2026-05-13,3
18989,760,2026-05-19,2
18990,760,2026-05-25,2
18991,760,2026-06-02,2
18992,760,2026-06-12,2
18993,760,2026-06-19,2
18994,760,2026-06-25,1
18995,760,2026-07-02,2
18996,760,2026-07-06,2
18997,760,2026-07-16,3
18998,760,2026-07-24,2
18999,760,2026-07-27,2
19000,760,2026-08-03,2
19001,761,2026-02-20,1
19002,761,2026-02-23,2
19003,761,2026-03-03,2
19004,761,2026-03-11,1
19005,761,2026-03-17,2
19006,761,2026-03-23,2
19007,761,2026-03-31,1
19008,761,2026-04-08,1
19009,761,2026-04-17,3
19010,761,2026-04-22,2
19011,761,2026-04-29,2
19012,761,2026-05-08,1
19013,761,2026-05-13,3
19014,761,2026-05-19,3
19015,761,2026-05-25,2
19016,761,2026-06-02,3
19017,761,2026-06-10,2
19018,761,2026-06-16,2
19019,761,2026-06-22,2
19020,761,2026-07-02,2
19021,761,2026-07-06,2
19022,761,2026-07-16,2
19023,761,2026-07-24,2
19024,761,2026-07-27,3
19025,761,2026-08-06,2
19026,762,2026-02-16,2
19027,762,2026-02-24,1
19028,762,2026-03-06,2
19029,762,2026-03-12,1
19030,762,2026-03-16,2
19031,762,2026-03-23,1
19032,762,2026-04-01,2
19033,762,2026-04-09,2
19034,762,2026-04-13,1
19035,762,2026-04-20,1
19036,762,2026-04-30,2
19037,762,2026-05-04,2
19038,762,2026-05-12,2
19039,762,2026-05-19,2
19040,762,2026-05-25,2
19041,762,2026-06-05,2
19042,762,2026-06-10,1
19043,762,2026-06-15,2
19044,762,2026-06-23,2
19045,762,2026-07-01,2
19046,762,2026-07-09,2
19047,762,2026-07-13,1
19048,762,2026-07-21,2
19049,762,2026-07-31,1
19050,762,2026-08-07,1
19051,763,2026-02-18,3
19052,763,2026-02-23,3
19053,763,2026-03-02,2
19054,763,2026-03-10,2
19055,763,2026-03-20,3
19056,763,2026-03-26,2
19057,763,2026-04-01,1
19058,763,2026-04-08,3
19059,763,2026-04-14,2
19060,763,2026-04-23,3
19061,763,2026-04-27,2
19062,763,2026-05-08,2
19063,763,2026-05-12,2
19064,763,2026-05-21,1
19065,763,2026-05-28,1
19066,763,2026-06-05,2
19067,763,2026-06-10,3
19068,763,2026-06-18,3
19069,763,2026-06-25,1
19070,763,2026-07-01,3
19071,763,2026-07-09,2
19072,763,2026-07-14,3
19073,763,2026-07-24,2
19074,763,2026-07-27,3
19075,763,2026-08-04,3
19076,764,2026-02-16,2
19077,764,2026-02-23,2
19078,764,2026-03-05,1
19079,764,2026-03-11,1
19080,764,2026-03-20,3
19081,764,2026-03-23,2
19082,764,2026-04-02,3
19083,764,2026-04-06,1
19084,764,2026-04-17,1
19085,764,2026-04-22,1
19086,764,2026-04-28,2
19087,764,2026-05-05,2
19088,764,2026-05-12,2
19089,764,2026-05-18,2
19090,764,2026-05-27,2
19091,764,2026-06-03,2
19092,764,2026-06-08,2
19093,764,2026-06-15,3
19094,764,2026-06-23,3
19095,764,2026-06-29,2
19096,764,2026-07-08,2
19097,764,2026-07-14,3
19098,764,2026-07-22,3
19099,764,2026-07-27,3
19100,764,2026-08-06,2
19101,765,2026-02-19,2
19102,765,2026-02-24,2
19103,765,2026-03-05,2
19104,765,2026-03-09,1
19105,765,2026-03-19,1
19106,765,2026-03-27,1
19107,765,2026-04-01,2
19108,765,2026-04-08,2
19109,765,2026-04-15,2
19110,765,2026-04-21,3
19111,765,2026-04-29,2
19112,765,2026-05-05,3
19113,765,2026-05-14,1
19114,765,2026-05-20,2
19115,765,2026-05-25,1
19116,765,2026-06-01,2
19117,765,2026-06-09,1
19118,765,2026-06-17,2
19119,765,2026-06-24,1
19120,765,2026-07-02,2
19121,765,2026-07-06,1
19122,765,2026-07-16,2
19123,765,2026-07-24,2
19124,765,2026-07-31,2
19125,765,2026-08-07,3
19126,766,2026-02-18,1
19127,766,2026-02-27,1
19128,766,2026-03-06,2
19129,766,2026-03-11,1
19130,766,2026-03-19,1
19131,766,2026-03-26,2
19132,766,2026-04-03,2
19133,766,2026-04-08,2
19134,766,2026-04-17,2
19135,766,2026-04-24,2
19136,766,2026-05-01,2
19137,766,2026-05-05,3
19138,766,2026-05-11,1
19139,766,2026-05-18,1
19140,766,2026-05-27,2
19141,766,2026-06-01,2
19142,766,2026-06-12,1
19143,766,2026-06-17,2
19144,766,2026-06-25,2
19145,766,2026-07-02,1
19146,766,2026-07-08,2
19147,766,2026-07-16,2
19148,766,2026-07-21,2
19149,766,2026-07-29,1
19150,766,2026-08-05,1
19151,767,2026-02-18,2
19152,767,2026-02-24,3
19153,767,2026-03-03,3
19154,767,2026-03-12,1
19155,767,2026-03-16,1
19156,767,2026-03-26,2
19157,767,2026-03-31,2
19158,767,2026-04-09,2
19159,767,2026-04-16,2
19160,767,2026-04-21,2
19161,767,2026-04-29,2
19162,767,2026-05-07,2
19163,767,2026-05-13,2
19164,767,2026-05-18,2
19165,767,2026-05-27,2
19166,767,2026-06-04,1
19167,767,2026-06-08,1
19168,767,2026-06-18,1
19169,767,2026-06-22,1
19170,767,2026-06-29,2
19171,767,2026-07-06,3
19172,767,2026-07-15,1
19173,767,2026-07-22,2
19174,767,2026-07-27,2
19175,767,2026-08-04,1
19176,768,2026-02-19,2
19177,768,2026-02-27,1
19178,768,2026-03-05,2
19179,768,2026-03-10,3
19180,768,2026-03-18,2
19181,768,2026-03-23,1
19182,768,2026-04-03,1
19183,768,2026-04-09,2
19184,768,2026-04-13,2
19185,768,2026-04-20,2
19186,768,2026-04-27,1
19187,768,2026-05-07,3
19188,768,2026-05-14,2
19189,768,2026-05-22,2
19190,768,2026-05-29,2
19191,768,2026-06-01,3
19192,768,2026-06-10,2
19193,768,2026-06-15,3
19194,768,2026-06-25,2
19195,768,2026-06-30,3
19196,768,2026-07-10,1
19197,768,2026-07-14,2
19198,768,2026-07-20,2
19199,768,2026-07-30,3
19200,768,2026-08-06,3
19201,769,2026-02-17,2
19202,769,2026-02-27,2
19203,769,2026-03-02,3
19204,769,2026-03-09,3
19205,769,2026-03-18,2
19206,769,2026-03-24,3
19207,769,2026-03-31,2
19208,769,2026-04-07,3
19209,769,2026-04-14,3
19210,769,2026-04-24,3
19211,769,2026-04-28,3
19212,769,2026-05-05,3
19213,769,2026-05-12,2
19214,769,2026-05-22,3
19215,769,2026-05-26,2
19216,769,2026-06-03,3
19217,769,2026-06-08,3
19218,769,2026-06-19,3
19219,769,2026-06-24,2
19220,769,2026-07-02,3
19221,769,2026-07-08,2
19222,769,2026-07-14,2
19223,769,2026-07-24,2
19224,769,2026-07-28,3
19225,769,2026-08-05,1
19226,770,2026-02-20,2
19227,770,2026-02-27,1
19228,770,2026-03-04,3
19229,770,2026-03-09,1
19230,770,2026-03-16,1
19231,770,2026-03-25,1
19232,770,2026-03-30,2
19233,770,2026-04-06,2
19234,770,2026-04-17,2
19235,770,2026-04-22,1
19236,770,2026-04-30,2
19237,770,2026-05-08,2
19238,770,2026-05-11,2
19239,770,2026-05-19,2
19240,770,2026-05-27,2
19241,770,2026-06-01,1
19242,770,2026-06-08,2
19243,770,2026-06-16,3
19244,770,2026-06-24,1
19245,770,2026-06-29,3
19246,770,2026-07-08,2
19247,770,2026-07-14,2
19248,770,2026-07-22,1
19249,770,2026-07-30,2
19250,770,2026-08-04,2
19251,771,2026-02-20,2
19252,771,2026-02-27,2
19253,771,2026-03-03,2
19254,771,2026-03-09,2
19255,771,2026-03-19,2
19256,771,2026-03-25,2
19257,771,2026-03-30,1
19258,771,2026-04-08,1
19259,771,2026-04-16,2
19260,771,2026-04-24,1
19261,771,2026-04-27,2
19262,771,2026-05-08,1
19263,771,2026-05-14,1
19264,771,2026-05-22,1
19265,771,2026-05-26,2
19266,771,2026-06-01,3
19267,771,2026-06-09,1
19268,771,2026-06-19,2
19269,771,2026-06-22,2
19270,771,2026-06-29,2
19271,771,2026-07-06,2
19272,771,2026-07-15,2
19273,771,2026-07-20,2
19274,771,2026-07-31,2
19275,771,2026-08-05,1
19276,772,2026-02-17,2
19277,772,2026-02-25,2
19278,772,2026-03-02,2
19279,772,2026-03-13,2
19280,772,2026-03-18,1
19281,772,2026-03-24,2
19282,772,2026-04-03,2
19283,772,2026-04-06,2
19284,772,2026-04-15,2
19285,772,2026-04-22,3
19286,772,2026-04-30,2
19287,772,2026-05-08,1
19288,772,2026-05-14,2
19289,772,2026-05-21,2
19290,772,2026-05-27,2
19291,772,2026-06-02,2
19292,772,2026-06-12,2
19293,772,2026-06-15,2
19294,772,2026-06-23,2
19295,772,2026-06-29,3
19296,772,2026-07-10,2
19297,772,2026-07-17,2
19298,772,2026-07-24,2
19299,772,2026-07-28,2
19300,772,2026-08-03,2
19301,773,2026-02-17,2
19302,773,2026-02-25,2
19303,773,2026-03-05,2
19304,773,2026-03-13,1
19305,773,2026-03-16,2
19306,773,2026-03-24,2
19307,773,2026-04-02,2
19308,773,2026-04-10,1
19309,773,2026-04-17,2
19310,773,2026-04-20,2
19311,773,2026-04-28,3
19312,773,2026-05-04,2
19313,773,2026-05-12,2
19314,773,2026-05-22,2
19315,773,2026-05-28,2
19316,773,2026-06-03,2
19317,773,2026-06-09,2
19318,773,2026-06-18,2
19319,773,2026-06-26,2
19320,773,2026-07-03,2
19321,773,2026-07-06,2
19322,773,2026-07-15,1
19323,773,2026-07-22,3
19324,773,2026-07-31,2
19325,773,2026-08-05,3
19326,774,2026-02-19,2
19327,774,2026-02-25,1
19328,774,2026-03-06,1
19329,774,2026-03-13,1
19330,774,2026-03-18,1
19331,774,2026-03-23,1
19332,774,2026-04-03,2
19333,774,2026-04-08,2
19334,774,2026-04-14,2
19335,774,2026-04-24,2
19336,774,2026-04-27,2
19337,774,2026-05-07,1
19338,774,2026-05-15,2
19339,774,2026-05-21,2
19340,774,2026-05-29,1
19341,774,2026-06-01,1
19342,774,2026-06-10,1
19343,774,2026-06-17,1
19344,774,2026-06-23,2
19345,774,2026-07-03,1
19346,774,2026-07-10,2
19347,774,2026-07-17,1
19348,774,2026-07-23,1
19349,774,2026-07-27,1
19350,774,2026-08-06,1
19351,775,2026-02-16,2
19352,775,2026-02-26,3
19353,775,2026-03-04,3
19354,775,2026-03-12,1
19355,775,2026-03-19,2
19356,775,2026-03-24,1
19357,775,2026-03-31,1
19358,775,2026-04-09,1
19359,775,2026-04-15,2
19360,775,2026-04-22,2
19361,775,2026-04-30,1
19362,775,2026-05-04,3
19363,775,2026-05-11,3
19364,775,2026-05-21,2
19365,775,2026-05-27,1
19366,775,2026-06-02,2
19367,775,2026-06-11,1
19368,775,2026-06-18,1
19369,775,2026-06-22,3
19370,775,2026-06-30,1
19371,775,2026-07-09,1
19372,775,2026-07-17,2
19373,775,2026-07-20,2
19374,775,2026-07-29,2
19375,775,2026-08-07,2
19376,776,2026-02-16,2
19377,776,2026-02-24,3
19378,776,2026-03-04,1
19379,776,2026-03-10,3
19380,776,2026-03-16,3
19381,776,2026-03-27,2
19382,776,2026-04-01,2
19383,776,2026-04-07,3
19384,776,2026-04-16,3
19385,776,2026-04-23,3
19386,776,2026-05-01,3
19387,776,2026-05-08,2
19388,776,2026-05-12,2
19389,776,2026-05-22,3
19390,776,2026-05-28,2
19391,776,2026-06-03,3
19392,776,2026-06-10,2
19393,776,2026-06-17,3
19394,776,2026-06-25,2
19395,776,2026-07-02,3
19396,776,2026-07-07,2
19397,776,2026-07-15,2
19398,776,2026-07-20,3
19399,776,2026-07-31,2
19400,776,2026-08-05,3
19401,777,2026-02-17,2
19402,777,2026-02-24,2
19403,777,2026-03-04,2
19404,777,2026-03-10,3
19405,777,2026-03-17,3
19406,777,2026-03-25,2
19407,777,2026-04-03,2
19408,777,2026-04-06,2
19409,777,2026-04-13,1
19410,777,2026-04-22,2
19411,777,2026-04-27,2
19412,777,2026-05-07,3
19413,777,2026-05-12,2
19414,777,2026-05-20,2
19415,777,2026-05-25,3
19416,777,2026-06-03,2
19417,777,2026-06-10,2
19418,777,2026-06-16,2
19419,777,2026-06-25,2
19420,777,2026-07-03,2
19421,777,2026-07-06,2
19422,777,2026-07-15,3
19423,777,2026-07-24,2
19424,777,2026-07-29,3
19425,777,2026-08-05,2
19426,778,2026-02-18,2
19427,778,2026-02-27,3
19428,778,2026-03-02,3
19429,778,2026-03-12,2
19430,778,2026-03-17,2
19431,778,2026-03-26,2
19432,778,2026-04-03,1
19433,778,2026-04-09,2
19434,778,2026-04-13,2
19435,778,2026-04-21,2
19436,778,2026-04-29,1
19437,778,2026-05-05,2
19438,778,2026-05-13,2
19439,778,2026-05-21,1
19440,778,2026-05-25,1
19441,778,2026-06-02,2
19442,778,2026-06-09,2
19443,778,2026-06-16,2
19444,778,2026-06-23,2
19445,778,2026-07-03,3
19446,778,2026-07-08,2
19447,778,2026-07-17,2
19448,778,2026-07-22,2
19449,778,2026-07-29,2
19450,778,2026-08-04,2
19451,779,2026-02-16,1
19452,779,2026-02-25,3
19453,779,2026-03-06,2
19454,779,2026-03-10,2
19455,779,2026-03-20,2
19456,779,2026-03-26,1
19457,779,2026-03-31,2
19458,779,2026-04-06,3
19459,779,2026-04-15,2
19460,779,2026-04-20,1
19461,779,2026-04-28,1
19462,779,2026-05-08,3
19463,779,2026-05-14,3
19464,779,2026-05-21,3
19465,779,2026-05-26,2
19466,779,2026-06-05,1
19467,779,2026-06-12,2
19468,779,2026-06-15,2
19469,779,2026-06-25,3
19470,779,2026-06-30,2
19471,779,2026-07-06,2
19472,779,2026-07-16,2
19473,779,2026-07-22,2
19474,779,2026-07-28,2
19475,779,2026-08-07,3
19476,780,2026-02-17,2
19477,780,2026-02-23,2
19478,780,2026-03-04,2
19479,780,2026-03-09,2
19480,780,2026-03-19,2
19481,780,2026-03-26,2
19482,780,2026-04-03,2
19483,780,2026-04-07,1
19484,780,2026-04-13,3
19485,780,2026-04-22,3
19486,780,2026-04-28,2
19487,780,2026-05-08,2
19488,780,2026-05-12,3
19489,780,2026-05-21,2
19490,780,2026-05-28,2
19491,780,2026-06-05,2
19492,780,2026-06-09,2
19493,780,2026-06-18,2
19494,780,2026-06-22,2
19495,780,2026-07-02,2
19496,780,2026-07-07,3
19497,780,2026-07-14,2
19498,780,2026-07-22,2
19499,780,2026-07-27,2
19500,780,2026-08-04,2
19501,781,2026-02-17,2
19502,781,2026-02-27,2
19503,781,2026-03-03,2
19504,781,2026-03-13,2
19505,781,2026-03-16,2
19506,781,2026-03-25,2
19507,781,2026-04-03,2
19508,781,2026-04-08,2
19509,781,2026-04-13,2
19510,781,2026-04-21,2
19511,781,2026-04-28,2
19512,781,2026-05-04,2
19513,781,2026-05-14,2
19514,781,2026-05-18,2
19515,781,2026-05-29,2
19516,781,2026-06-01,2
19517,781,2026-06-08,1
19518,781,2026-06-19,2
19519,781,2026-06-23,1
19520,781,2026-06-30,2
19521,781,2026-07-07,2
19522,781,2026-07-15,2
19523,781,2026-07-24,1
19524,781,2026-07-28,2
19525,781,2026-08-06,2
19526,782,2026-02-19,2
19527,782,2026-02-23,2
19528,782,2026-03-06,3
19529,782,2026-03-09,2
19530,782,2026-03-16,2
19531,782,2026-03-23,3
19532,782,2026-03-30,1
19533,782,2026-04-07,3
19534,782,2026-04-17,2
19535,782,2026-04-22,3
19536,782,2026-04-30,2
19537,782,2026-05-04,2
19538,782,2026-05-14,2
19539,782,2026-05-19,2
19540,782,2026-05-26,2
19541,782,2026-06-03,2
19542,782,2026-06-11,3
19543,782,2026-06-17,2
19544,782,2026-06-25,2
19545,782,2026-06-29,2
19546,782,2026-07-10,2
19547,782,2026-07-15,3
19548,782,2026-07-22,2
19549,782,2026-07-31,2
19550,782,2026-08-05,2
19551,783,2026-02-19,3
19552,783,2026-02-27,2
19553,783,2026-03-06,2
19554,783,2026-03-10,2
19555,783,2026-03-17,2
19556,783,2026-03-23,2
19557,783,2026-04-01,2
19558,783,2026-04-08,2
19559,783,2026-04-14,2
19560,783,2026-04-21,2
19561,783,2026-04-28,1
19562,783,2026-05-04,2
19563,783,2026-05-14,2
19564,783,2026-05-21,2
19565,783,2026-05-28,2
19566,783,2026-06-05,2
19567,783,2026-06-08,2
19568,783,2026-06-17,2
19569,783,2026-06-24,2
19570,783,2026-07-02,2
19571,783,2026-07-08,2
19572,783,2026-07-16,2
19573,783,2026-07-22,2
19574,783,2026-07-28,3
19575,783,2026-08-06,2
19576,784,2026-02-16,2
19577,784,2026-02-27,2
19578,784,2026-03-04,1
19579,784,2026-03-11,2
19580,784,2026-03-17,2
19581,784,2026-03-27,2
19582,784,2026-03-30,2
19583,784,2026-04-06,3
19584,784,2026-04-16,3
19585,784,2026-04-23,3
19586,784,2026-04-30,2
19587,784,2026-05-07,2
19588,784,2026-05-14,2
19589,784,2026-05-20,2
19590,784,2026-05-25,2
19591,784,2026-06-03,2
19592,784,2026-06-09,2
19593,784,2026-06-18,2
19594,784,2026-06-25,2
19595,784,2026-06-29,2
19596,784,2026-07-07,2
19597,784,2026-07-13,2
19598,784,2026-07-24,2
19599,784,2026-07-28,3
19600,784,2026-08-07,2
19601,785,2026-02-18,2
19602,785,2026-02-26,2
19603,785,2026-03-06,2
19604,785,2026-03-09,2
19605,785,2026-03-19,1
19606,785,2026-03-23,1
19607,785,2026-04-03,2
19608,785,2026-04-06,2
19609,785,2026-04-14,2
19610,785,2026-04-21,2
19611,785,2026-04-28,1
19612,785,2026-05-04,2
19613,785,2026-05-11,2
19614,785,2026-05-21,3
19615,785,2026-05-28,2
19616,785,2026-06-05,1
19617,785,2026-06-11,2
19618,785,2026-06-15,2
19619,785,2026-06-25,2
19620,785,2026-07-02,1
19621,785,2026-07-09,2
19622,785,2026-07-14,3
19623,785,2026-07-22,3
19624,785,2026-07-28,1
19625,785,2026-08-04,1
19626,786,2026-02-17,2
19627,786,2026-02-26,3
19628,786,2026-03-02,2
19629,786,2026-03-13,2
19630,786,2026-03-18,3
19631,786,2026-03-27,1
19632,786,2026-03-31,1
19633,786,2026-04-06,1
19634,786,2026-04-14,1
19635,786,2026-04-23,2
19636,786,2026-05-01,2
19637,786,2026-05-06,3
19638,786,2026-05-15,3
19639,786,2026-05-20,2
19640,786,2026-05-28,2
19641,786,2026-06-02,3
19642,786,2026-06-11,2
19643,786,2026-06-15,2
19644,786,2026-06-22,2
19645,786,2026-07-01,2
19646,786,2026-07-07,2
19647,786,2026-07-17,2
19648,786,2026-07-22,2
19649,786,2026-07-28,3
19650,786,2026-08-03,2
19651,787,2026-02-16,2
19652,787,2026-02-24,1
19653,787,2026-03-05,1
19654,787,2026-03-11,2
19655,787,2026-03-17,1
19656,787,2026-03-27,3
19657,787,2026-04-03,1
19658,787,2026-04-10,3
19659,787,2026-04-14,3
19660,787,2026-04-21,1
19661,787,2026-04-27,2
19662,787,2026-05-05,3
19663,787,2026-05-12,1
19664,787,2026-05-20,1
19665,787,2026-05-28,3
19666,787,2026-06-03,2
19667,787,2026-06-12,1
19668,787,2026-06-19,3
19669,787,2026-06-25,2
19670,787,2026-07-02,2
19671,787,2026-07-10,3
19672,787,2026-07-14,1
19673,787,2026-07-21,3
19674,787,2026-07-30,3
19675,787,2026-08-07,1
19676,788,2026-02-16,2
19677,788,2026-02-26,2
19678,788,2026-03-06,1
19679,788,2026-03-10,1
19680,788,2026-03-19,2
19681,788,2026-03-26,2
19682,788,2026-04-01,1
19683,788,2026-04-10,3
19684,788,2026-04-13,1
19685,788,2026-04-22,1
19686,788,2026-04-28,2
19687,788,2026-05-08,2
19688,788,2026-05-12,1
19689,788,2026-05-18,1
19690,788,2026-05-25,2
19691,788,2026-06-01,2
19692,788,2026-06-10,2
19693,788,2026-06-15,1
19694,788,2026-06-25,1
19695,788,2026-07-01,1
19696,788,2026-07-07,1
19697,788,2026-07-16,2
19698,788,2026-07-23,1
19699,788,2026-07-29,1
19700,788,2026-08-04,3
19701,789,2026-02-19,2
19702,789,2026-02-24,2
19703,789,2026-03-04,2
19704,789,2026-03-09,2
19705,789,2026-03-17,2
19706,789,2026-03-26,1
19707,789,2026-03-31,2
19708,789,2026-04-08,2
19709,789,2026-04-15,3
19710,789,2026-04-22,2
19711,789,2026-04-28,2
19712,789,2026-05-05,2
19713,789,2026-05-14,3
19714,789,2026-05-20,2
19715,789,2026-05-28,3
19716,789,2026-06-03,2
19717,789,2026-06-11,2
19718,789,2026-06-19,3
19719,789,2026-06-25,1
19720,789,2026-07-02,2
19721,789,2026-07-08,2
19722,789,2026-07-17,3
19723,789,2026-07-23,2
19724,789,2026-07-31,2
19725,789,2026-08-05,1
19726,790,2026-02-19,2
19727,790,2026-02-24,2
19728,790,2026-03-03,2
19729,790,2026-03-11,2
19730,790,2026-03-20,2
19731,790,2026-03-25,2
19732,790,2026-04-01,3
19733,790,2026-04-06,1
19734,790,2026-04-13,3
19735,790,2026-04-22,3
19736,790,2026-04-30,2
19737,790,2026-05-05,2
19738,790,2026-05-13,2
19739,790,2026-05-18,1
19740,790,2026-05-28,1
19741,790,2026-06-05,2
19742,790,2026-06-09,2
19743,790,2026-06-19,2
19744,790,2026-06-25,2
19745,790,2026-07-01,2
19746,790,2026-07-09,1
19747,790,2026-07-17,2
19748,790,2026-07-22,1
19749,790,2026-07-27,3
19750,790,2026-08-04,2
19751,791,2026-02-19,2
19752,791,2026-02-24,2
19753,791,2026-03-05,2
19754,791,2026-03-12,2
19755,791,2026-03-19,3
19756,791,2026-03-24,2
19757,791,2026-04-03,3
19758,791,2026-04-07,3
19759,791,2026-04-15,2
19760,791,2026-04-20,2
19761,791,2026-05-01,2
19762,791,2026-05-07,2
19763,791,2026-05-15,2
19764,791,2026-05-19,1
19765,791,2026-05-27,2
19766,791,2026-06-03,2
19767,791,2026-06-09,2
19768,791,2026-06-15,2
19769,791,2026-06-23,3
19770,791,2026-07-03,3
19771,791,2026-07-06,2
19772,791,2026-07-15,3
19773,791,2026-07-23,2
19774,791,2026-07-29,1
19775,791,2026-08-03,2
19776,792,2026-02-17,2
19777,792,2026-02-24,3
19778,792,2026-03-04,2
19779,792,2026-03-12,2
19780,792,2026-03-19,2
19781,792,2026-03-27,2
19782,792,2026-03-30,2
19783,792,2026-04-08,2
19784,792,2026-04-15,2
19785,792,2026-04-23,1
19786,792,2026-05-01,2
19787,792,2026-05-07,2
19788,792,2026-05-12,2
19789,792,2026-05-20,3
19790,792,2026-05-25,2
19791,792,2026-06-05,2
19792,792,2026-06-10,2
19793,792,2026-06-15,2
19794,792,2026-06-25,1
19795,792,2026-06-29,1
19796,792,2026-07-07,2
19797,792,2026-07-14,2
19798,792,2026-07-24,3
19799,792,2026-07-31,3
19800,792,2026-08-04,2
19801,793,2026-02-18,3
19802,793,2026-02-26,1
19803,793,2026-03-06,1
19804,793,2026-03-10,1
19805,793,2026-03-17,1
19806,793,2026-03-24,2
19807,793,2026-04-02,2
19808,793,2026-04-07,2
19809,793,2026-04-13,3
19810,793,2026-04-24,2
19811,793,2026-04-29,2
19812,793,2026-05-06,1
19813,793,2026-05-11,2
19814,793,2026-05-21,1
19815,793,2026-05-28,2
19816,793,2026-06-04,2
19817,793,2026-06-11,2
19818,793,2026-06-15,2
19819,793,2026-06-25,1
19820,793,2026-06-30,2
19821,793,2026-07-09,2
19822,793,2026-07-14,3
19823,793,2026-07-21,1
19824,793,2026-07-31,1
19825,793,2026-08-06,2
19826,794,2026-02-16,3
19827,794,2026-02-23,3
19828,794,2026-03-02,2
19829,794,2026-03-10,3
19830,794,2026-03-17,2
19831,794,2026-03-23,1
19832,794,2026-03-30,3
19833,794,2026-04-10,2
19834,794,2026-04-15,1
19835,794,2026-04-24,2
19836,794,2026-04-29,2
19837,794,2026-05-05,3
19838,794,2026-05-14,2
19839,794,2026-05-20,2
19840,794,2026-05-29,2
19841,794,2026-06-02,1
19842,794,2026-06-09,2
19843,794,2026-06-16,2
19844,794,2026-06-25,2
19845,794,2026-07-02,1
19846,794,2026-07-10,3
19847,794,2026-07-16,2
19848,794,2026-07-20,2
19849,794,2026-07-31,2
19850,794,2026-08-04,3
19851,795,2026-02-20,2
19852,795,2026-02-26,2
19853,795,2026-03-05,2
19854,795,2026-03-09,1
19855,795,2026-03-17,2
19856,795,2026-03-26,2
19857,795,2026-03-30,2
19858,795,2026-04-08,2
19859,795,2026-04-15,2
19860,795,2026-04-24,3
19861,795,2026-04-29,2
19862,795,2026-05-07,2
19863,795,2026-05-15,2
19864,795,2026-05-19,2
19865,795,2026-05-25,1
19866,795,2026-06-05,2
19867,795,2026-06-10,3
19868,795,2026-06-18,2
19869,795,2026-06-24,2
19870,795,2026-07-03,2
19871,795,2026-07-06,2
19872,795,2026-07-13,2
19873,795,2026-07-21,2
19874,795,2026-07-28,3
19875,795,2026-08-05,2
19876,796,2026-02-18,1
19877,796,2026-02-23,1
19878,796,2026-03-06,1
19879,796,2026-03-10,1
19880,796,2026-03-18,1
19881,796,2026-03-23,3
19882,796,2026-03-30,1
19883,796,2026-04-06,2
19884,796,2026-04-13,2
19885,796,2026-04-22,1
19886,796,2026-04-29,1
19887,796,2026-05-07,1
19888,796,2026-05-11,1
19889,796,2026-05-21,1
19890,796,2026-05-27,2
19891,796,2026-06-05,2
19892,796,2026-06-08,1
19893,796,2026-06-19,1
19894,796,2026-06-22,1
19895,796,2026-06-30,1
19896,796,2026-07-10,2
19897,796,2026-07-17,2
19898,796,2026-07-24,1
19899,796,2026-07-27,2
19900,796,2026-08-05,2
19901,797,2026-02-16,3
19902,797,2026-02-23,1
19903,797,2026-03-04,2
19904,797,2026-03-09,2
19905,797,2026-03-18,3
19906,797,2026-03-24,2
19907,797,2026-03-30,2
19908,797,2026-04-08,2
19909,797,2026-04-16,3
19910,797,2026-04-23,2
19911,797,2026-05-01,3
19912,797,2026-05-06,3
19913,797,2026-05-11,2
19914,797,2026-05-19,1
19915,797,2026-05-27,2
19916,797,2026-06-02,1
19917,797,2026-06-12,2
19918,797,2026-06-15,3
19919,797,2026-06-24,2
19920,797,2026-07-03,2
19921,797,2026-07-07,2
19922,797,2026-07-16,2
19923,797,2026-07-22,1
19924,797,2026-07-30,1
19925,797,2026-08-05,2
19926,798,2026-02-20,2
19927,798,2026-02-23,1
19928,798,2026-03-03,2
19929,798,2026-03-09,2
19930,798,2026-03-20,2
19931,798,2026-03-23,2
19932,798,2026-03-30,3
19933,798,2026-04-09,2
19934,798,2026-04-17,3
19935,798,2026-04-22,3
19936,798,2026-04-30,2
19937,798,2026-05-06,2
19938,798,2026-05-14,2
19939,798,2026-05-18,2
19940,798,2026-05-28,3
19941,798,2026-06-04,2
19942,798,2026-06-12,2
19943,798,2026-06-17,2
19944,798,2026-06-22,3
19945,798,2026-06-29,2
19946,798,2026-07-10,1
19947,798,2026-07-13,2
19948,798,2026-07-21,3
19949,798,2026-07-30,1
19950,798,2026-08-03,2
19951,799,2026-02-20,1
19952,799,2026-02-27,1
19953,799,2026-03-06,2
19954,799,2026-03-10,1
19955,799,2026-03-19,2
19956,799,2026-03-23,2
19957,799,2026-04-02,1
19958,799,2026-04-06,3
19959,799,2026-04-13,2
19960,799,2026-04-22,1
19961,799,2026-05-01,1
19962,799,2026-05-07,1
19963,799,2026-05-14,2
19964,799,2026-05-22,2
19965,799,2026-05-28,1
19966,799,2026-06-01,2
19967,799,2026-06-08,2
19968,799,2026-06-19,1
19969,799,2026-06-26,2
19970,799,2026-07-02,2
19971,799,2026-07-09,1
19972,799,2026-07-16,1
19973,799,2026-07-22,3
19974,799,2026-07-31,1
19975,799,2026-08-07,1
19976,800,2026-02-17,2
19977,800,2026-02-24,3
19978,800,2026-03-05,2
19979,800,2026-03-09,3
19980,800,2026-03-19,3
19981,800,2026-03-23,3
19982,800,2026-04-01,3
19983,800,2026-04-06,2
19984,800,2026-04-15,1
19985,800,2026-04-24,2
19986,800,2026-04-28,1
19987,800,2026-05-06,3
19988,800,2026-05-12,3
19989,800,2026-05-20,1
19990,800,2026-05-27,2
19991,800,2026-06-05,3
19992,800,2026-06-08,1
19993,800,2026-06-19,3
19994,800,2026-06-24,2
19995,800,2026-07-02,2
19996,800,2026-07-08,2
19997,800,2026-07-16,2
19998,800,2026-07-21,1
19999,800,2026-07-31,2
20000,800,2026-08-05,2
20001,801,2026-02-18,1
20002,801,2026-02-24,1
20003,801,2026-03-03,2
20004,801,2026-03-13,1
20005,801,2026-03-20,1
20006,801,2026-03-27,2
20007,801,2026-03-31,1
20008,801,2026-04-08,2
20009,801,2026-04-14,2
20010,801,2026-04-23,2
20011,801,2026-04-30,2
20012,801,2026-05-05,2
20013,801,2026-05-11,1
20014,801,2026-05-21,1
20015,801,2026-05-28,1
20016,801,2026-06-03,2
20017,801,2026-06-12,2
20018,801,2026-06-15,2
20019,801,2026-06-22,2
20020,801,2026-07-01,1
20021,801,2026-07-10,1
20022,801,2026-07-15,1
20023,801,2026-07-23,2
20024,801,2026-07-30,2
20025,801,2026-08-07,2
20026,802,2026-02-20,3
20027,802,2026-02-24,1
20028,802,2026-03-02,2
20029,802,2026-03-10,3
20030,802,2026-03-16,2
20031,802,2026-03-24,2
20032,802,2026-04-03,2
20033,802,2026-04-08,2
20034,802,2026-04-14,2
20035,802,2026-04-21,3
20036,802,2026-04-30,3
20037,802,2026-05-05,2
20038,802,2026-05-14,3
20039,802,2026-05-21,3
20040,802,2026-05-28,2
20041,802,2026-06-05,2
20042,802,2026-06-12,2
20043,802,2026-06-16,3
20044,802,2026-06-24,2
20045,802,2026-07-01,2
20046,802,2026-07-06,3
20047,802,2026-07-15,2
20048,802,2026-07-20,2
20049,802,2026-07-28,1
20050,802,2026-08-05,2
20051,803,2026-02-20,2
20052,803,2026-02-25,3
20053,803,2026-03-04,3
20054,803,2026-03-12,3
20055,803,2026-03-16,2
20056,803,2026-03-24,2
20057,803,2026-03-30,2
20058,803,2026-04-10,2
20059,803,2026-04-16,3
20060,803,2026-04-21,3
20061,803,2026-04-27,2
20062,803,2026-05-08,1
20063,803,2026-05-15,2
20064,803,2026-05-21,3
20065,803,2026-05-26,3
20066,803,2026-06-01,3
20067,803,2026-06-11,2
20068,803,2026-06-16,2
20069,803,2026-06-26,2
20070,803,2026-06-30,2
20071,803,2026-07-09,3
20072,803,2026-07-16,2
20073,803,2026-07-23,2
20074,803,2026-07-30,2
20075,803,2026-08-03,3
20076,804,2026-02-20,2
20077,804,2026-02-25,2
20078,804,2026-03-03,2
20079,804,2026-03-11,3
20080,804,2026-03-17,2
20081,804,2026-03-26,2
20082,804,2026-04-03,3
20083,804,2026-04-09,2
20084,804,2026-04-14,2
20085,804,2026-04-20,2
20086,804,2026-05-01,2
20087,804,2026-05-04,2
20088,804,2026-05-11,2
20089,804,2026-05-21,2
20090,804,2026-05-25,2
20091,804,2026-06-02,2
20092,804,2026-06-08,2
20093,804,2026-06-15,2
20094,804,2026-06-23,2
20095,804,2026-07-01,3
20096,804,2026-07-07,2
20097,804,2026-07-14,1
20098,804,2026-07-22,2
20099,804,2026-07-29,2
20100,804,2026-08-06,2
20101,805,2026-02-16,2
20102,805,2026-02-25,2
20103,805,2026-03-05,1
20104,805,2026-03-12,1
20105,805,2026-03-19,2
20106,805,2026-03-23,2
20107,805,2026-04-03,1
20108,805,2026-04-09,2
20109,805,2026-04-13,2
20110,805,2026-04-24,2
20111,805,2026-05-01,1
20112,805,2026-05-07,2
20113,805,2026-05-11,2
20114,805,2026-05-21,2
20115,805,2026-05-27,2
20116,805,2026-06-05,2
20117,805,2026-06-11,1
20118,805,2026-06-17,1
20119,805,2026-06-25,2
20120,805,2026-07-02,2
20121,805,2026-07-09,2
20122,805,2026-07-16,3
20123,805,2026-07-22,2
20124,805,2026-07-27,2
20125,805,2026-08-07,1
20126,806,2026-02-19,2
20127,806,2026-02-27,2
20128,806,2026-03-03,3
20129,806,2026-03-10,3
20130,806,2026-03-18,3
20131,806,2026-03-25,3
20132,806,2026-03-30,2
20133,806,2026-04-06,3
20134,806,2026-04-17,2
20135,806,2026-04-22,3
20136,806,2026-04-28,2
20137,806,2026-05-05,3
20138,806,2026-05-13,2
20139,806,2026-05-19,3
20140,806,2026-05-28,2
20141,806,2026-06-03,3
20142,806,2026-06-09,2
20143,806,2026-06-18,3
20144,806,2026-06-26,2
20145,806,2026-06-30,3
20146,806,2026-07-07,3
20147,806,2026-07-14,2
20148,806,2026-07-20,2
20149,806,2026-07-31,3
20150,806,2026-08-03,2
20151,807,2026-02-17,2
20152,807,2026-02-27,2
20153,807,2026-03-02,2
20154,807,2026-03-12,2
20155,807,2026-03-16,2
20156,807,2026-03-25,2
20157,807,2026-04-01,1
20158,807,2026-04-09,2
20159,807,2026-04-14,2
20160,807,2026-04-23,2
20161,807,2026-04-27,2
20162,807,2026-05-04,2
20163,807,2026-05-13,2
20164,807,2026-05-21,2
20165,807,2026-05-29,2
20166,807,2026-06-01,1
20167,807,2026-06-08,2
20168,807,2026-06-17,2
20169,807,2026-06-22,2
20170,807,2026-06-29,1
20171,807,2026-07-06,2
20172,807,2026-07-13,2
20173,807,2026-07-23,2
20174,807,2026-07-28,2
20175,807,2026-08-06,2
20176,808,2026-02-16,2
20177,808,2026-02-27,3
20178,808,2026-03-02,1
20179,808,2026-03-10,3
20180,808,2026-03-19,1
20181,808,2026-03-25,2
20182,808,2026-04-03,1
20183,808,2026-04-10,3
20184,808,2026-04-14,2
20185,808,2026-04-22,2
20186,808,2026-04-30,2
20187,808,2026-05-06,3
20188,808,2026-05-15,1
20189,808,2026-05-21,2
20190,808,2026-05-29,1
20191,808,2026-06-02,2
20192,808,2026-06-09,2
20193,808,2026-06-17,1
20194,808,2026-06-24,2
20195,808,2026-07-03,1
20196,808,2026-07-10,3
20197,808,2026-07-14,3
20198,808,2026-07-22,1
20199,808,2026-07-30,3
20200,808,2026-08-03,3
20201,809,2026-02-17,1
20202,809,2026-02-23,2
20203,809,2026-03-04,1
20204,809,2026-03-13,1
20205,809,2026-03-19,2
20206,809,2026-03-26,2
20207,809,2026-04-03,2
20208,809,2026-04-06,1
20209,809,2026-04-15,2
20210,809,2026-04-23,1
20211,809,2026-04-28,2
20212,809,2026-05-08,2
20213,809,2026-05-14,3
20214,809,2026-05-21,1
20215,809,2026-05-27,2
20216,809,2026-06-02,2
20217,809,2026-06-09,2
20218,809,2026-06-15,2
20219,809,2026-06-23,3
20220,809,2026-06-29,2
20221,809,2026-07-09,3
20222,809,2026-07-14,2
20223,809,2026-07-23,2
20224,809,2026-07-30,2
20225,809,2026-08-05,2
20226,810,2026-02-20,3
20227,810,2026-02-24,1
20228,810,2026-03-04,2
20229,810,2026-03-12,1
20230,810,2026-03-20,3
20231,810,2026-03-25,1
20232,810,2026-04-01,2
20233,810,2026-04-10,1
20234,810,2026-04-14,2
20235,810,2026-04-23,1
20236,810,2026-04-28,3
20237,810,2026-05-06,2
20238,810,2026-05-11,2
20239,810,2026-05-18,2
20240,810,2026-05-25,2
20241,810,2026-06-02,2
20242,810,2026-06-08,3
20243,810,2026-06-19,2
20244,810,2026-06-25,1
20245,810,2026-06-29,2
20246,810,2026-07-06,2
20247,810,2026-07-15,2
20248,810,2026-07-23,3
20249,810,2026-07-27,2
20250,810,2026-08-05,3
20251,811,2026-02-20,2
20252,811,2026-02-23,2
20253,811,2026-03-06,2
20254,811,2026-03-11,1
20255,811,2026-03-18,2
20256,811,2026-03-24,2
20257,811,2026-03-31,2
20258,811,2026-04-09,1
20259,811,2026-04-13,3
20260,811,2026-04-23,3
20261,811,2026-04-28,2
20262,811,2026-05-04,3
20263,811,2026-05-12,2
20264,811,2026-05-19,2
20265,811,2026-05-27,2
20266,811,2026-06-04,1
20267,811,2026-06-09,2
20268,811,2026-06-18,2
20269,811,2026-06-26,2
20270,811,2026-06-30,1
20271,811,2026-07-06,2
20272,811,2026-07-13,2
20273,811,2026-07-20,2
20274,811,2026-07-27,2
20275,811,2026-08-03,2
20276,812,2026-02-16,1
20277,812,2026-02-27,2
20278,812,2026-03-06,1
20279,812,2026-03-13,3
20280,812,2026-03-17,3
20281,812,2026-03-23,2
20282,812,2026-04-03,1
20283,812,2026-04-09,3
20284,812,2026-04-17,1
20285,812,2026-04-20,3
20286,812,2026-04-27,1
20287,812,2026-05-06,1
20288,812,2026-05-15,2
20289,812,2026-05-18,2
20290,812,2026-05-26,2
20291,812,2026-06-05,3
20292,812,2026-06-09,1
20293,812,2026-06-17,1
20294,812,2026-06-24,3
20295,812,2026-06-29,2
20296,812,2026-07-08,1
20297,812,2026-07-17,2
20298,812,2026-07-24,1
20299,812,2026-07-28,1
20300,812,2026-08-07,2
20301,813,2026-02-20,2
20302,813,2026-02-24,2
20303,813,2026-03-02,2
20304,813,2026-03-11,2
20305,813,2026-03-17,3
20306,813,2026-03-26,3
20307,813,2026-04-02,3
20308,813,2026-04-09,2
20309,813,2026-04-13,3
20310,813,2026-04-21,2
20311,813,2026-04-30,2
20312,813,2026-05-07,2
20313,813,2026-05-12,1
20314,813,2026-05-22,2
20315,813,2026-05-25,2
20316,813,2026-06-05,3
20317,813,2026-06-08,2
20318,813,2026-06-16,2
20319,813,2026-06-23,3
20320,813,2026-07-02,2
20321,813,2026-07-10,3
20322,813,2026-07-13,3
20323,813,2026-07-22,3
20324,813,2026-07-31,2
20325,813,2026-08-05,1
20326,814,2026-02-18,2
20327,814,2026-02-26,3
20328,814,2026-03-02,3
20329,814,2026-03-11,2
20330,814,2026-03-17,2
20331,814,2026-03-23,2
20332,814,2026-03-30,3
20333,814,2026-04-06,2
20334,814,2026-04-15,2
20335,814,2026-04-24,3
20336,814,2026-04-28,2
20337,814,2026-05-05,2
20338,814,2026-05-11,2
20339,814,2026-05-22,2
20340,814,2026-05-28,2
20341,814,2026-06-04,1
20342,814,2026-06-09,3
20343,814,2026-06-19,2
20344,814,2026-06-25,2
20345,814,2026-07-03,3
20346,814,2026-07-10,3
20347,814,2026-07-15,2
20348,814,2026-07-21,3
20349,814,2026-07-27,2
20350,814,2026-08-07,2
20351,815,2026-02-16,3
20352,815,2026-02-25,3
20353,815,2026-03-03,2
20354,815,2026-03-12,2
20355,815,2026-03-20,2
20356,815,2026-03-24,2
20357,815,2026-04-02,2
20358,815,2026-04-09,2
20359,815,2026-04-15,1
20360,815,2026-04-20,1
20361,815,2026-04-27,2
20362,815,2026-05-07,2
20363,815,2026-05-14,3
20364,815,2026-05-21,3
20365,815,2026-05-28,2
20366,815,2026-06-01,3
20367,815,2026-06-12,1
20368,815,2026-06-18,1
20369,815,2026-06-25,2
20370,815,2026-07-02,3
20371,815,2026-07-07,2
20372,815,2026-07-17,2
20373,815,2026-07-24,2
20374,815,2026-07-28,3
20375,815,2026-08-06,2
20376,816,2026-02-19,2
20377,816,2026-02-27,2
20378,816,2026-03-06,2
20379,816,2026-03-11,1
20380,816,2026-03-16,1
20381,816,2026-03-23,3
20382,816,2026-04-02,2
20383,816,2026-04-07,2
20384,816,2026-04-16,2
20385,816,2026-04-23,1
20386,816,2026-04-28,2
20387,816,2026-05-08,2
20388,816,2026-05-12,2
20389,816,2026-05-19,2
20390,816,2026-05-28,2
20391,816,2026-06-04,3
20392,816,2026-06-11,3
20393,816,2026-06-18,2
20394,816,2026-06-26,3
20395,816,2026-07-03,3
20396,816,2026-07-06,1
20397,816,2026-07-17,2
20398,816,2026-07-21,2
20399,816,2026-07-30,2
20400,816,2026-08-06,1
20401,817,2026-02-19,2
20402,817,2026-02-25,3
20403,817,2026-03-03,2
20404,817,2026-03-10,2
20405,817,2026-03-20,2
20406,817,2026-03-27,2
20407,817,2026-04-03,2
20408,817,2026-04-10,2
20409,817,2026-04-13,2
20410,817,2026-04-23,2
20411,817,2026-04-29,1
20412,817,2026-05-08,2
20413,817,2026-05-15,1
20414,817,2026-05-19,2
20415,817,2026-05-27,2
20416,817,2026-06-05,2
20417,817,2026-06-12,2
20418,817,2026-06-15,2
20419,817,2026-06-23,3
20420,817,2026-07-01,3
20421,817,2026-07-08,3
20422,817,2026-07-17,2
20423,817,2026-07-23,2
20424,817,2026-07-30,2
20425,817,2026-08-06,2
20426,818,2026-02-19,2
20427,818,2026-02-25,2
20428,818,2026-03-06,2
20429,818,2026-03-12,1
20430,818,2026-03-19,2
20431,818,2026-03-25,2
20432,818,2026-03-30,2
20433,818,2026-04-10,2
20434,818,2026-04-14,2
20435,818,2026-04-24,2
20436,818,2026-04-29,2
20437,818,2026-05-08,2
20438,818,2026-05-11,2
20439,818,2026-05-20,2
20440,818,2026-05-25,2
20441,818,2026-06-01,2
20442,818,2026-06-10,2
20443,818,2026-06-15,2
20444,818,2026-06-25,2
20445,818,2026-06-29,2
20446,818,2026-07-09,2
20447,818,2026-07-15,2
20448,818,2026-07-23,2
20449,818,2026-07-31,2
20450,818,2026-08-07,2
20451,819,2026-02-20,2
20452,819,2026-02-23,1
20453,819,2026-03-03,2
20454,819,2026-03-13,3
20455,819,2026-03-18,2
20456,819,2026-03-26,2
20457,819,2026-04-01,2
20458,819,2026-04-06,1
20459,819,2026-04-17,2
20460,819,2026-04-24,1
20461,819,2026-04-30,2
20462,819,2026-05-04,2
20463,819,2026-05-11,1
20464,819,2026-05-20,2
20465,819,2026-05-29,3
20466,819,2026-06-04,1
20467,819,2026-06-08,1
20468,819,2026-06-15,1
20469,819,2026-06-24,1
20470,819,2026-06-29,2
20471,819,2026-07-06,1
20472,819,2026-07-17,1
20473,819,2026-07-21,2
20474,819,2026-07-29,2
20475,819,2026-08-05,2
20476,820,2026-02-17,2
20477,820,2026-02-27,2
20478,820,2026-03-05,2
20479,820,2026-03-13,3
20480,820,2026-03-19,1
20481,820,2026-03-25,2
20482,820,2026-04-02,1
20483,820,2026-04-06,3
20484,820,2026-04-14,3
20485,820,2026-04-20,3
20486,820,2026-04-28,1
20487,820,2026-05-08,3
20488,820,2026-05-12,1
20489,820,2026-05-18,3
20490,820,2026-05-25,3
20491,820,2026-06-01,2
20492,820,2026-06-09,1
20493,820,2026-06-17,1
20494,820,2026-06-22,2
20495,820,2026-06-29,3
20496,820,2026-07-10,2
20497,820,2026-07-16,2
20498,820,2026-07-20,2
20499,820,2026-07-30,1
20500,820,2026-08-05,2
20501,821,2026-02-20,3
20502,821,2026-02-23,2
20503,821,2026-03-05,3
20504,821,2026-03-13,1
20505,821,2026-03-18,2
20506,821,2026-03-24,2
20507,821,2026-03-31,3
20508,821,2026-04-07,2
20509,821,2026-04-14,2
20510,821,2026-04-21,2
20511,821,2026-04-30,2
20512,821,2026-05-08,3
20513,821,2026-05-12,2
20514,821,2026-05-18,3
20515,821,2026-05-29,2
20516,821,2026-06-01,2
20517,821,2026-06-11,3
20518,821,2026-06-16,2
20519,821,2026-06-22,2
20520,821,2026-06-29,2
20521,821,2026-07-09,3
20522,821,2026-07-14,3
20523,821,2026-07-20,3
20524,821,2026-07-28,2
20525,821,2026-08-05,2
20526,822,2026-02-19,2
20527,822,2026-02-26,2
20528,822,2026-03-03,3
20529,822,2026-03-11,2
20530,822,2026-03-20,2
20531,822,2026-03-26,2
20532,822,2026-04-01,2
20533,822,2026-04-07,2
20534,822,2026-04-16,2
20535,822,2026-04-22,2
20536,822,2026-04-27,2
20537,822,2026-05-06,3
20538,822,2026-05-14,3
20539,822,2026-05-18,2
20540,822,2026-05-27,2
20541,822,2026-06-03,2
20542,822,2026-06-11,2
20543,822,2026-06-19,2
20544,822,2026-06-24,2
20545,822,2026-07-02,3
20546,822,2026-07-09,2
20547,822,2026-07-15,2
20548,822,2026-07-20,3
20549,822,2026-07-30,2
20550,822,2026-08-07,1
20551,823,2026-02-17,2
20552,823,2026-02-25,2
20553,823,2026-03-04,3
20554,823,2026-03-11,2
20555,823,2026-03-18,2
20556,823,2026-03-24,2
20557,823,2026-04-01,3
20558,823,2026-04-08,2
20559,823,2026-04-13,3
20560,823,2026-04-22,2
20561,823,2026-04-30,3
20562,823,2026-05-07,2
20563,823,2026-05-15,2
20564,823,2026-05-22,3
20565,823,2026-05-28,1
20566,823,2026-06-03,2
20567,823,2026-06-12,2
20568,823,2026-06-16,2
20569,823,2026-06-24,2
20570,823,2026-07-03,2
20571,823,2026-07-07,2
20572,823,2026-07-15,2
20573,823,2026-07-24,1
20574,823,2026-07-28,1
20575,823,2026-08-05,2
20576,824,2026-02-19,2
20577,824,2026-02-24,1
20578,824,2026-03-05,2
20579,824,2026-03-12,2
20580,824,2026-03-17,2
20581,824,2026-03-26,2
20582,824,2026-04-02,2
20583,824,2026-04-08,1
20584,824,2026-04-17,1
20585,824,2026-04-22,3
20586,824,2026-04-28,1
20587,824,2026-05-05,1
20588,824,2026-05-11,2
20589,824,2026-05-21,2
20590,824,2026-05-28,1
20591,824,2026-06-03,1
20592,824,2026-06-12,2
20593,824,2026-06-18,3
20594,824,2026-06-22,1
20595,824,2026-07-03,1
20596,824,2026-07-10,2
20597,824,2026-07-15,2
20598,824,2026-07-21,2
20599,824,2026-07-28,2
20600,824,2026-08-06,2
20601,825,2026-02-20,2
20602,825,2026-02-24,1
20603,825,2026-03-04,3
20604,825,2026-03-11,2
20605,825,2026-03-17,2
20606,825,2026-03-26,2
20607,825,2026-04-03,2
20608,825,2026-04-08,2
20609,825,2026-04-17,2
20610,825,2026-04-20,2
20611,825,2026-04-29,2
20612,825,2026-05-04,2
20613,825,2026-05-13,2
20614,825,2026-05-20,2
20615,825,2026-05-25,2
20616,825,2026-06-03,2
20617,825,2026-06-08,2
20618,825,2026-06-19,2
20619,825,2026-06-23,3
20620,825,2026-07-03,3
20621,825,2026-07-08,3
20622,825,2026-07-16,2
20623,825,2026-07-23,2
20624,825,2026-07-28,2
20625,825,2026-08-03,2
20626,826,2026-02-19,3
20627,826,2026-02-24,2
20628,826,2026-03-04,3
20629,826,2026-03-10,2
20630,826,2026-03-20,1
20631,826,2026-03-24,2
20632,826,2026-04-03,1
20633,826,2026-04-06,1
20634,826,2026-04-16,2
20635,826,2026-04-23,3
20636,826,2026-04-28,1
20637,826,2026-05-07,3
20638,826,2026-05-12,3
20639,826,2026-05-22,2
20640,826,2026-05-27,3
20641,826,2026-06-03,2
20642,826,2026-06-10,2
20643,826,2026-06-15,2
20644,826,2026-06-23,2
20645,826,2026-07-03,3
20646,826,2026-07-06,1
20647,826,2026-07-13,1
20648,826,2026-07-23,3
20649,826,2026-07-28,3
20650,826,2026-08-05,3
20651,827,2026-02-18,1
20652,827,2026-02-23,1
20653,827,2026-03-04,1
20654,827,2026-03-09,1
20655,827,2026-03-17,3
20656,827,2026-03-23,3
20657,827,2026-04-01,3
20658,827,2026-04-08,3
20659,827,2026-04-13,1
20660,827,2026-04-21,2
20661,827,2026-05-01,2
20662,827,2026-05-04,3
20663,827,2026-05-13,3
20664,827,2026-05-19,3
20665,827,2026-05-27,3
20666,827,2026-06-02,3
20667,827,2026-06-08,1
20668,827,2026-06-16,1
20669,827,2026-06-25,3
20670,827,2026-07-03,1
20671,827,2026-07-08,3
20672,827,2026-07-14,2
20673,827,2026-07-21,1
20674,827,2026-07-30,2
20675,827,2026-08-07,2
20676,828,2026-02-17,2
20677,828,2026-02-23,2
20678,828,2026-03-02,2
20679,828,2026-03-09,2
20680,828,2026-03-17,2
20681,828,2026-03-24,2
20682,828,2026-04-01,2
20683,828,2026-04-10,2
20684,828,2026-04-13,2
20685,828,2026-04-22,3
20686,828,2026-04-28,2
20687,828,2026-05-07,3
20688,828,2026-05-13,2
20689,828,2026-05-19,2
20690,828,2026-05-28,1
20691,828,2026-06-03,2
20692,828,2026-06-09,3
20693,828,2026-06-19,2
20694,828,2026-06-25,1
20695,828,2026-07-02,2
20696,828,2026-07-07,2
20697,828,2026-07-15,3
20698,828,2026-07-20,2
20699,828,2026-07-27,3
20700,828,2026-08-07,2
20701,829,2026-02-19,2
20702,829,2026-02-24,2
20703,829,2026-03-06,2
20704,829,2026-03-10,3
20705,829,2026-03-20,2
20706,829,2026-03-25,2
20707,829,2026-04-01,3
20708,829,2026-04-08,2
20709,829,2026-04-15,3
20710,829,2026-04-20,2
20711,829,2026-04-29,2
20712,829,2026-05-07,3
20713,829,2026-05-11,3
20714,829,2026-05-22,1
20715,829,2026-05-25,2
20716,829,2026-06-05,1
20717,829,2026-06-09,1
20718,829,2026-06-17,2
20719,829,2026-06-22,2
20720,829,2026-06-29,2
20721,829,2026-07-09,2
20722,829,2026-07-15,1
20723,829,2026-07-22,1
20724,829,2026-07-29,3
20725,829,2026-08-05,1
20726,830,2026-02-19,1
20727,830,2026-02-23,3
20728,830,2026-03-05,2
20729,830,2026-03-10,3
20730,830,2026-03-19,2
20731,830,2026-03-24,2
20732,830,2026-04-03,2
20733,830,2026-04-06,2
20734,830,2026-04-16,2
20735,830,2026-04-23,2
20736,830,2026-04-28,2
20737,830,2026-05-05,2
20738,830,2026-05-14,3
20739,830,2026-05-20,3
20740,830,2026-05-28,2
20741,830,2026-06-01,2
20742,830,2026-06-09,2
20743,830,2026-06-15,2
20744,830,2026-06-24,1
20745,830,2026-07-02,2
20746,830,2026-07-08,2
20747,830,2026-07-16,2
20748,830,2026-07-21,2
20749,830,2026-07-30,1
20750,830,2026-08-05,2
20751,831,2026-02-17,2
20752,831,2026-02-26,3
20753,831,2026-03-02,3
20754,831,2026-03-13,2
20755,831,2026-03-18,2
20756,831,2026-03-27,2
20757,831,2026-03-30,2
20758,831,2026-04-10,3
20759,831,2026-04-16,2
20760,831,2026-04-23,2
20761,831,2026-04-28,3
20762,831,2026-05-04,2
20763,831,2026-05-15,2
20764,831,2026-05-22,2
20765,831,2026-05-25,2
20766,831,2026-06-04,3
20767,831,2026-06-12,3
20768,831,2026-06-16,2
20769,831,2026-06-22,3
20770,831,2026-07-03,2
20771,831,2026-07-09,2
20772,831,2026-07-14,2
20773,831,2026-07-20,2
20774,831,2026-07-28,3
20775,831,2026-08-07,1
20776,832,2026-02-18,2
20777,832,2026-02-23,1
20778,832,2026-03-05,1
20779,832,2026-03-12,3
20780,832,2026-03-16,2
20781,832,2026-03-25,1
20782,832,2026-04-01,2
20783,832,2026-04-06,3
20784,832,2026-04-15,1
20785,832,2026-04-24,2
20786,832,2026-05-01,3
20787,832,2026-05-08,3
20788,832,2026-05-12,2
20789,832,2026-05-19,3
20790,832,2026-05-28,2
20791,832,2026-06-04,3
20792,832,2026-06-09,3
20793,832,2026-06-15,2
20794,832,2026-06-23,1
20795,832,2026-06-30,3
20796,832,2026-07-08,2
20797,832,2026-07-14,1
20798,832,2026-07-24,1
20799,832,2026-07-31,2
20800,832,2026-08-07,3
20801,833,2026-02-18,2
20802,833,2026-02-27,2
20803,833,2026-03-04,2
20804,833,2026-03-09,1
20805,833,2026-03-18,1
20806,833,2026-03-24,2
20807,833,2026-03-30,2
20808,833,2026-04-07,2
20809,833,2026-04-15,1
20810,833,2026-04-24,1
20811,833,2026-04-28,2
20812,833,2026-05-07,2
20813,833,2026-05-13,2
20814,833,2026-05-20,2
20815,833,2026-05-25,2
20816,833,2026-06-02,2
20817,833,2026-06-12,2
20818,833,2026-06-16,1
20819,833,2026-06-23,1
20820,833,2026-06-29,2
20821,833,2026-07-07,2
20822,833,2026-07-15,2
20823,833,2026-07-21,1
20824,833,2026-07-30,2
20825,833,2026-08-05,2
20826,834,2026-02-19,3
20827,834,2026-02-26,2
20828,834,2026-03-05,3
20829,834,2026-03-10,2
20830,834,2026-03-20,2
20831,834,2026-03-27,2
20832,834,2026-03-30,2
20833,834,2026-04-06,1
20834,834,2026-04-15,1
20835,834,2026-04-22,2
20836,834,2026-05-01,2
20837,834,2026-05-04,2
20838,834,2026-05-13,2
20839,834,2026-05-20,3
20840,834,2026-05-26,2
20841,834,2026-06-01,2
20842,834,2026-06-12,2
20843,834,2026-06-16,1
20844,834,2026-06-24,2
20845,834,2026-06-30,2
20846,834,2026-07-09,1
20847,834,2026-07-17,2
20848,834,2026-07-22,2
20849,834,2026-07-28,1
20850,834,2026-08-03,1
20851,835,2026-02-17,1
20852,835,2026-02-27,1
20853,835,2026-03-05,3
20854,835,2026-03-12,2
20855,835,2026-03-16,2
20856,835,2026-03-23,1
20857,835,2026-04-01,1
20858,835,2026-04-06,2
20859,835,2026-04-16,2
20860,835,2026-04-21,2
20861,835,2026-05-01,3
20862,835,2026-05-04,1
20863,835,2026-05-14,2
20864,835,2026-05-22,1
20865,835,2026-05-26,3
20866,835,2026-06-04,3
20867,835,2026-06-10,1
20868,835,2026-06-15,2
20869,835,2026-06-25,2
20870,835,2026-06-30,2
20871,835,2026-07-07,2
20872,835,2026-07-17,2
20873,835,2026-07-20,2
20874,835,2026-07-30,2
20875,835,2026-08-04,3
20876,836,2026-02-16,1
20877,836,2026-02-23,2
20878,836,2026-03-06,1
20879,836,2026-03-12,1
20880,836,2026-03-17,2
20881,836,2026-03-27,2
20882,836,2026-03-31,1
20883,836,2026-04-07,2
20884,836,2026-04-13,2
20885,836,2026-04-24,1
20886,836,2026-05-01,1
20887,836,2026-05-05,2
20888,836,2026-05-14,2
20889,836,2026-05-22,1
20890,836,2026-05-25,2
20891,836,2026-06-03,2
20892,836,2026-06-11,2
20893,836,2026-06-16,1
20894,836,2026-06-25,1
20895,836,2026-07-02,3
20896,836,2026-07-09,2
20897,836,2026-07-13,1
20898,836,2026-07-20,2
20899,836,2026-07-29,2
20900,836,2026-08-04,2
20901,837,2026-02-20,2
20902,837,2026-02-26,2
20903,837,2026-03-05,2
20904,837,2026-03-09,2
20905,837,2026-03-19,2
20906,837,2026-03-25,2
20907,837,2026-04-01,1
20908,837,2026-04-10,2
20909,837,2026-04-17,2
20910,837,2026-04-20,3
20911,837,2026-04-29,2
20912,837,2026-05-05,2
20913,837,2026-05-11,2
20914,837,2026-05-20,2
20915,837,2026-05-27,2
20916,837,2026-06-03,1
20917,837,2026-06-08,2
20918,837,2026-06-15,2
20919,837,2026-06-23,2
20920,837,2026-06-29,2
20921,837,2026-07-07,2
20922,837,2026-07-16,2
20923,837,2026-07-24,2
20924,837,2026-07-28,2
20925,837,2026-08-07,2
20926,838,2026-02-20,3
20927,838,2026-02-27,3
20928,838,2026-03-02,2
20929,838,2026-03-10,1
20930,838,2026-03-18,1
20931,838,2026-03-25,2
20932,838,2026-03-30,1
20933,838,2026-04-07,2
20934,838,2026-04-17,1
20935,838,2026-04-22,3
20936,838,2026-05-01,2
20937,838,2026-05-07,1
20938,838,2026-05-14,1
20939,838,2026-05-21,1
20940,838,2026-05-25,1
20941,838,2026-06-02,3
20942,838,2026-06-08,1
20943,838,2026-06-17,1
20944,838,2026-06-22,3
20945,838,2026-07-03,1
20946,838,2026-07-07,1
20947,838,2026-07-15,3
20948,838,2026-07-23,2
20949,838,2026-07-30,1
20950,838,2026-08-05,1
20951,839,2026-02-16,1
20952,839,2026-02-27,2
20953,839,2026-03-03,1
20954,839,2026-03-10,1
20955,839,2026-03-19,2
20956,839,2026-03-27,1
20957,839,2026-04-03,1
20958,839,2026-04-06,2
20959,839,2026-04-13,2
20960,839,2026-04-20,1
20961,839,2026-04-28,2
20962,839,2026-05-08,1
20963,839,2026-05-12,2
20964,839,2026-05-21,2
20965,839,2026-05-26,2
20966,839,2026-06-01,1
20967,839,2026-06-08,2
20968,839,2026-06-17,2
20969,839,2026-06-22,1
20970,839,2026-06-30,2
20971,839,2026-07-07,2
20972,839,2026-07-15,2
20973,839,2026-07-23,3
20974,839,2026-07-27,2
20975,839,2026-08-03,3
20976,840,2026-02-18,1
20977,840,2026-02-24,2
20978,840,2026-03-03,2
20979,840,2026-03-09,2
20980,840,2026-03-16,1
20981,840,2026-03-24,1
20982,840,2026-04-03,2
20983,840,2026-04-10,3
20984,840,2026-04-14,3
20985,840,2026-04-22,3
20986,840,2026-04-28,2
20987,840,2026-05-05,3
20988,840,2026-05-11,2
20989,840,2026-05-22,3
20990,840,2026-05-26,3
20991,840,2026-06-01,2
20992,840,2026-06-11,2
20993,840,2026-06-19,2
20994,840,2026-06-22,2
20995,840,2026-07-02,3
20996,840,2026-07-07,1
20997,840,2026-07-16,3
20998,840,2026-07-20,3
20999,840,2026-07-28,2
21000,840,2026-08-07,3
21001,841,2026-02-16,2
21002,841,2026-02-26,3
21003,841,2026-03-03,2
21004,841,2026-03-12,2
21005,841,2026-03-20,2
21006,841,2026-03-23,1
21007,841,2026-04-02,2
21008,841,2026-04-10,3
21009,841,2026-04-17,2
21010,841,2026-04-22,2
21011,841,2026-04-30,2
21012,841,2026-05-07,1
21013,841,2026-05-14,2
21014,841,2026-05-19,2
21015,841,2026-05-25,2
21016,841,2026-06-01,3
21017,841,2026-06-08,2
21018,841,2026-06-17,3
21019,841,2026-06-23,2
21020,841,2026-06-29,3
21021,841,2026-07-08,2
21022,841,2026-07-13,2
21023,841,2026-07-20,2
21024,841,2026-07-30,2
21025,841,2026-08-03,3
21026,842,2026-02-16,1
21027,842,2026-02-26,2
21028,842,2026-03-03,2
21029,842,2026-03-11,2
21030,842,2026-03-20,2
21031,842,2026-03-25,2
21032,842,2026-03-30,1
21033,842,2026-04-10,3
21034,842,2026-04-17,2
21035,842,2026-04-22,1
21036,842,2026-04-27,2
21037,842,2026-05-05,2
21038,842,2026-05-12,3
21039,842,2026-05-21,2
21040,842,2026-05-25,2
21041,842,2026-06-05,2
21042,842,2026-06-10,2
21043,842,2026-06-15,2
21044,842,2026-06-22,2
21045,842,2026-07-03,2
21046,842,2026-07-06,2
21047,842,2026-07-17,2
21048,842,2026-07-22,2
21049,842,2026-07-29,2
21050,842,2026-08-05,2
21051,843,2026-02-18,2
21052,843,2026-02-26,3
21053,843,2026-03-06,2
21054,843,2026-03-12,1
21055,843,2026-03-17,2
21056,843,2026-03-27,1
21057,843,2026-04-02,1
21058,843,2026-04-08,2
21059,843,2026-04-15,2
21060,843,2026-04-23,3
21061,843,2026-04-27,1
21062,843,2026-05-08,2
21063,843,2026-05-12,2
21064,843,2026-05-21,2
21065,843,2026-05-28,2
21066,843,2026-06-04,2
21067,843,2026-06-08,2
21068,843,2026-06-16,2
21069,843,2026-06-25,1
21070,843,2026-07-02,2
21071,843,2026-07-06,2
21072,843,2026-07-17,2
21073,843,2026-07-24,1
21074,843,2026-07-30,1
21075,843,2026-08-04,2
21076,844,2026-02-17,2
21077,844,2026-02-27,2
21078,844,2026-03-04,2
21079,844,2026-03-12,1
21080,844,2026-03-16,2
21081,844,2026-03-24,1
21082,844,2026-04-02,3
21083,844,2026-04-09,3
21084,844,2026-04-16,1
21085,844,2026-04-24,1
21086,844,2026-04-28,2
21087,844,2026-05-04,3
21088,844,2026-05-13,2
21089,844,2026-05-20,3
21090,844,2026-05-28,1
21091,844,2026-06-02,3
21092,844,2026-06-11,3
21093,844,2026-06-15,2
21094,844,2026-06-23,2
21095,844,2026-07-03,2
21096,844,2026-07-10,2
21097,844,2026-07-16,3
21098,844,2026-07-22,1
21099,844,2026-07-27,2
21100,844,2026-08-04,3
21101,845,2026-02-17,2
21102,845,2026-02-25,2
21103,845,2026-03-05,1
21104,845,2026-03-09,3
21105,845,2026-03-18,2
21106,845,2026-03-25,3
21107,845,2026-04-02,1
21108,845,2026-04-09,2
21109,845,2026-04-14,1
21110,845,2026-04-23,3
21111,845,2026-04-30,1
21112,845,2026-05-05,2
21113,845,2026-05-12,2
21114,845,2026-05-18,2
21115,845,2026-05-27,3
21116,845,2026-06-01,3
21117,845,2026-06-08,2
21118,845,2026-06-18,2
21119,845,2026-06-25,1
21120,845,2026-06-29,2
21121,845,2026-07-08,3
21122,845,2026-07-14,3
21123,845,2026-07-20,2
21124,845,2026-07-29,2
21125,845,2026-08-04,2
21126,846,2026-02-20,2
21127,846,2026-02-24,2
21128,846,2026-03-02,2
21129,846,2026-03-13,2
21130,846,2026-03-19,2
21131,846,2026-03-27,2
21132,846,2026-04-02,3
21133,846,2026-04-07,2
21134,846,2026-04-16,2
21135,846,2026-04-22,2
21136,846,2026-04-30,2
21137,846,2026-05-04,2
21138,846,2026-05-13,2
21139,846,2026-05-21,2
21140,846,2026-05-27,2
21141,846,2026-06-04,2
21142,846,2026-06-12,2
21143,846,2026-06-19,1
21144,846,2026-06-25,2
21145,846,2026-07-03,2
21146,846,2026-07-10,2
21147,846,2026-07-16,3
21148,846,2026-07-20,2
21149,846,2026-07-28,2
21150,846,2026-08-06,2
21151,847,2026-02-20,2
21152,847,2026-02-24,1
21153,847,2026-03-02,1
21154,847,2026-03-09,2
21155,847,2026-03-18,2
21156,847,2026-03-27,2
21157,847,2026-03-31,2
21158,847,2026-04-09,2
21159,847,2026-04-17,2
21160,847,2026-04-21,2
21161,847,2026-04-30,2
21162,847,2026-05-05,2
21163,847,2026-05-11,2
21164,847,2026-05-20,2
21165,847,2026-05-29,2
21166,847,2026-06-02,2
21167,847,2026-06-09,2
21168,847,2026-06-19,2
21169,847,2026-06-22,2
21170,847,2026-06-30,3
21171,847,2026-07-09,1
21172,847,2026-07-13,3
21173,847,2026-07-23,3
21174,847,2026-07-29,1
21175,847,2026-08-07,2
21176,848,2026-02-18,1
21177,848,2026-02-23,2
21178,848,2026-03-02,1
21179,848,2026-03-11,3
21180,848,2026-03-16,3
21181,848,2026-03-26,2
21182,848,2026-03-31,2
21183,848,2026-04-10,1
21184,848,2026-04-13,2
21185,848,2026-04-20,3
21186,848,2026-05-01,1
21187,848,2026-05-07,2
21188,848,2026-05-12,2
21189,848,2026-05-19,3
21190,848,2026-05-29,2
21191,848,2026-06-02,3
21192,848,2026-06-10,3
21193,848,2026-06-18,3
21194,848,2026-06-22,2
21195,848,2026-07-03,2
21196,848,2026-07-07,3
21197,848,2026-07-13,3
21198,848,2026-07-20,2
21199,848,2026-07-31,2
21200,848,2026-08-03,2
21201,849,2026-02-20,2
21202,849,2026-02-26,2
21203,849,2026-03-02,1
21204,849,2026-03-12,2
21205,849,2026-03-18,2
21206,849,2026-03-26,1
21207,849,2026-04-03,1
21208,849,2026-04-10,2
21209,849,2026-04-17,1
21210,849,2026-04-22,2
21211,849,2026-05-01,2
21212,849,2026-05-07,1
21213,849,2026-05-13,2
21214,849,2026-05-22,2
21215,849,2026-05-29,2
21216,849,2026-06-04,1
21217,849,2026-06-12,1
21218,849,2026-06-19,2
21219,849,2026-06-22,2
21220,849,2026-07-01,1
21221,849,2026-07-07,1
21222,849,2026-07-14,1
21223,849,2026-07-20,3
21224,849,2026-07-30,1
21225,849,2026-08-03,2
21226,850,2026-02-18,2
21227,850,2026-02-27,1
21228,850,2026-03-05,2
21229,850,2026-03-11,2
21230,850,2026-03-19,2
21231,850,2026-03-25,2
21232,850,2026-04-03,2
21233,850,2026-04-06,2
21234,850,2026-04-17,1
21235,850,2026-04-24,2
21236,850,2026-05-01,2
21237,850,2026-05-04,3
21238,850,2026-05-11,2
21239,850,2026-05-21,2
21240,850,2026-05-25,1
21241,850,2026-06-04,3
21242,850,2026-06-09,2
21243,850,2026-06-17,1
21244,850,2026-06-25,1
21245,850,2026-06-30,1
21246,850,2026-07-06,1
21247,850,2026-07-16,1
21248,850,2026-07-21,1
21249,850,2026-07-27,1
21250,850,2026-08-04,2
21251,851,2026-02-19,2
21252,851,2026-02-25,1
21253,851,2026-03-04,3
21254,851,2026-03-12,3
21255,851,2026-03-17,1
21256,851,2026-03-26,2
21257,851,2026-03-30,1
21258,851,2026-04-09,1
21259,851,2026-04-17,2
21260,851,2026-04-22,3
21261,851,2026-05-01,3
21262,851,2026-05-07,3
21263,851,2026-05-12,3
21264,851,2026-05-21,2
21265,851,2026-05-29,2
21266,851,2026-06-05,1
21267,851,2026-06-08,3
21268,851,2026-06-15,1
21269,851,2026-06-26,2
21270,851,2026-06-30,2
21271,851,2026-07-10,1
21272,851,2026-07-17,2
21273,851,2026-07-24,2
21274,851,2026-07-31,1
21275,851,2026-08-03,3
21276,852,2026-02-20,1
21277,852,2026-02-24,2
21278,852,2026-03-02,3
21279,852,2026-03-09,2
21280,852,2026-03-17,3
21281,852,2026-03-23,3
21282,852,2026-04-02,1
21283,852,2026-04-06,3
21284,852,2026-04-16,2
21285,852,2026-04-23,1
21286,852,2026-04-29,2
21287,852,2026-05-05,3
21288,852,2026-05-12,3
21289,852,2026-05-18,3
21290,852,2026-05-28,2
21291,852,2026-06-02,3
21292,852,2026-06-09,3
21293,852,2026-06-18,2
21294,852,2026-06-22,3
21295,852,2026-06-30,1
21296,852,2026-07-06,2
21297,852,2026-07-16,2
21298,852,2026-07-24,2
21299,852,2026-07-31,2
21300,852,2026-08-05,3
21301,853,2026-02-20,1
21302,853,2026-02-23,1
21303,853,2026-03-02,2
21304,853,2026-03-11,2
21305,853,2026-03-20,2
21306,853,2026-03-23,2
21307,853,2026-03-31,3
21308,853,2026-04-09,2
21309,853,2026-04-14,1
21310,853,2026-04-24,1
21311,853,2026-04-29,2
21312,853,2026-05-06,3
21313,853,2026-05-13,2
21314,853,2026-05-22,1
21315,853,2026-05-27,3
21316,853,2026-06-05,1
21317,853,2026-06-09,3
21318,853,2026-06-17,1
21319,853,2026-06-25,2
21320,853,2026-06-30,1
21321,853,2026-07-10,2
21322,853,2026-07-17,1
21323,853,2026-07-24,2
21324,853,2026-07-27,1
21325,853,2026-08-04,1
21326,854,2026-02-18,1
21327,854,2026-02-24,2
21328,854,2026-03-06,2
21329,854,2026-03-10,2
21330,854,2026-03-17,3
21331,854,2026-03-25,1
21332,854,2026-04-01,1
21333,854,2026-04-06,2
21334,854,2026-04-16,1
21335,854,2026-04-22,2
21336,854,2026-04-27,1
21337,854,2026-05-08,1
21338,854,2026-05-12,1
21339,854,2026-05-20,1
21340,854,2026-05-29,3
21341,854,2026-06-01,3
21342,854,2026-06-10,1
21343,854,2026-06-18,1
21344,854,2026-06-25,2
21345,854,2026-06-30,2
21346,854,2026-07-06,1
21347,854,2026-07-14,2
21348,854,2026-07-21,2
21349,854,2026-07-30,1
21350,854,2026-08-03,1
21351,855,2026-02-20,1
21352,855,2026-02-26,1
21353,855,2026-03-03,2
21354,855,2026-03-13,1
21355,855,2026-03-20,3
21356,855,2026-03-25,1
21357,855,2026-04-01,2
21358,855,2026-04-08,1
21359,855,2026-04-13,2
21360,855,2026-04-21,2
21361,855,2026-05-01,2
21362,855,2026-05-06,2
21363,855,2026-05-13,1
21364,855,2026-05-19,1
21365,855,2026-05-25,2
21366,855,2026-06-03,1
21367,855,2026-06-11,1
21368,855,2026-06-16,2
21369,855,2026-06-22,1
21370,855,2026-07-03,2
21371,855,2026-07-07,1
21372,855,2026-07-13,2
21373,855,2026-07-23,2
21374,855,2026-07-31,1
21375,855,2026-08-06,1
21376,856,2026-02-18,2
21377,856,2026-02-27,3
21378,856,2026-03-02,2
21379,856,2026-03-13,2
21380,856,2026-03-19,1
21381,856,2026-03-25,1
21382,856,2026-04-01,2
21383,856,2026-04-10,1
21384,856,2026-04-17,2
21385,856,2026-04-23,2
21386,856,2026-04-28,2
21387,856,2026-05-06,2
21388,856,2026-05-11,1
21389,856,2026-05-22,3
21390,856,2026-05-29,2
21391,856,2026-06-05,2
21392,856,2026-06-09,3
21393,856,2026-06-15,2
21394,856,2026-06-25,2
21395,856,2026-07-02,2
21396,856,2026-07-07,2
21397,856,2026-07-15,3
21398,856,2026-07-20,1
21399,856,2026-07-30,2
21400,856,2026-08-06,2
21401,857,2026-02-16,2
21402,857,2026-02-23,2
21403,857,2026-03-03,2
21404,857,2026-03-10,3
21405,857,2026-03-20,3
21406,857,2026-03-26,2
21407,857,2026-03-31,1
21408,857,2026-04-09,2
21409,857,2026-04-16,2
21410,857,2026-04-20,2
21411,857,2026-04-30,3
21412,857,2026-05-05,2
21413,857,2026-05-11,2
21414,857,2026-05-21,2
21415,857,2026-05-26,2
21416,857,2026-06-03,1
21417,857,2026-06-08,1
21418,857,2026-06-16,2
21419,857,2026-06-24,2
21420,857,2026-06-30,2
21421,857,2026-07-07,1
21422,857,2026-07-14,2
21423,857,2026-07-22,1
21424,857,2026-07-27,2
21425,857,2026-08-07,2
21426,858,2026-02-17,3
21427,858,2026-02-23,2
21428,858,2026-03-05,2
21429,858,2026-03-10,2
21430,858,2026-03-17,2
21431,858,2026-03-24,2
21432,858,2026-04-02,2
21433,858,2026-04-08,2
21434,858,2026-04-15,2
21435,858,2026-04-20,2
21436,858,2026-04-27,2
21437,858,2026-05-08,3
21438,858,2026-05-11,1
21439,858,2026-05-20,2
21440,858,2026-05-27,2
21441,858,2026-06-03,2
21442,858,2026-06-09,2
21443,858,2026-06-17,2
21444,858,2026-06-26,3
21445,858,2026-07-01,2
21446,858,2026-07-07,2
21447,858,2026-07-13,2
21448,858,2026-07-21,2
21449,858,2026-07-29,3
21450,858,2026-08-04,2
21451,859,2026-02-16,3
21452,859,2026-02-27,2
21453,859,2026-03-04,3
21454,859,2026-03-12,3
21455,859,2026-03-19,3
21456,859,2026-03-25,2
21457,859,2026-03-30,1
21458,859,2026-04-06,2
21459,859,2026-04-17,3
21460,859,2026-04-23,2
21461,859,2026-04-27,3
21462,859,2026-05-06,3
21463,859,2026-05-14,3
21464,859,2026-05-20,2
21465,859,2026-05-25,2
21466,859,2026-06-05,3
21467,859,2026-06-12,2
21468,859,2026-06-17,3
21469,859,2026-06-22,2
21470,859,2026-07-01,2
21471,859,2026-07-09,2
21472,859,2026-07-15,2
21473,859,2026-07-21,1
21474,859,2026-07-31,3
21475,859,2026-08-07,2
21476,860,2026-02-16,2
21477,860,2026-02-24,1
21478,860,2026-03-05,2
21479,860,2026-03-09,1
21480,860,2026-03-18,2
21481,860,2026-03-25,2
21482,860,2026-03-31,2
21483,860,2026-04-08,2
21484,860,2026-04-15,1
21485,860,2026-04-20,2
21486,860,2026-05-01,1
21487,860,2026-05-04,1
21488,860,2026-05-15,2
21489,860,2026-05-19,2
21490,860,2026-05-28,1
21491,860,2026-06-01,2
21492,860,2026-06-08,2
21493,860,2026-06-15,1
21494,860,2026-06-23,2
21495,860,2026-07-01,1
21496,860,2026-07-09,1
21497,860,2026-07-15,2
21498,860,2026-07-24,2
21499,860,2026-07-29,1
21500,860,2026-08-04,1
21501,861,2026-02-20,2
21502,861,2026-02-24,2
21503,861,2026-03-02,1
21504,861,2026-03-10,2
21505,861,2026-03-17,2
21506,861,2026-03-26,2
21507,861,2026-04-02,2
21508,861,2026-04-09,2
21509,861,2026-04-16,2
21510,861,2026-04-24,2
21511,861,2026-04-30,2
21512,861,2026-05-08,2
21513,861,2026-05-12,2
21514,861,2026-05-19,2
21515,861,2026-05-29,2
21516,861,2026-06-03,2
21517,861,2026-06-09,2
21518,861,2026-06-16,2
21519,861,2026-06-26,2
21520,861,2026-07-02,2
21521,861,2026-07-06,3
21522,861,2026-07-17,2
21523,861,2026-07-22,2
21524,861,2026-07-27,2
21525,861,2026-08-03,2
21526,862,2026-02-17,2
21527,862,2026-02-27,2
21528,862,2026-03-02,2
21529,862,2026-03-13,2
21530,862,2026-03-17,1
21531,862,2026-03-25,2
21532,862,2026-03-31,2
21533,862,2026-04-08,3
21534,862,2026-04-14,2
21535,862,2026-04-22,2
21536,862,2026-04-27,2
21537,862,2026-05-07,2
21538,862,2026-05-14,3
21539,862,2026-05-19,3
21540,862,2026-05-29,2
21541,862,2026-06-02,2
21542,862,2026-06-10,2
21543,862,2026-06-18,2
21544,862,2026-06-23,2
21545,862,2026-06-30,2
21546,862,2026-07-08,2
21547,862,2026-07-17,2
21548,862,2026-07-24,2
21549,862,2026-07-31,2
21550,862,2026-08-04,2
21551,863,2026-02-18,2
21552,863,2026-02-24,2
21553,863,2026-03-05,2
21554,863,2026-03-11,2
21555,863,2026-03-16,2
21556,863,2026-03-27,2
21557,863,2026-04-02,3
21558,863,2026-04-09,2
21559,863,2026-04-17,2
21560,863,2026-04-22,2
21561,863,2026-04-27,2
21562,863,2026-05-08,2
21563,863,2026-05-14,2
21564,863,2026-05-20,1
21565,863,2026-05-27,2
21566,863,2026-06-02,2
21567,863,2026-06-10,1
21568,863,2026-06-16,2
21569,863,2026-06-26,2
21570,863,2026-06-30,1
21571,863,2026-07-09,3
21572,863,2026-07-17,3
21573,863,2026-07-21,1
21574,863,2026-07-31,2
21575,863,2026-08-05,2
21576,864,2026-02-16,1
21577,864,2026-02-26,3
21578,864,2026-03-04,2
21579,864,2026-03-10,3
21580,864,2026-03-18,1
21581,864,2026-03-23,2
21582,864,2026-04-03,3
21583,864,2026-04-08,1
21584,864,2026-04-14,2
21585,864,2026-04-24,1
21586,864,2026-05-01,2
21587,864,2026-05-08,1
21588,864,2026-05-13,1
21589,864,2026-05-22,1
21590,864,2026-05-27,2
21591,864,2026-06-04,2
21592,864,2026-06-08,2
21593,864,2026-06-16,2
21594,864,2026-06-26,2
21595,864,2026-07-02,2
21596,864,2026-07-10,2
21597,864,2026-07-16,2
21598,864,2026-07-22,2
21599,864,2026-07-29,3
21600,864,2026-08-04,2
21601,865,2026-02-20,1
21602,865,2026-02-23,2
21603,865,2026-03-05,2
21604,865,2026-03-12,2
21605,865,2026-03-18,3
21606,865,2026-03-23,1
21607,865,2026-04-01,2
21608,865,2026-04-09,2
21609,865,2026-04-13,2
21610,865,2026-04-24,3
21611,865,2026-05-01,2
21612,865,2026-05-05,3
21613,865,2026-05-11,3
21614,865,2026-05-18,2
21615,865,2026-05-29,2
21616,865,2026-06-05,2
21617,865,2026-06-10,2
21618,865,2026-06-17,3
21619,865,2026-06-23,2
21620,865,2026-07-03,3
21621,865,2026-07-10,3
21622,865,2026-07-16,3
21623,865,2026-07-21,1
21624,865,2026-07-29,1
21625,865,2026-08-05,1
21626,866,2026-02-19,3
21627,866,2026-02-26,1
21628,866,2026-03-06,1
21629,866,2026-03-12,1
21630,866,2026-03-19,2
21631,866,2026-03-26,1
21632,866,2026-04-03,2
21633,866,2026-04-10,2
21634,866,2026-04-17,2
21635,866,2026-04-24,2
21636,866,2026-04-29,3
21637,866,2026-05-07,2
21638,866,2026-05-11,1
21639,866,2026-05-21,1
21640,866,2026-05-25,1
21641,866,2026-06-04,1
21642,866,2026-06-08,1
21643,866,2026-06-18,1
21644,866,2026-06-26,2
21645,866,2026-06-29,1
21646,866,2026-07-06,2
21647,866,2026-07-15,2
21648,866,2026-07-24,3
21649,866,2026-07-30,1
21650,866,2026-08-03,2
21651,867,2026-02-16,1
21652,867,2026-02-24,2
21653,867,2026-03-06,1
21654,867,2026-03-11,2
21655,867,2026-03-19,2
21656,867,2026-03-23,1
21657,867,2026-04-01,2
21658,867,2026-04-09,2
21659,867,2026-04-16,2
21660,867,2026-04-22,1
21661,867,2026-04-30,2
21662,867,2026-05-07,1
21663,867,2026-05-13,2
21664,867,2026-05-18,1
21665,867,2026-05-27,1
21666,867,2026-06-01,2
21667,867,2026-06-12,2
21668,867,2026-06-19,1
21669,867,2026-06-25,2
21670,867,2026-06-29,1
21671,867,2026-07-06,1
21672,867,2026-07-16,1
21673,867,2026-07-23,2
21674,867,2026-07-29,2
21675,867,2026-08-05,2
21676,868,2026-02-17,1
21677,868,2026-02-24,1
21678,868,2026-03-04,1
21679,868,2026-03-10,2
21680,868,2026-03-18,2
21681,868,2026-03-27,2
21682,868,2026-04-02,2
21683,868,2026-04-10,3
21684,868,2026-04-17,3
21685,868,2026-04-22,2
21686,868,2026-04-27,2
21687,868,2026-05-06,1
21688,868,2026-05-13,1
21689,868,2026-05-18,1
21690,868,2026-05-27,1
21691,868,2026-06-04,1
21692,868,2026-06-11,1
21693,868,2026-06-19,1
21694,868,2026-06-23,2
21695,868,2026-07-02,2
21696,868,2026-07-08,2
21697,868,2026-07-15,1
21698,868,2026-07-20,1
21699,868,2026-07-28,1
21700,868,2026-08-05,3
21701,869,2026-02-20,2
21702,869,2026-02-26,2
21703,869,2026-03-02,3
21704,869,2026-03-12,2
21705,869,2026-03-20,2
21706,869,2026-03-27,2
21707,869,2026-03-31,2
21708,869,2026-04-08,2
21709,869,2026-04-16,3
21710,869,2026-04-20,2
21711,869,2026-04-29,3
21712,869,2026-05-04,2
21713,869,2026-05-12,2
21714,869,2026-05-20,2
21715,869,2026-05-25,1
21716,869,2026-06-02,2
21717,869,2026-06-12,2
21718,869,2026-06-17,1
21719,869,2026-06-25,2
21720,869,2026-07-02,2
21721,869,2026-07-07,3
21722,869,2026-07-16,3
21723,869,2026-07-22,2
21724,869,2026-07-31,2
21725,869,2026-08-03,3
21726,870,2026-02-17,2
21727,870,2026-02-27,2
21728,870,2026-03-04,1
21729,870,2026-03-13,3
21730,870,2026-03-17,3
21731,870,2026-03-26,3
21732,870,2026-04-03,3
21733,870,2026-04-06,2
21734,870,2026-04-16,2
21735,870,2026-04-21,3
21736,870,2026-04-29,2
21737,870,2026-05-08,2
21738,870,2026-05-13,3
21739,870,2026-05-19,2
21740,870,2026-05-25,2
21741,870,2026-06-01,2
21742,870,2026-06-08,3
21743,870,2026-06-15,3
21744,870,2026-06-23,2
21745,870,2026-07-02,2
21746,870,2026-07-10,2
21747,870,2026-07-17,2
21748,870,2026-07-23,2
21749,870,2026-07-31,2
21750,870,2026-08-05,2
21751,871,2026-02-20,2
21752,871,2026-02-24,2
21753,871,2026-03-02,2
21754,871,2026-03-11,3
21755,871,2026-03-20,2
21756,871,2026-03-25,2
21757,871,2026-03-31,2
21758,871,2026-04-09,1
21759,871,2026-04-16,2
21760,871,2026-04-22,2
21761,871,2026-05-01,2
21762,871,2026-05-07,2
21763,871,2026-05-14,2
21764,871,2026-05-18,2
21765,871,2026-05-26,2
21766,871,2026-06-04,2
21767,871,2026-06-10,1
21768,871,2026-06-18,1
21769,871,2026-06-23,1
21770,871,2026-06-29,2
21771,871,2026-07-07,2
21772,871,2026-07-16,2
21773,871,2026-07-21,2
21774,871,2026-07-29,2
21775,871,2026-08-05,2
21776,872,2026-02-17,1
21777,872,2026-02-27,2
21778,872,2026-03-04,2
21779,872,2026-03-12,2
21780,872,2026-03-20,1
21781,872,2026-03-27,3
21782,872,2026-04-02,2
21783,872,2026-04-07,2
21784,872,2026-04-14,2
21785,872,2026-04-20,1
21786,872,2026-05-01,1
21787,872,2026-05-04,1
21788,872,2026-05-12,2
21789,872,2026-05-19,2
21790,872,2026-05-26,2
21791,872,2026-06-03,2
21792,872,2026-06-11,2
21793,872,2026-06-18,1
21794,872,2026-06-22,2
21795,872,2026-07-02,3
21796,872,2026-07-06,2
21797,872,2026-07-16,2
21798,872,2026-07-21,2
21799,872,2026-07-27,1
21800,872,2026-08-06,3
21801,873,2026-02-18,3
21802,873,2026-02-25,2
21803,873,2026-03-05,2
21804,873,2026-03-12,2
21805,873,2026-03-19,2
21806,873,2026-03-24,3
21807,873,2026-04-02,2
21808,873,2026-04-07,2
21809,873,2026-04-16,2
21810,873,2026-04-21,3
21811,873,2026-04-30,2
21812,873,2026-05-07,2
21813,873,2026-05-15,1
21814,873,2026-05-20,1
21815,873,2026-05-25,3
21816,873,2026-06-05,3
21817,873,2026-06-12,2
21818,873,2026-06-19,3
21819,873,2026-06-26,2
21820,873,2026-07-02,2
21821,873,2026-07-09,2
21822,873,2026-07-15,2
21823,873,2026-07-23,2
21824,873,2026-07-29,2
21825,873,2026-08-07,2
21826,874,2026-02-18,2
21827,874,2026-02-24,3
21828,874,2026-03-04,3
21829,874,2026-03-13,2
21830,874,2026-03-18,2
21831,874,2026-03-24,2
21832,874,2026-04-03,3
21833,874,2026-04-08,3
21834,874,2026-04-14,3
21835,874,2026-04-23,3
21836,874,2026-04-30,3
21837,874,2026-05-06,3
21838,874,2026-05-11,3
21839,874,2026-05-19,2
21840,874,2026-05-28,3
21841,874,2026-06-04,2
21842,874,2026-06-11,2
21843,874,2026-06-18,2
21844,874,2026-06-26,2
21845,874,2026-07-02,2
21846,874,2026-07-08,3
21847,874,2026-07-13,1
21848,874,2026-07-22,2
21849,874,2026-07-28,3
21850,874,2026-08-03,2
21851,875,2026-02-19,2
21852,875,2026-02-26,2
21853,875,2026-03-04,2
21854,875,2026-03-09,2
21855,875,2026-03-18,3
21856,875,2026-03-27,1
21857,875,2026-04-02,3
21858,875,2026-04-08,2
21859,875,2026-04-14,2
21860,875,2026-04-22,2
21861,875,2026-04-27,2
21862,875,2026-05-04,2
21863,875,2026-05-13,2
21864,875,2026-05-21,2
21865,875,2026-05-26,2
21866,875,2026-06-02,2
21867,875,2026-06-08,3
21868,875,2026-06-19,1
21869,875,2026-06-26,2
21870,875,2026-06-29,2
21871,875,2026-07-06,3
21872,875,2026-07-13,1
21873,875,2026-07-24,2
21874,875,2026-07-29,3
21875,875,2026-08-03,1
21876,876,2026-02-18,2
21877,876,2026-02-26,1
21878,876,2026-03-04,2
21879,876,2026-03-13,2
21880,876,2026-03-17,1
21881,876,2026-03-24,3
21882,876,2026-04-01,2
21883,876,2026-04-08,1
21884,876,2026-04-15,1
21885,876,2026-04-21,3
21886,876,2026-05-01,2
21887,876,2026-05-06,2
21888,876,2026-05-14,3
21889,876,2026-05-20,2
21890,876,2026-05-26,1
21891,876,2026-06-03,2
21892,876,2026-06-09,2
21893,876,2026-06-16,2
21894,876,2026-06-23,3
21895,876,2026-07-02,2
21896,876,2026-07-09,2
21897,876,2026-07-13,2
21898,876,2026-07-20,2
21899,876,2026-07-27,1
21900,876,2026-08-05,3
21901,877,2026-02-16,2
21902,877,2026-02-27,1
21903,877,2026-03-02,2
21904,877,2026-03-09,2
21905,877,2026-03-16,2
21906,877,2026-03-24,2
21907,877,2026-04-01,3
21908,877,2026-04-10,2
21909,877,2026-04-15,3
21910,877,2026-04-23,2
21911,877,2026-04-27,1
21912,877,2026-05-04,2
21913,877,2026-05-15,1
21914,877,2026-05-22,3
21915,877,2026-05-29,1
21916,877,2026-06-05,2
21917,877,2026-06-12,2
21918,877,2026-06-18,1
21919,877,2026-06-24,3
21920,877,2026-06-29,2
21921,877,2026-07-06,2
21922,877,2026-07-17,1
21923,877,2026-07-20,2
21924,877,2026-07-29,3
21925,877,2026-08-07,2
21926,878,2026-02-19,2
21927,878,2026-02-25,1
21928,878,2026-03-05,1
21929,878,2026-03-12,2
21930,878,2026-03-16,1
21931,878,2026-03-25,2
21932,878,2026-04-01,1
21933,878,2026-04-09,2
21934,878,2026-04-16,1
21935,878,2026-04-23,2
21936,878,2026-04-27,1
21937,878,2026-05-08,2
21938,878,2026-05-14,1
21939,878,2026-05-22,1
21940,878,2026-05-28,2
21941,878,2026-06-01,2
21942,878,2026-06-10,2
21943,878,2026-06-18,2
21944,878,2026-06-26,2
21945,878,2026-07-02,1
21946,878,2026-07-09,1
21947,878,2026-07-16,2
21948,878,2026-07-24,2
21949,878,2026-07-28,2
21950,878,2026-08-07,2
21951,879,2026-02-18,2
21952,879,2026-02-24,2
21953,879,2026-03-04,2
21954,879,2026-03-12,2
21955,879,2026-03-18,3
21956,879,2026-03-27,3
21957,879,2026-04-03,1
21958,879,2026-04-08,1
21959,879,2026-04-13,1
21960,879,2026-04-24,2
21961,879,2026-05-01,2
21962,879,2026-05-04,2
21963,879,2026-05-13,3
21964,879,2026-05-19,2
21965,879,2026-05-26,2
21966,879,2026-06-02,1
21967,879,2026-06-08,3
21968,879,2026-06-16,1
21969,879,2026-06-26,2
21970,879,2026-06-30,2
21971,879,2026-07-09,2
21972,879,2026-07-16,2
21973,879,2026-07-22,2
21974,879,2026-07-27,2
21975,879,2026-08-05,2
21976,880,2026-02-19,2
21977,880,2026-02-24,3
21978,880,2026-03-06,2
21979,880,2026-03-13,3
21980,880,2026-03-19,2
21981,880,2026-03-24,3
21982,880,2026-03-31,3
21983,880,2026-04-06,3
21984,880,2026-04-15,2
21985,880,2026-04-20,3
21986,880,2026-04-29,2
21987,880,2026-05-04,1
21988,880,2026-05-12,3
21989,880,2026-05-18,2
21990,880,2026-05-29,1
21991,880,2026-06-04,3
21992,880,2026-06-11,2
21993,880,2026-06-15,1
21994,880,2026-06-24,2
21995,880,2026-07-02,2
21996,880,2026-07-08,3
21997,880,2026-07-16,2
21998,880,2026-07-21,2
21999,880,2026-07-28,3
22000,880,2026-08-07,1
22001,881,2026-02-16,2
22002,881,2026-02-25,2
22003,881,2026-03-05,2
22004,881,2026-03-13,3
22005,881,2026-03-18,1
22006,881,2026-03-24,1
22007,881,2026-04-01,2
22008,881,2026-04-09,2
22009,881,2026-04-15,1
22010,881,2026-04-22,2
22011,881,2026-04-28,1
22012,881,2026-05-04,2
22013,881,2026-05-12,3
22014,881,2026-05-20,2
22015,881,2026-05-29,2
22016,881,2026-06-03,2
22017,881,2026-06-10,2
22018,881,2026-06-15,2
22019,881,2026-06-22,3
22020,881,2026-06-30,1
22021,881,2026-07-07,2
22022,881,2026-07-17,2
22023,881,2026-07-23,3
22024,881,2026-07-28,2
22025,881,2026-08-05,2
22026,882,2026-02-20,3
22027,882,2026-02-26,2
22028,882,2026-03-05,2
22029,882,2026-03-11,2
22030,882,2026-03-19,2
22031,882,2026-03-26,3
22032,882,2026-04-01,3
22033,882,2026-04-06,3
22034,882,2026-04-14,3
22035,882,2026-04-20,3
22036,882,2026-04-28,2
22037,882,2026-05-06,2
22038,882,2026-05-11,2
22039,882,2026-05-22,2
22040,882,2026-05-26,2
22041,882,2026-06-01,3
22042,882,2026-06-09,2
22043,882,2026-06-17,1
22044,882,2026-06-26,1
22045,882,2026-07-01,3
22046,882,2026-07-07,2
22047,882,2026-07-15,2
22048,882,2026-07-23,2
22049,882,2026-07-29,2
22050,882,2026-08-07,2
22051,883,2026-02-18,2
22052,883,2026-02-24,3
22053,883,2026-03-06,3
22054,883,2026-03-13,2
22055,883,2026-03-20,2
22056,883,2026-03-25,2
22057,883,2026-03-31,2
22058,883,2026-04-06,2
22059,883,2026-04-16,2
22060,883,2026-04-24,1
22061,883,2026-05-01,2
22062,883,2026-05-06,1
22063,883,2026-05-13,3
22064,883,2026-05-22,3
22065,883,2026-05-29,3
22066,883,2026-06-01,1
22067,883,2026-06-12,2
22068,883,2026-06-19,2
22069,883,2026-06-24,1
22070,883,2026-06-29,2
22071,883,2026-07-07,1
22072,883,2026-07-17,1
22073,883,2026-07-23,2
22074,883,2026-07-29,2
22075,883,2026-08-05,1
22076,884,2026-02-16,2
22077,884,2026-02-26,2
22078,884,2026-03-05,3
22079,884,2026-03-11,2
22080,884,2026-03-20,2
22081,884,2026-03-24,2
22082,884,2026-03-31,2
22083,884,2026-04-10,2
22084,884,2026-04-14,2
22085,884,2026-04-20,3
22086,884,2026-05-01,2
22087,884,2026-05-05,2
22088,884,2026-05-13,1
22089,884,2026-05-22,2
22090,884,2026-05-29,2
22091,884,2026-06-01,2
22092,884,2026-06-12,2
22093,884,2026-06-15,2
22094,884,2026-06-22,2
22095,884,2026-06-30,2
22096,884,2026-07-10,2
22097,884,2026-07-13,2
22098,884,2026-07-22,3
22099,884,2026-07-30,3
22100,884,2026-08-04,2
22101,885,2026-02-17,2
22102,885,2026-02-27,1
22103,885,2026-03-03,2
22104,885,2026-03-11,2
22105,885,2026-03-17,2
22106,885,2026-03-23,2
22107,885,2026-04-03,2
22108,885,2026-04-08,2
22109,885,2026-04-17,3
22110,885,2026-04-23,2
22111,885,2026-04-28,2
22112,885,2026-05-04,2
22113,885,2026-05-15,2
22114,885,2026-05-18,2
22115,885,2026-05-26,2
22116,885,2026-06-01,1
22117,885,2026-06-12,1
22118,885,2026-06-17,2
22119,885,2026-06-23,2
22120,885,2026-07-02,1
22121,885,2026-07-07,2
22122,885,2026-07-15,2
22123,885,2026-07-20,2
22124,885,2026-07-27,1
22125,885,2026-08-05,2
22126,886,2026-02-16,1
22127,886,2026-02-24,1
22128,886,2026-03-03,2
22129,886,2026-03-09,2
22130,886,2026-03-18,1
22131,886,2026-03-25,1
22132,886,2026-04-01,2
22133,886,2026-04-07,1
22134,886,2026-04-13,2
22135,886,2026-04-20,2
22136,886,2026-04-29,1
22137,886,2026-05-05,2
22138,886,2026-05-11,2
22139,886,2026-05-19,2
22140,886,2026-05-25,2
22141,886,2026-06-03,2
22142,886,2026-06-10,1
22143,886,2026-06-15,2
22144,886,2026-06-25,2
22145,886,2026-07-02,2
22146,886,2026-07-10,2
22147,886,2026-07-13,2
22148,886,2026-07-20,1
22149,886,2026-07-27,1
22150,886,2026-08-07,2
22151,887,2026-02-18,1
22152,887,2026-02-27,2
22153,887,2026-03-06,1
22154,887,2026-03-11,2
22155,887,2026-03-18,1
22156,887,2026-03-25,3
22157,887,2026-04-02,3
22158,887,2026-04-09,1
22159,887,2026-04-16,2
22160,887,2026-04-21,3
22161,887,2026-04-29,2
22162,887,2026-05-06,1
22163,887,2026-05-13,1
22164,887,2026-05-18,2
22165,887,2026-05-29,2
22166,887,2026-06-02,2
22167,887,2026-06-12,2
22168,887,2026-06-19,3
22169,887,2026-06-22,2
22170,887,2026-06-30,1
22171,887,2026-07-09,2
22172,887,2026-07-17,2
22173,887,2026-07-24,1
22174,887,2026-07-29,2
22175,887,2026-08-05,2
22176,888,2026-02-16,1
22177,888,2026-02-26,3
22178,888,2026-03-04,2
22179,888,2026-03-09,2
22180,888,2026-03-20,1
22181,888,2026-03-23,2
22182,888,2026-03-30,1
22183,888,2026-04-09,3
22184,888,2026-04-13,2
22185,888,2026-04-23,3
22186,888,2026-04-30,2
22187,888,2026-05-08,2
22188,888,2026-05-11,3
22189,888,2026-05-18,3
22190,888,2026-05-25,2
22191,888,2026-06-05,1
22192,888,2026-06-09,1
22193,888,2026-06-16,2
22194,888,2026-06-24,2
22195,888,2026-06-30,3
22196,888,2026-07-06,2
22197,888,2026-07-16,1
22198,888,2026-07-24,2
22199,888,2026-07-28,1
22200,888,2026-08-06,1
22201,889,2026-02-17,3
22202,889,2026-02-24,3
22203,889,2026-03-02,3
22204,889,2026-03-12,1
22205,889,2026-03-18,1
22206,889,2026-03-26,3
22207,889,2026-03-31,2
22208,889,2026-04-09,2
22209,889,2026-04-17,2
22210,889,2026-04-24,2
22211,889,2026-04-30,2
22212,889,2026-05-05,1
22213,889,2026-05-11,1
22214,889,2026-05-22,2
22215,889,2026-05-26,1
22216,889,2026-06-03,1
22217,889,2026-06-11,2
22218,889,2026-06-19,2
22219,889,2026-06-22,2
22220,889,2026-06-29,1
22221,889,2026-07-06,3
22222,889,2026-07-15,1
22223,889,2026-07-24,2
22224,889,2026-07-28,2
22225,889,2026-08-04,2
22226,890,2026-02-19,2
22227,890,2026-02-24,2
22228,890,2026-03-03,2
22229,890,2026-03-13,2
22230,890,2026-03-19,2
22231,890,2026-03-23,2
22232,890,2026-03-31,1
22233,890,2026-04-07,1
22234,890,2026-04-14,2
22235,890,2026-04-20,2
22236,890,2026-04-27,2
22237,890,2026-05-07,2
22238,890,2026-05-13,3
22239,890,2026-05-22,1
22240,890,2026-05-27,1
22241,890,2026-06-05,2
22242,890,2026-06-11,2
22243,890,2026-06-16,2
22244,890,2026-06-24,1
22245,890,2026-06-30,2
22246,890,2026-07-10,2
22247,890,2026-07-16,3
22248,890,2026-07-20,2
22249,890,2026-07-28,2
22250,890,2026-08-07,2
22251,891,2026-02-16,2
22252,891,2026-02-25,2
22253,891,2026-03-04,2
22254,891,2026-03-10,2
22255,891,2026-03-16,2
22256,891,2026-03-25,2
22257,891,2026-04-03,1
22258,891,2026-04-06,1
22259,891,2026-04-14,1
22260,891,2026-04-24,2
22261,891,2026-04-30,2
22262,891,2026-05-04,2
22263,891,2026-05-14,1
22264,891,2026-05-18,2
22265,891,2026-05-27,3
22266,891,2026-06-05,2
22267,891,2026-06-08,2
22268,891,2026-06-16,2
22269,891,2026-06-23,3
22270,891,2026-07-01,2
22271,891,2026-07-06,1
22272,891,2026-07-16,3
22273,891,2026-07-22,3
22274,891,2026-07-29,1
22275,891,2026-08-06,3
22276,892,2026-02-19,1
22277,892,2026-02-26,2
22278,892,2026-03-06,2
22279,892,2026-03-11,2
22280,892,2026-03-16,1
22281,892,2026-03-27,2
22282,892,2026-03-30,2
22283,892,2026-04-08,3
22284,892,2026-04-13,2
22285,892,2026-04-24,2
22286,892,2026-05-01,2
22287,892,2026-05-08,2
22288,892,2026-05-13,2
22289,892,2026-05-21,1
22290,892,2026-05-28,1
22291,892,2026-06-03,3
22292,892,2026-06-09,2
22293,892,2026-06-15,2
22294,892,2026-06-22,2
22295,892,2026-07-02,1
22296,892,2026-07-08,1
22297,892,2026-07-15,2
22298,892,2026-07-23,2
22299,892,2026-07-28,2
22300,892,2026-08-04,1
22301,893,2026-02-20,3
22302,893,2026-02-26,2
22303,893,2026-03-06,3
22304,893,2026-03-13,3
22305,893,2026-03-20,2
22306,893,2026-03-26,2
22307,893,2026-04-02,3
22308,893,2026-04-08,2
22309,893,2026-04-16,2
22310,893,2026-04-24,3
22311,893,2026-05-01,2
22312,893,2026-05-05,2
22313,893,2026-05-11,2
22314,893,2026-05-19,3
22315,893,2026-05-28,3
22316,893,2026-06-01,2
22317,893,2026-06-11,2
22318,893,2026-06-16,3
22319,893,2026-06-23,3
22320,893,2026-07-03,1
22321,893,2026-07-06,2
22322,893,2026-07-13,3
22323,893,2026-07-20,2
22324,893,2026-07-28,3
22325,893,2026-08-07,3
22326,894,2026-02-16,1
22327,894,2026-02-25,2
22328,894,2026-03-05,3
22329,894,2026-03-13,1
22330,894,2026-03-18,2
22331,894,2026-03-26,2
22332,894,2026-03-30,3
22333,894,2026-04-10,2
22334,894,2026-04-17,2
22335,894,2026-04-20,2
22336,894,2026-04-28,2
22337,894,2026-05-08,2
22338,894,2026-05-11,2
22339,894,2026-05-19,3
22340,894,2026-05-27,2
22341,894,2026-06-01,3
22342,894,2026-06-10,1
22343,894,2026-06-19,3
22344,894,2026-06-26,3
22345,894,2026-07-01,3
22346,894,2026-07-07,2
22347,894,2026-07-17,2
22348,894,2026-07-21,1
22349,894,2026-07-31,2
22350,894,2026-08-05,1
22351,895,2026-02-16,2
22352,895,2026-02-27,2
22353,895,2026-03-02,2
22354,895,2026-03-11,2
22355,895,2026-03-19,2
22356,895,2026-03-27,2
22357,895,2026-03-30,3
22358,895,2026-04-08,2
22359,895,2026-04-14,2
22360,895,2026-04-22,3
22361,895,2026-04-30,3
22362,895,2026-05-05,2
22363,895,2026-05-15,2
22364,895,2026-05-19,3
22365,895,2026-05-29,3
22366,895,2026-06-03,2
22367,895,2026-06-08,2
22368,895,2026-06-18,2
22369,895,2026-06-25,2
22370,895,2026-06-30,2
22371,895,2026-07-06,2
22372,895,2026-07-17,2
22373,895,2026-07-22,2
22374,895,2026-07-28,2
22375,895,2026-08-04,2
22376,896,2026-02-19,2
22377,896,2026-02-23,2
22378,896,2026-03-06,2
22379,896,2026-03-11,1
22380,896,2026-03-20,2
22381,896,2026-03-27,2
22382,896,2026-04-02,2
22383,896,2026-04-10,1
22384,896,2026-04-16,2
22385,896,2026-04-22,2
22386,896,2026-04-30,1
22387,896,2026-05-05,2
22388,896,2026-05-15,2
22389,896,2026-05-19,2
22390,896,2026-05-27,2
22391,896,2026-06-05,1
22392,896,2026-06-09,2
22393,896,2026-06-16,2
22394,896,2026-06-26,2
22395,896,2026-06-30,2
22396,896,2026-07-10,2
22397,896,2026-07-13,2
22398,896,2026-07-20,2
22399,896,2026-07-31,2
22400,896,2026-08-04,1
22401,897,2026-02-17,2
22402,897,2026-02-25,1
22403,897,2026-03-03,3
22404,897,2026-03-09,1
22405,897,2026-03-19,2
22406,897,2026-03-27,1
22407,897,2026-04-03,2
22408,897,2026-04-08,2
22409,897,2026-04-16,2
22410,897,2026-04-24,3
22411,897,2026-04-29,2
22412,897,2026-05-07,2
22413,897,2026-05-14,1
22414,897,2026-05-21,2
22415,897,2026-05-28,1
22416,897,2026-06-05,2
22417,897,2026-06-08,2
22418,897,2026-06-19,2
22419,897,2026-06-25,1
22420,897,2026-07-01,2
22421,897,2026-07-08,3
22422,897,2026-07-17,1
22423,897,2026-07-21,2
22424,897,2026-07-30,1
22425,897,2026-08-05,3
22426,898,2026-02-20,3
22427,898,2026-02-25,2
22428,898,2026-03-06,2
22429,898,2026-03-12,2
22430,898,2026-03-18,3
22431,898,2026-03-24,2
22432,898,2026-03-30,3
22433,898,2026-04-07,2
22434,898,2026-04-15,2
22435,898,2026-04-21,3
22436,898,2026-04-27,2
22437,898,2026-05-07,1
22438,898,2026-05-13,2
22439,898,2026-05-20,2
22440,898,2026-05-27,3
22441,898,2026-06-05,2
22442,898,2026-06-09,3
22443,898,2026-06-19,3
22444,898,2026-06-26,3
22445,898,2026-07-02,3
22446,898,2026-07-08,2
22447,898,2026-07-17,2
22448,898,2026-07-23,2
22449,898,2026-07-29,2
22450,898,2026-08-03,2
22451,899,2026-02-18,2
22452,899,2026-02-27,2
22453,899,2026-03-05,3
22454,899,2026-03-10,3
22455,899,2026-03-19,3
22456,899,2026-03-26,2
22457,899,2026-04-01,1
22458,899,2026-04-06,1
22459,899,2026-04-13,1
22460,899,2026-04-24,3
22461,899,2026-05-01,2
22462,899,2026-05-07,1
22463,899,2026-05-14,3
22464,899,2026-05-20,3
22465,899,2026-05-27,1
22466,899,2026-06-02,1
22467,899,2026-06-10,2
22468,899,2026-06-19,1
22469,899,2026-06-25,2
22470,899,2026-07-01,2
22471,899,2026-07-08,2
22472,899,2026-07-13,2
22473,899,2026-07-22,3
22474,899,2026-07-30,1
22475,899,2026-08-05,1
22476,900,2026-02-20,2
22477,900,2026-02-26,2
22478,900,2026-03-05,2
22479,900,2026-03-13,1
22480,900,2026-03-20,1
22481,900,2026-03-26,1
22482,900,2026-03-31,2
22483,900,2026-04-06,1
22484,900,2026-04-13,2
22485,900,2026-04-24,2
22486,900,2026-04-28,1
22487,900,2026-05-06,2
22488,900,2026-05-15,1
22489,900,2026-05-19,1
22490,900,2026-05-25,1
22491,900,2026-06-01,2
22492,900,2026-06-11,2
22493,900,2026-06-16,1
22494,900,2026-06-22,2
22495,900,2026-06-29,2
22496,900,2026-07-08,1
22497,900,2026-07-17,1
22498,900,2026-07-23,2
22499,900,2026-07-28,2
22500,900,2026-08-04,1
22501,901,2026-02-17,1
22502,901,2026-02-24,3
22503,901,2026-03-06,2
22504,901,2026-03-11,2
22505,901,2026-03-20,1
22506,901,2026-03-24,3
22507,901,2026-04-01,3
22508,901,2026-04-10,3
22509,901,2026-04-14,1
22510,901,2026-04-23,3
22511,901,2026-04-30,3
22512,901,2026-05-07,3
22513,901,2026-05-15,1
22514,901,2026-05-18,3
22515,901,2026-05-29,3
22516,901,2026-06-05,2
22517,901,2026-06-10,3
22518,901,2026-06-18,3
22519,901,2026-06-22,3
22520,901,2026-06-29,3
22521,901,2026-07-10,3
22522,901,2026-07-13,3
22523,901,2026-07-22,3
22524,901,2026-07-27,3
22525,901,2026-08-04,3
22526,902,2026-02-18,3
22527,902,2026-02-27,2
22528,902,2026-03-02,2
22529,902,2026-03-09,2
22530,902,2026-03-18,3
22531,902,2026-03-24,2
22532,902,2026-04-02,3
22533,902,2026-04-07,2
22534,902,2026-04-15,1
22535,902,2026-04-24,1
22536,902,2026-04-30,2
22537,902,2026-05-07,2
22538,902,2026-05-14,2
22539,902,2026-05-18,2
22540,902,2026-05-27,3
22541,902,2026-06-03,1
22542,902,2026-06-10,2
22543,902,2026-06-17,2
22544,902,2026-06-25,2
22545,902,2026-06-29,2
22546,902,2026-07-08,2
22547,902,2026-07-14,2
22548,902,2026-07-24,2
22549,902,2026-07-28,1
22550,902,2026-08-06,2
22551,903,2026-02-20,1
22552,903,2026-02-26,2
22553,903,2026-03-05,2
22554,903,2026-03-11,3
22555,903,2026-03-19,2
22556,903,2026-03-24,2
22557,903,2026-04-02,2
22558,903,2026-04-07,3
22559,903,2026-04-13,1
22560,903,2026-04-22,2
22561,903,2026-04-28,2
22562,903,2026-05-07,2
22563,903,2026-05-13,2
22564,903,2026-05-22,2
22565,903,2026-05-29,2
22566,903,2026-06-01,2
22567,903,2026-06-08,1
22568,903,2026-06-19,1
22569,903,2026-06-23,1
22570,903,2026-07-03,2
22571,903,2026-07-08,2
22572,903,2026-07-16,2
22573,903,2026-07-23,1
22574,903,2026-07-28,2
22575,903,2026-08-07,1
22576,904,2026-02-16,3
22577,904,2026-02-24,3
22578,904,2026-03-02,1
22579,904,2026-03-11,2
22580,904,2026-03-18,3
22581,904,2026-03-24,3
22582,904,2026-04-03,3
22583,904,2026-04-07,3
22584,904,2026-04-13,3
22585,904,2026-04-23,2
22586,904,2026-04-30,3
22587,904,2026-05-06,2
22588,904,2026-05-13,3
22589,904,2026-05-22,2
22590,904,2026-05-26,3
22591,904,2026-06-01,3
22592,904,2026-06-09,3
22593,904,2026-06-18,2
22594,904,2026-06-23,3
22595,904,2026-07-02,3
22596,904,2026-07-08,3
22597,904,2026-07-14,3
22598,904,2026-07-24,3
22599,904,2026-07-29,2
22600,904,2026-08-06,3
22601,905,2026-02-20,1
22602,905,2026-02-25,3
22603,905,2026-03-04,1
22604,905,2026-03-12,1
22605,905,2026-03-16,2
22606,905,2026-03-26,3
22607,905,2026-04-03,1
22608,905,2026-04-10,1
22609,905,2026-04-13,2
22610,905,2026-04-23,2
22611,905,2026-04-29,2
22612,905,2026-05-04,2
22613,905,2026-05-15,3
22614,905,2026-05-22,2
22615,905,2026-05-25,1
22616,905,2026-06-05,1
22617,905,2026-06-12,2
22618,905,2026-06-15,1
22619,905,2026-06-25,1
22620,905,2026-07-02,1
22621,905,2026-07-08,3
22622,905,2026-07-15,1
22623,905,2026-07-20,2
22624,905,2026-07-28,2
22625,905,2026-08-07,2
22626,906,2026-02-18,3
22627,906,2026-02-23,3
22628,906,2026-03-04,1
22629,906,2026-03-13,1
22630,906,2026-03-17,1
22631,906,2026-03-25,3
22632,906,2026-03-31,2
22633,906,2026-04-06,3
22634,906,2026-04-16,3
22635,906,2026-04-22,1
22636,906,2026-05-01,1
22637,906,2026-05-08,1
22638,906,2026-05-12,3
22639,906,2026-05-22,1
22640,906,2026-05-26,2
22641,906,2026-06-05,1
22642,906,2026-06-10,2
22643,906,2026-06-19,3
22644,906,2026-06-25,2
22645,906,2026-07-01,2
22646,906,2026-07-09,1
22647,906,2026-07-16,2
22648,906,2026-07-23,1
22649,906,2026-07-29,1
22650,906,2026-08-06,1
22651,907,2026-02-20,1
22652,907,2026-02-23,1
22653,907,2026-03-05,1
22654,907,2026-03-09,1
22655,907,2026-03-18,1
22656,907,2026-03-25,2
22657,907,2026-04-01,2
22658,907,2026-04-10,1
22659,907,2026-04-15,1
22660,907,2026-04-21,1
22661,907,2026-04-29,1
22662,907,2026-05-05,2
22663,907,2026-05-14,2
22664,907,2026-05-22,1
22665,907,2026-05-28,2
22666,907,2026-06-04,2
22667,907,2026-06-08,1
22668,907,2026-06-17,2
22669,907,2026-06-25,2
22670,907,2026-07-03,2
22671,907,2026-07-07,2
22672,907,2026-07-14,1
22673,907,2026-07-20,1
22674,907,2026-07-31,1
22675,907,2026-08-05,1
22676,908,2026-02-16,2
22677,908,2026-02-26,3
22678,908,2026-03-05,2
22679,908,2026-03-10,3
22680,908,2026-03-18,3
22681,908,2026-03-23,3
22682,908,2026-04-01,1
22683,908,2026-04-07,2
22684,908,2026-04-15,2
22685,908,2026-04-24,3
22686,908,2026-04-30,3
22687,908,2026-05-07,2
22688,908,2026-05-11,3
22689,908,2026-05-18,3
22690,908,2026-05-25,2
22691,908,2026-06-01,3
22692,908,2026-06-08,3
22693,908,2026-06-17,2
22694,908,2026-06-24,2
22695,908,2026-07-02,3
22696,908,2026-07-09,2
22697,908,2026-07-14,2
22698,908,2026-07-22,3
22699,908,2026-07-31,3
22700,908,2026-08-05,3
22701,909,2026-02-16,2
22702,909,2026-02-25,2
22703,909,2026-03-06,2
22704,909,2026-03-12,2
22705,909,2026-03-17,3
22706,909,2026-03-24,3
22707,909,2026-04-01,2
22708,909,2026-04-08,2
22709,909,2026-04-16,2
22710,909,2026-04-24,3
22711,909,2026-04-29,2
22712,909,2026-05-07,2
22713,909,2026-05-13,2
22714,909,2026-05-18,2
22715,909,2026-05-26,3
22716,909,2026-06-03,1
22717,909,2026-06-10,2
22718,909,2026-06-18,1
22719,909,2026-06-24,2
22720,909,2026-06-29,2
22721,909,2026-07-09,3
22722,909,2026-07-17,2
22723,909,2026-07-22,2
22724,909,2026-07-29,2
22725,909,2026-08-06,2
22726,910,2026-02-20,2
22727,910,2026-02-25,2
22728,910,2026-03-03,1
22729,910,2026-03-10,3
22730,910,2026-03-17,2
22731,910,2026-03-27,2
22732,910,2026-04-01,2
22733,910,2026-04-08,2
22734,910,2026-04-15,1
22735,910,2026-04-24,2
22736,910,2026-04-27,2
22737,910,2026-05-08,2
22738,910,2026-05-13,2
22739,910,2026-05-21,2
22740,910,2026-05-29,2
22741,910,2026-06-03,2
22742,910,2026-06-11,2
22743,910,2026-06-17,2
22744,910,2026-06-26,2
22745,910,2026-06-29,2
22746,910,2026-07-09,2
22747,910,2026-07-16,2
22748,910,2026-07-20,3
22749,910,2026-07-28,3
22750,910,2026-08-07,3
22751,911,2026-02-16,1
22752,911,2026-02-24,2
22753,911,2026-03-05,2
22754,911,2026-03-10,3
22755,911,2026-03-17,2
22756,911,2026-03-24,2
22757,911,2026-04-01,1
22758,911,2026-04-09,2
22759,911,2026-04-13,2
22760,911,2026-04-22,2
22761,911,2026-04-27,2
22762,911,2026-05-07,3
22763,911,2026-05-11,3
22764,911,2026-05-20,3
22765,911,2026-05-28,2
22766,911,2026-06-05,2
22767,911,2026-06-11,2
22768,911,2026-06-15,1
22769,911,2026-06-24,2
22770,911,2026-07-02,1
22771,911,2026-07-10,3
22772,911,2026-07-16,2
22773,911,2026-07-21,2
22774,911,2026-07-29,3
22775,911,2026-08-03,2
22776,912,2026-02-18,1
22777,912,2026-02-25,3
22778,912,2026-03-06,2
22779,912,2026-03-11,3
22780,912,2026-03-16,1
22781,912,2026-03-27,3
22782,912,2026-03-31,1
22783,912,2026-04-09,2
22784,912,2026-04-15,3
22785,912,2026-04-22,3
22786,912,2026-04-30,2
22787,912,2026-05-04,3
22788,912,2026-05-11,1
22789,912,2026-05-21,2
22790,912,2026-05-25,3
22791,912,2026-06-02,2
22792,912,2026-06-12,3
22793,912,2026-06-18,2
22794,912,2026-06-22,2
22795,912,2026-06-29,3
22796,912,2026-07-06,2
22797,912,2026-07-16,3
22798,912,2026-07-22,2
22799,912,2026-07-31,2
22800,912,2026-08-03,3
22801,913,2026-02-16,3
22802,913,2026-02-26,2
22803,913,2026-03-02,2
22804,913,2026-03-12,3
22805,913,2026-03-19,2
22806,913,2026-03-27,2
22807,913,2026-04-01,3
22808,913,2026-04-10,2
22809,913,2026-04-13,2
22810,913,2026-04-23,2
22811,913,2026-05-01,2
22812,913,2026-05-07,2
22813,913,2026-05-15,2
22814,913,2026-05-19,2
22815,913,2026-05-29,2
22816,913,2026-06-03,2
22817,913,2026-06-10,2
22818,913,2026-06-15,2
22819,913,2026-06-25,3
22820,913,2026-06-30,2
22821,913,2026-07-06,2
22822,913,2026-07-15,3
22823,913,2026-07-24,2
22824,913,2026-07-28,2
22825,913,2026-08-07,2
22826,914,2026-02-19,2
22827,914,2026-02-26,1
22828,914,2026-03-05,2
22829,914,2026-03-10,2
22830,914,2026-03-18,2
22831,914,2026-03-24,2
22832,914,2026-04-02,2
22833,914,2026-04-09,2
22834,914,2026-04-14,2
22835,914,2026-04-22,2
22836,914,2026-04-29,2
22837,914,2026-05-08,2
22838,914,2026-05-15,2
22839,914,2026-05-21,3
22840,914,2026-05-25,2
22841,914,2026-06-04,2
22842,914,2026-06-08,3
22843,914,2026-06-18,1
22844,914,2026-06-23,3
22845,914,2026-06-30,2
22846,914,2026-07-10,2
22847,914,2026-07-17,2
22848,914,2026-07-21,2
22849,914,2026-07-29,3
22850,914,2026-08-03,2
22851,915,2026-02-17,3
22852,915,2026-02-25,2
22853,915,2026-03-02,2
22854,915,2026-03-10,2
22855,915,2026-03-20,2
22856,915,2026-03-23,3
22857,915,2026-03-30,3
22858,915,2026-04-08,3
22859,915,2026-04-14,2
22860,915,2026-04-20,3
22861,915,2026-05-01,2
22862,915,2026-05-07,2
22863,915,2026-05-13,2
22864,915,2026-05-19,2
22865,915,2026-05-28,2
22866,915,2026-06-03,2
22867,915,2026-06-12,2
22868,915,2026-06-16,2
22869,915,2026-06-25,2
22870,915,2026-07-02,3
22871,915,2026-07-07,2
22872,915,2026-07-15,2
22873,915,2026-07-23,2
22874,915,2026-07-31,3
22875,915,2026-08-06,2
22876,916,2026-02-16,2
22877,916,2026-02-25,1
22878,916,2026-03-06,1
22879,916,2026-03-09,2
22880,916,2026-03-17,1
22881,916,2026-03-23,3
22882,916,2026-03-30,1
22883,916,2026-04-09,1
22884,916,2026-04-14,1
22885,916,2026-04-22,1
22886,916,2026-04-30,1
22887,916,2026-05-06,1
22888,916,2026-05-15,1
22889,916,2026-05-19,2
22890,916,2026-05-28,1
22891,916,2026-06-01,3
22892,916,2026-06-12,1
22893,916,2026-06-16,1
22894,916,2026-06-24,2
22895,916,2026-06-30,1
22896,916,2026-07-09,1
22897,916,2026-07-14,1
22898,916,2026-07-23,2
22899,916,2026-07-31,1
22900,916,2026-08-05,1
22901,917,2026-02-17,2
22902,917,2026-02-27,2
22903,917,2026-03-06,2
22904,917,2026-03-12,2
22905,917,2026-03-19,1
22906,917,2026-03-27,2
22907,917,2026-03-30,2
22908,917,2026-04-06,2
22909,917,2026-04-14,3
22910,917,2026-04-21,2
22911,917,2026-04-28,2
22912,917,2026-05-05,2
22913,917,2026-05-11,2
22914,917,2026-05-20,2
22915,917,2026-05-26,2
22916,917,2026-06-03,1
22917,917,2026-06-09,2
22918,917,2026-06-18,2
22919,917,2026-06-22,2
22920,917,2026-06-29,2
22921,917,2026-07-10,2
22922,917,2026-07-16,2
22923,917,2026-07-24,2
22924,917,2026-07-31,2
22925,917,2026-08-04,2
22926,918,2026-02-20,2
22927,918,2026-02-25,3
22928,918,2026-03-05,2
22929,918,2026-03-11,3
22930,918,2026-03-19,2
22931,918,2026-03-25,2
22932,918,2026-04-01,2
22933,918,2026-04-09,2
22934,918,2026-04-15,2
22935,918,2026-04-21,2
22936,918,2026-04-28,2
22937,918,2026-05-06,1
22938,918,2026-05-13,2
22939,918,2026-05-20,2
22940,918,2026-05-27,2
22941,918,2026-06-01,2
22942,918,2026-06-08,2
22943,918,2026-06-19,2
22944,918,2026-06-22,2
22945,918,2026-07-03,1
22946,918,2026-07-08,2
22947,918,2026-07-13,2
22948,918,2026-07-21,2
22949,918,2026-07-30,2
22950,918,2026-08-06,2
22951,919,2026-02-20,1
22952,919,2026-02-23,2
22953,919,2026-03-04,2
22954,919,2026-03-10,2
22955,919,2026-03-16,2
22956,919,2026-03-24,1
22957,919,2026-04-03,2
22958,919,2026-04-10,3
22959,919,2026-04-13,3
22960,919,2026-04-24,1
22961,919,2026-04-28,2
22962,919,2026-05-07,2
22963,919,2026-05-14,2
22964,919,2026-05-22,2
22965,919,2026-05-27,2
22966,919,2026-06-01,2
22967,919,2026-06-12,2
22968,919,2026-06-17,2
22969,919,2026-06-25,3
22970,919,2026-06-29,2
22971,919,2026-07-08,2
22972,919,2026-07-16,1
22973,919,2026-07-21,1
22974,919,2026-07-28,2
22975,919,2026-08-03,2
22976,920,2026-02-18,1
22977,920,2026-02-27,3
22978,920,2026-03-03,1
22979,920,2026-03-10,2
22980,920,2026-03-17,2
22981,920,2026-03-25,2
22982,920,2026-04-01,1
22983,920,2026-04-06,2
22984,920,2026-04-13,1
22985,920,2026-04-20,1
22986,920,2026-04-28,2
22987,920,2026-05-07,2
22988,920,2026-05-12,1
22989,920,2026-05-22,2
22990,920,2026-05-26,1
22991,920,2026-06-04,2
22992,920,2026-06-08,3
22993,920,2026-06-16,2
22994,920,2026-06-22,2
22995,920,2026-07-03,1
22996,920,2026-07-09,2
22997,920,2026-07-16,3
22998,920,2026-07-22,1
22999,920,2026-07-30,1
23000,920,2026-08-06,2
23001,921,2026-02-20,2
23002,921,2026-02-23,2
23003,921,2026-03-05,3
23004,921,2026-03-12,1
23005,921,2026-03-19,2
23006,921,2026-03-23,2
23007,921,2026-04-03,1
23008,921,2026-04-07,2
23009,921,2026-04-16,2
23010,921,2026-04-23,1
23011,921,2026-04-28,2
23012,921,2026-05-08,1
23013,921,2026-05-13,2
23014,921,2026-05-18,2
23015,921,2026-05-28,2
23016,921,2026-06-04,2
23017,921,2026-06-11,2
23018,921,2026-06-15,2
23019,921,2026-06-25,2
23020,921,2026-06-30,1
23021,921,2026-07-06,2
23022,921,2026-07-16,1
23023,921,2026-07-21,1
23024,921,2026-07-27,2
23025,921,2026-08-05,1
23026,922,2026-02-20,2
23027,922,2026-02-27,1
23028,922,2026-03-05,3
23029,922,2026-03-13,2
23030,922,2026-03-16,3
23031,922,2026-03-25,2
23032,922,2026-03-30,3
23033,922,2026-04-10,2
23034,922,2026-04-16,3
23035,922,2026-04-24,3
23036,922,2026-04-28,2
23037,922,2026-05-04,2
23038,922,2026-05-12,2
23039,922,2026-05-19,2
23040,922,2026-05-28,2
23041,922,2026-06-03,2
23042,922,2026-06-10,2
23043,922,2026-06-18,2
23044,922,2026-06-24,2
23045,922,2026-07-03,2
23046,922,2026-07-09,3
23047,922,2026-07-16,2
23048,922,2026-07-22,2
23049,922,2026-07-27,1
23050,922,2026-08-07,2
23051,923,2026-02-16,2
23052,923,2026-02-26,2
23053,923,2026-03-02,2
23054,923,2026-03-11,3
23055,923,2026-03-17,1
23056,923,2026-03-27,2
23057,923,2026-03-30,3
23058,923,2026-04-09,2
23059,923,2026-04-15,1
23060,923,2026-04-24,2
23061,923,2026-04-27,1
23062,923,2026-05-08,1
23063,923,2026-05-14,2
23064,923,2026-05-18,2
23065,923,2026-05-26,1
23066,923,2026-06-03,2
23067,923,2026-06-09,3
23068,923,2026-06-17,2
23069,923,2026-06-22,2
23070,923,2026-07-03,3
23071,923,2026-07-09,2
23072,923,2026-07-13,1
23073,923,2026-07-20,2
23074,923,2026-07-31,3
23075,923,2026-08-03,2
23076,924,2026-02-20,2
23077,924,2026-02-27,1
23078,924,2026-03-02,3
23079,924,2026-03-10,3
23080,924,2026-03-19,2
23081,924,2026-03-27,1
23082,924,2026-03-31,2
23083,924,2026-04-10,1
23084,924,2026-04-16,3
23085,924,2026-04-23,3
23086,924,2026-04-27,1
23087,924,2026-05-07,1
23088,924,2026-05-13,2
23089,924,2026-05-19,3
23090,924,2026-05-25,2
23091,924,2026-06-03,3
23092,924,2026-06-09,2
23093,924,2026-06-15,3
23094,924,2026-06-26,2
23095,924,2026-06-30,3
23096,924,2026-07-09,2
23097,924,2026-07-14,3
23098,924,2026-07-22,3
23099,924,2026-07-28,2
23100,924,2026-08-06,3
23101,925,2026-02-17,1
23102,925,2026-02-24,2
23103,925,2026-03-02,1
23104,925,2026-03-12,2
23105,925,2026-03-20,2
23106,925,2026-03-23,2
23107,925,2026-04-03,2
23108,925,2026-04-10,2
23109,925,2026-04-16,2
23110,925,2026-04-22,1
23111,925,2026-04-29,3
23112,925,2026-05-08,2
23113,925,2026-05-11,2
23114,925,2026-05-19,2
23115,925,2026-05-29,1
23116,925,2026-06-02,3
23117,925,2026-06-09,2
23118,925,2026-06-17,3
23119,925,2026-06-26,2
23120,925,2026-06-30,2
23121,925,2026-07-10,2
23122,925,2026-07-15,2
23123,925,2026-07-21,1
23124,925,2026-07-31,2
23125,925,2026-08-03,3
23126,926,2026-02-19,2
23127,926,2026-02-25,2
23128,926,2026-03-05,3
23129,926,2026-03-10,2
23130,926,2026-03-18,2
23131,926,2026-03-23,1
23132,926,2026-04-02,1
23133,926,2026-04-08,2
23134,926,2026-04-15,2
23135,926,2026-04-22,1
23136,926,2026-04-30,3
23137,926,2026-05-08,1
23138,926,2026-05-12,3
23139,926,2026-05-20,2
23140,926,2026-05-25,1
23141,926,2026-06-01,1
23142,926,2026-06-09,3
23143,926,2026-06-15,2
23144,926,2026-06-24,1
23145,926,2026-06-29,2
23146,926,2026-07-06,3
23147,926,2026-07-14,1
23148,926,2026-07-24,2
23149,926,2026-07-28,2
23150,926,2026-08-04,1
23151,927,2026-02-20,2
23152,927,2026-02-25,2
23153,927,2026-03-04,2
23154,927,2026-03-13,2
23155,927,2026-03-20,2
23156,927,2026-03-26,2
23157,927,2026-04-03,2
23158,927,2026-04-10,2
23159,927,2026-04-13,2
23160,927,2026-04-21,2
23161,927,2026-04-29,2
23162,927,2026-05-08,2
23163,927,2026-05-14,2
23164,927,2026-05-18,2
23165,927,2026-05-28,2
23166,927,2026-06-04,2
23167,927,2026-06-08,2
23168,927,2026-06-18,1
23169,927,2026-06-22,2
23170,927,2026-06-30,2
23171,927,2026-07-06,1
23172,927,2026-07-15,2
23173,927,2026-07-23,2
23174,927,2026-07-31,1
23175,927,2026-08-06,1
23176,928,2026-02-20,2
23177,928,2026-02-25,2
23178,928,2026-03-02,2
23179,928,2026-03-10,2
23180,928,2026-03-18,2
23181,928,2026-03-26,2
23182,928,2026-03-30,2
23183,928,2026-04-08,3
23184,928,2026-04-13,2
23185,928,2026-04-23,2
23186,928,2026-04-29,2
23187,928,2026-05-08,2
23188,928,2026-05-12,2
23189,928,2026-05-22,2
23190,928,2026-05-29,2
23191,928,2026-06-03,1
23192,928,2026-06-09,2
23193,928,2026-06-16,2
23194,928,2026-06-25,2
23195,928,2026-07-02,2
23196,928,2026-07-10,1
23197,928,2026-07-15,2
23198,928,2026-07-20,2
23199,928,2026-07-31,2
23200,928,2026-08-06,2
23201,929,2026-02-19,2
23202,929,2026-02-26,1
23203,929,2026-03-05,2
23204,929,2026-03-09,2
23205,929,2026-03-16,2
23206,929,2026-03-26,2
23207,929,2026-04-01,2
23208,929,2026-04-07,2
23209,929,2026-04-15,3
23210,929,2026-04-22,2
23211,929,2026-05-01,2
23212,929,2026-05-07,3
23213,929,2026-05-12,3
23214,929,2026-05-18,2
23215,929,2026-05-28,2
23216,929,2026-06-02,2
23217,929,2026-06-08,2
23218,929,2026-06-16,3
23219,929,2026-06-23,3
23220,929,2026-06-30,3
23221,929,2026-07-08,2
23222,929,2026-07-17,2
23223,929,2026-07-23,1
23224,929,2026-07-30,1
23225,929,2026-08-05,1
23226,930,2026-02-18,3
23227,930,2026-02-25,2
23228,930,2026-03-02,3
23229,930,2026-03-09,1
23230,930,2026-03-18,3
23231,930,2026-03-27,2
23232,930,2026-04-01,1
23233,930,2026-04-10,2
23234,930,2026-04-13,1
23235,930,2026-04-24,3
23236,930,2026-04-29,1
23237,930,2026-05-07,3
23238,930,2026-05-12,1
23239,930,2026-05-18,1
23240,930,2026-05-29,1
23241,930,2026-06-01,3
23242,930,2026-06-10,3
23243,930,2026-06-18,3
23244,930,2026-06-22,3
23245,930,2026-07-01,3
23246,930,2026-07-08,3
23247,930,2026-07-14,2
23248,930,2026-07-23,1
23249,930,2026-07-27,3
23250,930,2026-08-06,3
23251,931,2026-02-20,2
23252,931,2026-02-25,3
23253,931,2026-03-06,2
23254,931,2026-03-11,3
23255,931,2026-03-19,3
23256,931,2026-03-26,1
23257,931,2026-03-30,1
23258,931,2026-04-06,2
23259,931,2026-04-13,2
23260,931,2026-04-20,2
23261,931,2026-04-30,1
23262,931,2026-05-08,2
23263,931,2026-05-14,2
23264,931,2026-05-21,3
23265,931,2026-05-27,2
23266,931,2026-06-04,3
23267,931,2026-06-10,1
23268,931,2026-06-17,1
23269,931,2026-06-24,2
23270,931,2026-07-02,2
23271,931,2026-07-08,3
23272,931,2026-07-16,3
23273,931,2026-07-21,2
23274,931,2026-07-31,3
23275,931,2026-08-07,3
23276,932,2026-02-17,1
23277,932,2026-02-24,3
23278,932,2026-03-05,2
23279,932,2026-03-13,2
23280,932,2026-03-17,2
23281,932,2026-03-25,3
23282,932,2026-04-03,2
23283,932,2026-04-08,2
23284,932,2026-04-15,2
23285,932,2026-04-20,2
23286,932,2026-04-28,2
23287,932,2026-05-08,2
23288,932,2026-05-11,2
23289,932,2026-05-22,2
23290,932,2026-05-29,2
23291,932,2026-06-03,1
23292,932,2026-06-11,2
23293,932,2026-06-19,2
23294,932,2026-06-24,2
23295,932,2026-07-02,2
23296,932,2026-07-06,3
23297,932,2026-07-16,2
23298,932,2026-07-23,3
23299,932,2026-07-31,3
23300,932,2026-08-07,3
23301,933,2026-02-19,2
23302,933,2026-02-23,2
23303,933,2026-03-03,1
23304,933,2026-03-13,3
23305,933,2026-03-17,3
23306,933,2026-03-26,2
23307,933,2026-04-03,3
23308,933,2026-04-09,1
23309,933,2026-04-13,2
23310,933,2026-04-24,2
23311,933,2026-04-30,2
23312,933,2026-05-07,3
23313,933,2026-05-14,3
23314,933,2026-05-21,2
23315,933,2026-05-29,2
23316,933,2026-06-03,3
23317,933,2026-06-11,2
23318,933,2026-06-15,2
23319,933,2026-06-23,2
23320,933,2026-07-03,2
23321,933,2026-07-10,2
23322,933,2026-07-16,2
23323,933,2026-07-21,2
23324,933,2026-07-30,2
23325,933,2026-08-04,1
23326,934,2026-02-19,1
23327,934,2026-02-27,2
23328,934,2026-03-03,3
23329,934,2026-03-12,1
23330,934,2026-03-16,1
23331,934,2026-03-23,2
23332,934,2026-03-30,2
23333,934,2026-04-09,2
23334,934,2026-04-14,3
23335,934,2026-04-22,2
23336,934,2026-04-27,3
23337,934,2026-05-05,2
23338,934,2026-05-15,3
23339,934,2026-05-22,2
23340,934,2026-05-28,2
23341,934,2026-06-02,1
23342,934,2026-06-09,3
23343,934,2026-06-15,1
23344,934,2026-06-25,1
23345,934,2026-07-03,2
23346,934,2026-07-07,2
23347,934,2026-07-15,2
23348,934,2026-07-21,2
23349,934,2026-07-28,2
23350,934,2026-08-04,1
23351,935,2026-02-17,2
23352,935,2026-02-23,2
23353,935,2026-03-03,3
23354,935,2026-03-10,3
23355,935,2026-03-20,1
23356,935,2026-03-27,1
23357,935,2026-03-31,2
23358,935,2026-04-08,2
23359,935,2026-04-15,2
23360,935,2026-04-23,2
23361,935,2026-04-27,2
23362,935,2026-05-07,2
23363,935,2026-05-11,2
23364,935,2026-05-21,3
23365,935,2026-05-29,2
23366,935,2026-06-03,2
23367,935,2026-06-09,2
23368,935,2026-06-15,1
23369,935,2026-06-25,2
23370,935,2026-07-03,2
23371,935,2026-07-08,2
23372,935,2026-07-14,1
23373,935,2026-07-21,3
23374,935,2026-07-29,3
23375,935,2026-08-06,3
23376,936,2026-02-19,2
23377,936,2026-02-25,2
23378,936,2026-03-03,2
23379,936,2026-03-13,2
23380,936,2026-03-18,1
23381,936,2026-03-23,2
23382,936,2026-03-31,2
23383,936,2026-04-10,1
23384,936,2026-04-15,1
23385,936,2026-04-21,2
23386,936,2026-04-30,2
23387,936,2026-05-04,2
23388,936,2026-05-11,2
23389,936,2026-05-21,2
23390,936,2026-05-27,3
23391,936,2026-06-03,2
23392,936,2026-06-12,2
23393,936,2026-06-19,2
23394,936,2026-06-24,2
23395,936,2026-07-01,2
23396,936,2026-07-10,1
23397,936,2026-07-16,2
23398,936,2026-07-22,2
23399,936,2026-07-28,1
23400,936,2026-08-03,1
23401,937,2026-02-20,2
23402,937,2026-02-27,3
23403,937,2026-03-02,2
23404,937,2026-03-11,2
23405,937,2026-03-17,2
23406,937,2026-03-25,1
23407,937,2026-04-01,2
23408,937,2026-04-08,2
23409,937,2026-04-14,3
23410,937,2026-04-24,2
23411,937,2026-04-27,3
23412,937,2026-05-06,2
23413,937,2026-05-12,3
23414,937,2026-05-21,2
23415,937,2026-05-28,2
23416,937,2026-06-03,2
23417,937,2026-06-09,2
23418,937,2026-06-17,2
23419,937,2026-06-24,2
23420,937,2026-06-29,3
23421,937,2026-07-09,2
23422,937,2026-07-17,2
23423,937,2026-07-23,3
23424,937,2026-07-31,2
23425,937,2026-08-07,2
23426,938,2026-02-20,3
23427,938,2026-02-26,2
23428,938,2026-03-02,2
23429,938,2026-03-10,2
23430,938,2026-03-16,2
23431,938,2026-03-24,2
23432,938,2026-04-03,2
23433,938,2026-04-07,1
23434,938,2026-04-14,2
23435,938,2026-04-20,2
23436,938,2026-04-28,2
23437,938,2026-05-04,2
23438,938,2026-05-14,2
23439,938,2026-05-18,2
23440,938,2026-05-25,2
23441,938,2026-06-05,1
23442,938,2026-06-10,2
23443,938,2026-06-19,2
23444,938,2026-06-25,2
23445,938,2026-07-02,2
23446,938,2026-07-07,1
23447,938,2026-07-17,2
23448,938,2026-07-24,1
23449,938,2026-07-28,2
23450,938,2026-08-07,2
23451,939,2026-02-20,2
23452,939,2026-02-27,2
23453,939,2026-03-05,1
23454,939,2026-03-10,1
23455,939,2026-03-20,2
23456,939,2026-03-26,1
23457,939,2026-03-31,1
23458,939,2026-04-06,2
23459,939,2026-04-15,1
23460,939,2026-04-21,2
23461,939,2026-04-29,1
23462,939,2026-05-08,2
23463,939,2026-05-13,2
23464,939,2026-05-21,1
23465,939,2026-05-26,2
23466,939,2026-06-05,2
23467,939,2026-06-08,2
23468,939,2026-06-18,1
23469,939,2026-06-26,1
23470,939,2026-07-02,2
23471,939,2026-07-08,1
23472,939,2026-07-15,1
23473,939,2026-07-20,2
23474,939,2026-07-30,2
23475,939,2026-08-03,2
23476,940,2026-02-17,1
23477,940,2026-02-24,2
23478,940,2026-03-06,1
23479,940,2026-03-13,2
23480,940,2026-03-20,2
23481,940,2026-03-23,1
23482,940,2026-04-02,1
23483,940,2026-04-06,2
23484,940,2026-04-13,1
23485,940,2026-04-22,2
23486,940,2026-04-27,2
23487,940,2026-05-04,2
23488,940,2026-05-12,2
23489,940,2026-05-22,1
23490,940,2026-05-28,2
23491,940,2026-06-03,2
23492,940,2026-06-10,2
23493,940,2026-06-15,2
23494,940,2026-06-23,2
23495,940,2026-06-29,2
23496,940,2026-07-07,2
23497,940,2026-07-14,2
23498,940,2026-07-20,2
23499,940,2026-07-27,2
23500,940,2026-08-06,2
23501,941,2026-02-18,2
23502,941,2026-02-25,1
23503,941,2026-03-04,1
23504,941,2026-03-09,2
23505,941,2026-03-19,2
23506,941,2026-03-25,3
23507,941,2026-04-03,2
23508,941,2026-04-09,2
23509,941,2026-04-17,2
23510,941,2026-04-21,2
23511,941,2026-04-27,2
23512,941,2026-05-04,2
23513,941,2026-05-13,2
23514,941,2026-05-21,2
23515,941,2026-05-28,2
23516,941,2026-06-02,2
23517,941,2026-06-11,3
23518,941,2026-06-17,1
23519,941,2026-06-22,2
23520,941,2026-06-29,2
23521,941,2026-07-08,2
23522,941,2026-07-14,2
23523,941,2026-07-23,2
23524,941,2026-07-31,2
23525,941,2026-08-06,2
23526,942,2026-02-18,1
23527,942,2026-02-24,2
23528,942,2026-03-02,2
23529,942,2026-03-10,1
23530,942,2026-03-19,2
23531,942,2026-03-23,1
23532,942,2026-04-02,3
23533,942,2026-04-10,2
23534,942,2026-04-15,2
23535,942,2026-04-22,3
23536,942,2026-05-01,2
23537,942,2026-05-05,2
23538,942,2026-05-12,2
23539,942,2026-05-18,1
23540,942,2026-05-29,1
23541,942,2026-06-03,2
23542,942,2026-06-12,1
23543,942,2026-06-18,3
23544,942,2026-06-23,2
23545,942,2026-06-30,1
23546,942,2026-07-10,1
23547,942,2026-07-14,3
23548,942,2026-07-23,3
23549,942,2026-07-31,1
23550,942,2026-08-03,3
23551,943,2026-02-16,2
23552,943,2026-02-23,2
23553,943,2026-03-04,3
23554,943,2026-03-11,2
23555,943,2026-03-19,2
23556,943,2026-03-27,2
23557,943,2026-03-31,2
23558,943,2026-04-07,2
23559,943,2026-04-14,3
23560,943,2026-04-23,3
23561,943,2026-04-30,2
23562,943,2026-05-04,2
23563,943,2026-05-13,1
23564,943,2026-05-22,3
23565,943,2026-05-27,2
23566,943,2026-06-05,1
23567,943,2026-06-08,2
23568,943,2026-06-19,1
23569,943,2026-06-25,3
23570,943,2026-06-29,1
23571,943,2026-07-06,3
23572,943,2026-07-15,2
23573,943,2026-07-20,2
23574,943,2026-07-27,2
23575,943,2026-08-07,2
23576,944,2026-02-19,3
23577,944,2026-02-27,3
23578,944,2026-03-05,2
23579,944,2026-03-10,2
23580,944,2026-03-16,2
23581,944,2026-03-27,3
23582,944,2026-03-31,3
23583,944,2026-04-08,3
23584,944,2026-04-13,3
23585,944,2026-04-24,2
23586,944,2026-04-28,2
23587,944,2026-05-04,3
23588,944,2026-05-11,1
23589,944,2026-05-22,1
23590,944,2026-05-26,2
23591,944,2026-06-05,1
23592,944,2026-06-10,2
23593,944,2026-06-16,2
23594,944,2026-06-23,3
23595,944,2026-06-30,3
23596,944,2026-07-07,2
23597,944,2026-07-17,1
23598,944,2026-07-23,2
23599,944,2026-07-27,2
23600,944,2026-08-05,1
23601,945,2026-02-17,2
23602,945,2026-02-26,2
23603,945,2026-03-06,2
23604,945,2026-03-11,2
23605,945,2026-03-20,1
23606,945,2026-03-24,3
23607,945,2026-04-03,2
23608,945,2026-04-06,2
23609,945,2026-04-15,2
23610,945,2026-04-24,2
23611,945,2026-04-29,2
23612,945,2026-05-06,3
23613,945,2026-05-11,2
23614,945,2026-05-18,1
23615,945,2026-05-28,2
23616,945,2026-06-02,3
23617,945,2026-06-12,3
23618,945,2026-06-18,3
23619,945,2026-06-22,2
23620,945,2026-07-01,3
23621,945,2026-07-10,3
23622,945,2026-07-14,2
23623,945,2026-07-20,2
23624,945,2026-07-30,1
23625,945,2026-08-05,3
23626,946,2026-02-18,2
23627,946,2026-02-23,3
23628,946,2026-03-04,2
23629,946,2026-03-10,2
23630,946,2026-03-18,1
23631,946,2026-03-27,2
23632,946,2026-04-02,2
23633,946,2026-04-07,2
23634,946,2026-04-17,3
23635,946,2026-04-23,2
23636,946,2026-04-28,2
23637,946,2026-05-07,2
23638,946,2026-05-12,2
23639,946,2026-05-20,2
23640,946,2026-05-29,2
23641,946,2026-06-01,2
23642,946,2026-06-12,1
23643,946,2026-06-19,2
23644,946,2026-06-23,2
23645,946,2026-06-29,2
23646,946,2026-07-07,2
23647,946,2026-07-15,2
23648,946,2026-07-24,1
23649,946,2026-07-30,2
23650,946,2026-08-06,2
23651,947,2026-02-19,3
23652,947,2026-02-26,3
23653,947,2026-03-05,2
23654,947,2026-03-10,2
23655,947,2026-03-18,1
23656,947,2026-03-25,2
23657,947,2026-03-31,3
23658,947,2026-04-08,3
23659,947,2026-04-14,2
23660,947,2026-04-22,3
23661,947,2026-04-29,2
23662,947,2026-05-08,2
23663,947,2026-05-14,3
23664,947,2026-05-22,2
23665,947,2026-05-28,2
23666,947,2026-06-02,3
23667,947,2026-06-12,2
23668,947,2026-06-18,3
23669,947,2026-06-24,1
23670,947,2026-07-02,2
23671,947,2026-07-06,3
23672,947,2026-07-15,3
23673,947,2026-07-23,3
23674,947,2026-07-29,3
23675,947,2026-08-04,2
23676,948,2026-02-16,2
23677,948,2026-02-24,2
23678,948,2026-03-06,2
23679,948,2026-03-13,2
23680,948,2026-03-16,1
23681,948,2026-03-24,2
23682,948,2026-04-01,2
23683,948,2026-04-10,3
23684,948,2026-04-13,2
23685,948,2026-04-22,2
23686,948,2026-04-28,2
23687,948,2026-05-06,2
23688,948,2026-05-14,2
23689,948,2026-05-22,2
23690,948,2026-05-28,3
23691,948,2026-06-01,2
23692,948,2026-06-08,2
23693,948,2026-06-15,2
23694,948,2026-06-26,2
23695,948,2026-07-01,2
23696,948,2026-07-06,2
23697,948,2026-07-17,2
23698,948,2026-07-20,1
23699,948,2026-07-30,2
23700,948,2026-08-05,3
23701,949,2026-02-17,2
23702,949,2026-02-26,3
23703,949,2026-03-05,1
23704,949,2026-03-10,2
23705,949,2026-03-18,2
23706,949,2026-03-24,2
23707,949,2026-04-02,2
23708,949,2026-04-09,2
23709,949,2026-04-14,2
23710,949,2026-04-21,2
23711,949,2026-04-29,2
23712,949,2026-05-06,2
23713,949,2026-05-15,2
23714,949,2026-05-19,2
23715,949,2026-05-25,2
23716,949,2026-06-02,3
23717,949,2026-06-11,2
23718,949,2026-06-19,2
23719,949,2026-06-23,2
23720,949,2026-06-29,2
23721,949,2026-07-10,2
23722,949,2026-07-13,1
23723,949,2026-07-22,2
23724,949,2026-07-27,2
23725,949,2026-08-03,2
23726,950,2026-02-17,2
23727,950,2026-02-26,2
23728,950,2026-03-03,2
23729,950,2026-03-09,2
23730,950,2026-03-16,2
23731,950,2026-03-26,2
23732,950,2026-03-31,2
23733,950,2026-04-07,2
23734,950,2026-04-16,3
23735,950,2026-04-22,2
23736,950,2026-04-27,2
23737,950,2026-05-06,2
23738,950,2026-05-14,2
23739,950,2026-05-20,2
23740,950,2026-05-28,2
23741,950,2026-06-05,2
23742,950,2026-06-08,2
23743,950,2026-06-15,2
23744,950,2026-06-22,2
23745,950,2026-07-03,1
23746,950,2026-07-08,2
23747,950,2026-07-14,2
23748,950,2026-07-24,2
23749,950,2026-07-28,2
23750,950,2026-08-04,2
23751,951,2026-02-20,2
23752,951,2026-02-27,2
23753,951,2026-03-04,1
23754,951,2026-03-12,2
23755,951,2026-03-18,1
23756,951,2026-03-24,3
23757,951,2026-03-31,2
23758,951,2026-04-10,1
23759,951,2026-04-17,1
23760,951,2026-04-21,1
23761,951,2026-04-29,3
23762,951,2026-05-08,2
23763,951,2026-05-14,2
23764,951,2026-05-21,2
23765,951,2026-05-28,2
23766,951,2026-06-04,2
23767,951,2026-06-08,1
23768,951,2026-06-17,2
23769,951,2026-06-23,2
23770,951,2026-07-03,2
23771,951,2026-07-06,2
23772,951,2026-07-14,2
23773,951,2026-07-21,2
23774,951,2026-07-30,3
23775,951,2026-08-04,3
23776,952,2026-02-19,2
23777,952,2026-02-24,3
23778,952,2026-03-05,1
23779,952,2026-03-11,2
23780,952,2026-03-16,2
23781,952,2026-03-23,2
23782,952,2026-03-31,2
23783,952,2026-04-07,2
23784,952,2026-04-17,2
23785,952,2026-04-24,2
23786,952,2026-04-27,3
23787,952,2026-05-08,3
23788,952,2026-05-11,2
23789,952,2026-05-18,3
23790,952,2026-05-28,3
23791,952,2026-06-03,2
23792,952,2026-06-11,2
23793,952,2026-06-18,2
23794,952,2026-06-22,1
23795,952,2026-07-01,1
23796,952,2026-07-08,2
23797,952,2026-07-14,3
23798,952,2026-07-23,1
23799,952,2026-07-31,2
23800,952,2026-08-06,2
23801,953,2026-02-18,2
23802,953,2026-02-25,3
23803,953,2026-03-04,1
23804,953,2026-03-09,1
23805,953,2026-03-18,2
23806,953,2026-03-24,3
23807,953,2026-03-31,2
23808,953,2026-04-06,3
23809,953,2026-04-16,2
23810,953,2026-04-24,2
23811,953,2026-04-30,2
23812,953,2026-05-08,1
23813,953,2026-05-12,1
23814,953,2026-05-18,3
23815,953,2026-05-28,2
23816,953,2026-06-04,3
23817,953,2026-06-10,1
23818,953,2026-06-17,3
23819,953,2026-06-26,2
23820,953,2026-06-30,3
23821,953,2026-07-10,1
23822,953,2026-07-14,3
23823,953,2026-07-22,1
23824,953,2026-07-28,1
23825,953,2026-08-07,1
23826,954,2026-02-20,2
23827,954,2026-02-23,2
23828,954,2026-03-04,3
23829,954,2026-03-11,2
23830,954,2026-03-17,3
23831,954,2026-03-27,1
23832,954,2026-03-31,2
23833,954,2026-04-08,2
23834,954,2026-04-14,2
23835,954,2026-04-24,3
23836,954,2026-04-30,3
23837,954,2026-05-08,3
23838,954,2026-05-12,2
23839,954,2026-05-20,3
23840,954,2026-05-28,2
23841,954,2026-06-02,1
23842,954,2026-06-09,3
23843,954,2026-06-19,3
23844,954,2026-06-22,2
23845,954,2026-06-30,2
23846,954,2026-07-07,3
23847,954,2026-07-13,2
23848,954,2026-07-23,3
23849,954,2026-07-28,1
23850,954,2026-08-05,3
23851,955,2026-02-17,2
23852,955,2026-02-24,2
23853,955,2026-03-02,3
23854,955,2026-03-10,2
23855,955,2026-03-17,3
23856,955,2026-03-26,1
23857,955,2026-04-01,2
23858,955,2026-04-06,2
23859,955,2026-04-14,2
23860,955,2026-04-21,1
23861,955,2026-04-29,3
23862,955,2026-05-07,1
23863,955,2026-05-13,1
23864,955,2026-05-18,2
23865,955,2026-05-29,1
23866,955,2026-06-05,3
23867,955,2026-06-10,2
23868,955,2026-06-16,3
23869,955,2026-06-25,3
23870,955,2026-06-30,1
23871,955,2026-07-06,2
23872,955,2026-07-14,2
23873,955,2026-07-21,2
23874,955,2026-07-29,2
23875,955,2026-08-03,3
23876,956,2026-02-16,1
23877,956,2026-02-26,1
23878,956,2026-03-02,2
23879,956,2026-03-10,1
23880,956,2026-03-17,1
23881,956,2026-03-24,3
23882,956,2026-04-01,3
23883,956,2026-04-06,1
23884,956,2026-04-13,2
23885,956,2026-04-23,1
23886,956,2026-04-27,3
23887,956,2026-05-06,1
23888,956,2026-05-13,1
23889,956,2026-05-20,1
23890,956,2026-05-29,2
23891,956,2026-06-04,2
23892,956,2026-06-08,1
23893,956,2026-06-19,1
23894,956,2026-06-24,3
23895,956,2026-06-29,2
23896,956,2026-07-08,2
23897,956,2026-07-14,1
23898,956,2026-07-21,2
23899,956,2026-07-29,1
23900,956,2026-08-05,2
23901,957,2026-02-18,2
23902,957,2026-02-23,1
23903,957,2026-03-02,1
23904,957,2026-03-13,2
23905,957,2026-03-20,2
23906,957,2026-03-24,3
23907,957,2026-04-01,2
23908,957,2026-04-08,3
23909,957,2026-04-13,1
23910,957,2026-04-21,2
23911,957,2026-04-29,2
23912,957,2026-05-05,2
23913,957,2026-05-15,2
23914,957,2026-05-18,2
23915,957,2026-05-28,3
23916,957,2026-06-05,2
23917,957,2026-06-08,2
23918,957,2026-06-19,1
23919,957,2026-06-22,2
23920,957,2026-06-30,2
23921,957,2026-07-08,1
23922,957,2026-07-13,2
23923,957,2026-07-22,2
23924,957,2026-07-28,2
23925,957,2026-08-05,3
23926,958,2026-02-18,2
23927,958,2026-02-23,1
23928,958,2026-03-06,2
23929,958,2026-03-12,2
23930,958,2026-03-16,2
23931,958,2026-03-25,3
23932,958,2026-04-02,3
23933,958,2026-04-08,2
23934,958,2026-04-15,3
23935,958,2026-04-23,2
23936,958,2026-04-27,2
23937,958,2026-05-07,2
23938,958,2026-05-14,2
23939,958,2026-05-19,2
23940,958,2026-05-26,2
23941,958,2026-06-05,3
23942,958,2026-06-09,3
23943,958,2026-06-17,1
23944,958,2026-06-25,2
23945,958,2026-06-30,1
23946,958,2026-07-06,2
23947,958,2026-07-16,2
23948,958,2026-07-20,2
23949,958,2026-07-30,3
23950,958,2026-08-04,2
23951,959,2026-02-20,2
23952,959,2026-02-25,2
23953,959,2026-03-05,1
23954,959,2026-03-10,2
23955,959,2026-03-18,2
23956,959,2026-03-24,2
23957,959,2026-03-30,2
23958,959,2026-04-06,2
23959,959,2026-04-16,2
23960,959,2026-04-23,3
23961,959,2026-04-27,2
23962,959,2026-05-06,2
23963,959,2026-05-11,2
23964,959,2026-05-20,2
23965,959,2026-05-26,1
23966,959,2026-06-01,2
23967,959,2026-06-10,2
23968,959,2026-06-19,2
23969,959,2026-06-26,2
23970,959,2026-07-02,2
23971,959,2026-07-10,2
23972,959,2026-07-15,2
23973,959,2026-07-23,2
23974,959,2026-07-31,2
23975,959,2026-08-06,1
23976,960,2026-02-16,2
23977,960,2026-02-25,3
23978,960,2026-03-03,1
23979,960,2026-03-10,3
23980,960,2026-03-19,3
23981,960,2026-03-23,2
23982,960,2026-04-03,2
23983,960,2026-04-06,2
23984,960,2026-04-17,2
23985,960,2026-04-20,3
23986,960,2026-04-27,3
23987,960,2026-05-04,2
23988,960,2026-05-11,3
23989,960,2026-05-20,2
23990,960,2026-05-28,2
23991,960,2026-06-01,1
23992,960,2026-06-08,2
23993,960,2026-06-16,2
23994,960,2026-06-26,2
23995,960,2026-06-30,3
23996,960,2026-07-09,2
23997,960,2026-07-17,1
23998,960,2026-07-24,3
23999,960,2026-07-31,3
24000,960,2026-08-07,3
24001,961,2026-02-20,1
24002,961,2026-02-27,3
24003,961,2026-03-03,1
24004,961,2026-03-09,1
24005,961,2026-03-18,2
24006,961,2026-03-26,2
24007,961,2026-03-30,1
24008,961,2026-04-09,2
24009,961,2026-04-14,1
24010,961,2026-04-24,1
24011,961,2026-05-01,1
24012,961,2026-05-04,1
24013,961,2026-05-14,1
24014,961,2026-05-22,2
24015,961,2026-05-28,2
24016,961,2026-06-05,2
24017,961,2026-06-10,2
24018,961,2026-06-15,2
24019,961,2026-06-26,1
24020,961,2026-07-01,2
24021,961,2026-07-09,1
24022,961,2026-07-17,2
24023,961,2026-07-20,2
24024,961,2026-07-29,2
24025,961,2026-08-03,1
24026,962,2026-02-19,2
24027,962,2026-02-25,2
24028,962,2026-03-05,2
24029,962,2026-03-13,2
24030,962,2026-03-20,2
24031,962,2026-03-24,2
24032,962,2026-04-02,2
24033,962,2026-04-09,2
24034,962,2026-04-14,2
24035,962,2026-04-24,2
24036,962,2026-04-27,2
24037,962,2026-05-04,2
24038,962,2026-05-14,1
24039,962,2026-05-19,2
24040,962,2026-05-28,2
24041,962,2026-06-02,2
24042,962,2026-06-08,1
24043,962,2026-06-19,2
24044,962,2026-06-22,2
24045,962,2026-07-01,3
24046,962,2026-07-09,2
24047,962,2026-07-14,2
24048,962,2026-07-21,3
24049,962,2026-07-30,3
24050,962,2026-08-04,2
24051,963,2026-02-19,2
24052,963,2026-02-25,2
24053,963,2026-03-02,2
24054,963,2026-03-12,2
24055,963,2026-03-20,2
24056,963,2026-03-24,2
24057,963,2026-03-30,2
24058,963,2026-04-10,2
24059,963,2026-04-14,3
24060,963,2026-04-20,2
24061,963,2026-04-30,2
24062,963,2026-05-08,2
24063,963,2026-05-14,2
24064,963,2026-05-22,1
24065,963,2026-05-29,2
24066,963,2026-06-05,2
24067,963,2026-06-12,2
24068,963,2026-06-17,2
24069,963,2026-06-22,2
24070,963,2026-07-01,2
24071,963,2026-07-08,2
24072,963,2026-07-15,2
24073,963,2026-07-24,2
24074,963,2026-07-31,2
24075,963,2026-08-04,3
24076,964,2026-02-19,3
24077,964,2026-02-23,2
24078,964,2026-03-04,2
24079,964,2026-03-12,3
24080,964,2026-03-19,3
24081,964,2026-03-25,3
24082,964,2026-04-03,2
24083,964,2026-04-06,3
24084,964,2026-04-16,3
24085,964,2026-04-23,2
24086,964,2026-05-01,3
24087,964,2026-05-08,2
24088,964,2026-05-14,2
24089,964,2026-05-21,3
24090,964,2026-05-27,3
24091,964,2026-06-01,2
24092,964,2026-06-12,3
24093,964,2026-06-17,3
24094,964,2026-06-25,2
24095,964,2026-06-29,3
24096,964,2026-07-06,2
24097,964,2026-07-16,2
24098,964,2026-07-22,2
24099,964,2026-07-29,2
24100,964,2026-08-06,3
24101,965,2026-02-18,2
24102,965,2026-02-27,1
24103,965,2026-03-04,1
24104,965,2026-03-12,2
24105,965,2026-03-17,1
24106,965,2026-03-25,2
24107,965,2026-03-31,1
24108,965,2026-04-06,2
24109,965,2026-04-17,2
24110,965,2026-04-20,1
24111,965,2026-04-30,1
24112,965,2026-05-05,2
24113,965,2026-05-15,2
24114,965,2026-05-19,1
24115,965,2026-05-25,2
24116,965,2026-06-01,3
24117,965,2026-06-09,1
24118,965,2026-06-17,2
24119,965,2026-06-26,1
24120,965,2026-07-01,2
24121,965,2026-07-09,1
24122,965,2026-07-15,1
24123,965,2026-07-21,2
24124,965,2026-07-28,2
24125,965,2026-08-06,1
24126,966,2026-02-19,2
24127,966,2026-02-24,2
24128,966,2026-03-02,3
24129,966,2026-03-10,2
24130,966,2026-03-16,3
24131,966,2026-03-26,2
24132,966,2026-04-02,1
24133,966,2026-04-10,2
24134,966,2026-04-16,2
24135,966,2026-04-20,2
24136,966,2026-05-01,3
24137,966,2026-05-05,2
24138,966,2026-05-14,2
24139,966,2026-05-18,2
24140,966,2026-05-27,2
24141,966,2026-06-03,3
24142,966,2026-06-12,2
24143,966,2026-06-18,2
24144,966,2026-06-23,2
24145,966,2026-06-29,2
24146,966,2026-07-06,3
24147,966,2026-07-14,3
24148,966,2026-07-22,2
24149,966,2026-07-27,2
24150,966,2026-08-04,3
24151,967,2026-02-18,1
24152,967,2026-02-25,1
24153,967,2026-03-04,2
24154,967,2026-03-09,2
24155,967,2026-03-16,1
24156,967,2026-03-25,1
24157,967,2026-04-01,2
24158,967,2026-04-10,2
24159,967,2026-04-13,2
24160,967,2026-04-24,2
24161,967,2026-04-27,2
24162,967,2026-05-08,1
24163,967,2026-05-15,2
24164,967,2026-05-22,2
24165,967,2026-05-26,2
24166,967,2026-06-05,2
24167,967,2026-06-11,2
24168,967,2026-06-18,2
24169,967,2026-06-25,1
24170,967,2026-06-30,2
24171,967,2026-07-10,2
24172,967,2026-07-17,2
24173,967,2026-07-23,2
24174,967,2026-07-28,2
24175,967,2026-08-05,2
24176,968,2026-02-16,2
24177,968,2026-02-26,2
24178,968,2026-03-03,2
24179,968,2026-03-09,2
24180,968,2026-03-17,2
24181,968,2026-03-25,2
24182,968,2026-03-31,3
24183,968,2026-04-10,2
24184,968,2026-04-14,2
24185,968,2026-04-20,3
24186,968,2026-04-27,2
24187,968,2026-05-04,2
24188,968,2026-05-15,3
24189,968,2026-05-18,2
24190,968,2026-05-27,2
24191,968,2026-06-02,2
24192,968,2026-06-10,1
24193,968,2026-06-16,1
24194,968,2026-06-26,1
24195,968,2026-07-01,2
24196,968,2026-07-10,2
24197,968,2026-07-14,2
24198,968,2026-07-20,2
24199,968,2026-07-30,2
24200,968,2026-08-05,3
24201,969,2026-02-19,2
24202,969,2026-02-27,2
24203,969,2026-03-06,3
24204,969,2026-03-12,3
24205,969,2026-03-18,3
24206,969,2026-03-25,3
24207,969,2026-04-02,2
24208,969,2026-04-09,3
24209,969,2026-04-14,3
24210,969,2026-04-24,1
24211,969,2026-05-01,3
24212,969,2026-05-07,1
24213,969,2026-05-12,3
24214,969,2026-05-20,3
24215,969,2026-05-25,3
24216,969,2026-06-05,3
24217,969,2026-06-12,1
24218,969,2026-06-18,3
24219,969,2026-06-23,2
24220,969,2026-06-30,2
24221,969,2026-07-08,3
24222,969,2026-07-14,2
24223,969,2026-07-23,3
24224,969,2026-07-29,3
24225,969,2026-08-06,3
24226,970,2026-02-16,1
24227,970,2026-02-24,2
24228,970,2026-03-03,2
24229,970,2026-03-10,2
24230,970,2026-03-16,1
24231,970,2026-03-24,1
24232,970,2026-03-31,1
24233,970,2026-04-08,2
24234,970,2026-04-13,2
24235,970,2026-04-22,2
24236,970,2026-04-30,2
24237,970,2026-05-07,1
24238,970,2026-05-14,1
24239,970,2026-05-18,2
24240,970,2026-05-26,1
24241,970,2026-06-03,3
24242,970,2026-06-08,2
24243,970,2026-06-17,1
24244,970,2026-06-26,2
24245,970,2026-07-03,1
24246,970,2026-07-06,2
24247,970,2026-07-15,2
24248,970,2026-07-20,1
24249,970,2026-07-31,1
24250,970,2026-08-04,1
24251,971,2026-02-16,2
24252,971,2026-02-25,2
24253,971,2026-03-02,2
24254,971,2026-03-12,2
24255,971,2026-03-19,1
24256,971,2026-03-26,2
24257,971,2026-03-30,1
24258,971,2026-04-10,2
24259,971,2026-04-13,1
24260,971,2026-04-21,2
24261,971,2026-04-28,2
24262,971,2026-05-08,1
24263,971,2026-05-12,2
24264,971,2026-05-21,2
24265,971,2026-05-29,1
24266,971,2026-06-05,2
24267,971,2026-06-10,2
24268,971,2026-06-17,2
24269,971,2026-06-25,2
24270,971,2026-07-03,2
24271,971,2026-07-06,2
24272,971,2026-07-17,2
24273,971,2026-07-24,2
24274,971,2026-07-30,3
24275,971,2026-08-04,2
24276,972,2026-02-16,3
24277,972,2026-02-25,2
24278,972,2026-03-03,2
24279,972,2026-03-12,3
24280,972,2026-03-19,2
24281,972,2026-03-27,1
24282,972,2026-04-01,1
24283,972,2026-04-10,3
24284,972,2026-04-15,1
24285,972,2026-04-22,2
24286,972,2026-04-29,2
24287,972,2026-05-05,1
24288,972,2026-05-11,2
24289,972,2026-05-19,2
24290,972,2026-05-26,2
24291,972,2026-06-03,2
24292,972,2026-06-12,2
24293,972,2026-06-16,2
24294,972,2026-06-24,1
24295,972,2026-07-03,3
24296,972,2026-07-10,2
24297,972,2026-07-16,3
24298,972,2026-07-21,1
24299,972,2026-07-27,2
24300,972,2026-08-04,3
24301,973,2026-02-17,2
24302,973,2026-02-26,2
24303,973,2026-03-02,2
24304,973,2026-03-11,1
24305,973,2026-03-18,2
24306,973,2026-03-23,2
24307,973,2026-03-31,2
24308,973,2026-04-06,1
24309,973,2026-04-13,2
24310,973,2026-04-24,2
24311,973,2026-04-27,2
24312,973,2026-05-05,2
24313,973,2026-05-14,2
24314,973,2026-05-21,2
24315,973,2026-05-29,2
24316,973,2026-06-01,2
24317,973,2026-06-10,2
24318,973,2026-06-15,2
24319,973,2026-06-26,2
24320,973,2026-06-30,1
24321,973,2026-07-10,2
24322,973,2026-07-16,3
24323,973,2026-07-20,2
24324,973,2026-07-30,2
24325,973,2026-08-03,2
24326,974,2026-02-18,2
24327,974,2026-02-26,1
24328,974,2026-03-02,2
24329,974,2026-03-13,2
24330,974,2026-03-20,1
24331,974,2026-03-23,2
24332,974,2026-03-30,2
24333,974,2026-04-10,2
24334,974,2026-04-17,2
24335,974,2026-04-21,2
24336,974,2026-04-29,2
24337,974,2026-05-07,1
24338,974,2026-05-15,2
24339,974,2026-05-19,1
24340,974,2026-05-27,2
24341,974,2026-06-04,2
24342,974,2026-06-11,2
24343,974,2026-06-19,2
24344,974,2026-06-26,2
24345,974,2026-06-30,2
24346,974,2026-07-08,2
24347,974,2026-07-13,1
24348,974,2026-07-20,1
24349,974,2026-07-28,2
24350,974,2026-08-05,2
24351,975,2026-02-18,2
24352,975,2026-02-23,2
24353,975,2026-03-03,2
24354,975,2026-03-09,2
24355,975,2026-03-20,2
24356,975,2026-03-23,2
24357,975,2026-03-30,2
24358,975,2026-04-10,2
24359,975,2026-04-13,2
24360,975,2026-04-22,2
24361,975,2026-04-27,2
24362,975,2026-05-06,2
24363,975,2026-05-11,3
24364,975,2026-05-19,2
24365,975,2026-05-26,2
24366,975,2026-06-03,2
24367,975,2026-06-08,3
24368,975,2026-06-18,2
24369,975,2026-06-26,2
24370,975,2026-06-29,2
24371,975,2026-07-08,2
24372,975,2026-07-15,2
24373,975,2026-07-23,2
24374,975,2026-07-27,2
24375,975,2026-08-07,1
24376,976,2026-02-19,1
24377,976,2026-02-23,1
24378,976,2026-03-06,2
24379,976,2026-03-11,3
24380,976,2026-03-16,2
24381,976,2026-03-26,2
24382,976,2026-04-02,2
24383,976,2026-04-06,2
24384,976,2026-04-15,2
24385,976,2026-04-24,3
24386,976,2026-04-30,2
24387,976,2026-05-08,1
24388,976,2026-05-12,1
24389,976,2026-05-18,2
24390,976,2026-05-25,2
24391,976,2026-06-02,2
24392,976,2026-06-08,2
24393,976,2026-06-17,2
24394,976,2026-06-24,1
24395,976,2026-07-02,3
24396,976,2026-07-08,2
24397,976,2026-07-15,2
24398,976,2026-07-23,1
24399,976,2026-07-28,2
24400,976,2026-08-04,1
24401,977,2026-02-18,2
24402,977,2026-02-26,2
24403,977,2026-03-06,2
24404,977,2026-03-11,2
24405,977,2026-03-16,3
24406,977,2026-03-26,1
24407,977,2026-04-01,2
24408,977,2026-04-06,2
24409,977,2026-04-14,3
24410,977,2026-04-21,2
24411,977,2026-04-30,1
24412,977,2026-05-06,1
24413,977,2026-05-13,2
24414,977,2026-05-22,3
24415,977,2026-05-29,2
24416,977,2026-06-05,2
24417,977,2026-06-12,2
24418,977,2026-06-18,2
24419,977,2026-06-22,2
24420,977,2026-07-03,2
24421,977,2026-07-07,2
24422,977,2026-07-14,3
24423,977,2026-07-24,2
24424,977,2026-07-27,3
24425,977,2026-08-04,3
24426,978,2026-02-20,3
24427,978,2026-02-25,2
24428,978,2026-03-02,2
24429,978,2026-03-10,2
24430,978,2026-03-19,2
24431,978,2026-03-25,3
24432,978,2026-03-30,2
24433,978,2026-04-06,3
24434,978,2026-04-16,2
24435,978,2026-04-20,2
24436,978,2026-04-28,2
24437,978,2026-05-05,2
24438,978,2026-05-14,2
24439,978,2026-05-21,2
24440,978,2026-05-27,2
24441,978,2026-06-02,2
24442,978,2026-06-08,2
24443,978,2026-06-19,3
24444,978,2026-06-22,3
24445,978,2026-07-01,2
24446,978,2026-07-09,3
24447,978,2026-07-16,3
24448,978,2026-07-21,3
24449,978,2026-07-27,3
24450,978,2026-08-03,2
24451,979,2026-02-16,3
24452,979,2026-02-27,1
24453,979,2026-03-06,1
24454,979,2026-03-12,2
24455,979,2026-03-18,2
24456,979,2026-03-25,2
24457,979,2026-04-02,3
24458,979,2026-04-06,3
24459,979,2026-04-14,2
24460,979,2026-04-22,3
24461,979,2026-04-28,2
24462,979,2026-05-07,2
24463,979,2026-05-11,3
24464,979,2026-05-21,2
24465,979,2026-05-27,2
24466,979,2026-06-01,3
24467,979,2026-06-08,2
24468,979,2026-06-17,2
24469,979,2026-06-25,3
24470,979,2026-07-01,2
24471,979,2026-07-10,3
24472,979,2026-07-16,2
24473,979,2026-07-23,2
24474,979,2026-07-31,3
24475,979,2026-08-05,2
24476,980,2026-02-19,2
24477,980,2026-02-27,3
24478,980,2026-03-06,2
24479,980,2026-03-13,2
24480,980,2026-03-18,3
24481,980,2026-03-27,2
24482,980,2026-04-01,2
24483,980,2026-04-10,2
24484,980,2026-04-13,2
24485,980,2026-04-23,2
24486,980,2026-04-27,2
24487,980,2026-05-05,2
24488,980,2026-05-14,2
24489,980,2026-05-18,2
24490,980,2026-05-25,3
24491,980,2026-06-01,2
24492,980,2026-06-11,2
24493,980,2026-06-18,2
24494,980,2026-06-22,1
24495,980,2026-06-29,2
24496,980,2026-07-09,2
24497,980,2026-07-16,2
24498,980,2026-07-21,2
24499,980,2026-07-30,2
24500,980,2026-08-05,3
24501,981,2026-02-18,1
24502,981,2026-02-27,2
24503,981,2026-03-03,2
24504,981,2026-03-10,2
24505,981,2026-03-16,3
24506,981,2026-03-26,1
24507,981,2026-04-03,1
24508,981,2026-04-06,3
24509,981,2026-04-13,2
24510,981,2026-04-20,2
24511,981,2026-04-30,3
24512,981,2026-05-04,2
24513,981,2026-05-15,2
24514,981,2026-05-21,2
24515,981,2026-05-25,2
24516,981,2026-06-01,2
24517,981,2026-06-10,2
24518,981,2026-06-19,2
24519,981,2026-06-22,2
24520,981,2026-06-30,1
24521,981,2026-07-06,3
24522,981,2026-07-15,2
24523,981,2026-07-22,3
24524,981,2026-07-29,2
24525,981,2026-08-03,1
24526,982,2026-02-18,2
24527,982,2026-02-27,3
24528,982,2026-03-05,1
24529,982,2026-03-12,1
24530,982,2026-03-18,2
24531,982,2026-03-24,3
24532,982,2026-03-31,2
24533,982,2026-04-07,2
24534,982,2026-04-17,2
24535,982,2026-04-22,2
24536,982,2026-05-01,2
24537,982,2026-05-07,2
24538,982,2026-05-13,2
24539,982,2026-05-20,2
24540,982,2026-05-26,2
24541,982,2026-06-02,2
24542,982,2026-06-12,2
24543,982,2026-06-15,2
24544,982,2026-06-25,2
24545,982,2026-06-29,1
24546,982,2026-07-07,2
24547,982,2026-07-14,2
24548,982,2026-07-22,2
24549,982,2026-07-28,2
24550,982,2026-08-03,2
24551,983,2026-02-18,2
24552,983,2026-02-27,2
24553,983,2026-03-06,2
24554,983,2026-03-13,3
24555,983,2026-03-17,2
24556,983,2026-03-26,3
24557,983,2026-04-02,3
24558,983,2026-04-08,1
24559,983,2026-04-14,2
24560,983,2026-04-23,2
24561,983,2026-04-27,2
24562,983,2026-05-08,2
24563,983,2026-05-14,3
24564,983,2026-05-21,3
24565,983,2026-05-26,3
24566,983,2026-06-01,2
24567,983,2026-06-11,2
24568,983,2026-06-16,3
24569,983,2026-06-26,2
24570,983,2026-07-01,2
24571,983,2026-07-09,1
24572,983,2026-07-14,2
24573,983,2026-07-22,3
24574,983,2026-07-31,1
24575,983,2026-08-06,2
24576,984,2026-02-17,2
24577,984,2026-02-27,2
24578,984,2026-03-04,1
24579,984,2026-03-13,2
24580,984,2026-03-19,3
24581,984,2026-03-25,2
24582,984,2026-03-31,2
24583,984,2026-04-10,2
24584,984,2026-04-14,3
24585,984,2026-04-23,2
24586,984,2026-04-30,3
24587,984,2026-05-08,3
24588,984,2026-05-14,3
24589,984,2026-05-18,2
24590,984,2026-05-27,2
24591,984,2026-06-01,3
24592,984,2026-06-09,1
24593,984,2026-06-17,2
24594,984,2026-06-26,2
24595,984,2026-06-30,2
24596,984,2026-07-06,2
24597,984,2026-07-16,3
24598,984,2026-07-24,3
24599,984,2026-07-30,3
24600,984,2026-08-06,2
24601,985,2026-02-19,1
24602,985,2026-02-23,2
24603,985,2026-03-04,1
24604,985,2026-03-11,2
24605,985,2026-03-20,2
24606,985,2026-03-23,2
24607,985,2026-04-02,2
24608,985,2026-04-07,2
24609,985,2026-04-15,3
24610,985,2026-04-23,2
24611,985,2026-05-01,2
24612,985,2026-05-05,3
24613,985,2026-05-11,2
24614,985,2026-05-18,3
24615,985,2026-05-28,2
24616,985,2026-06-02,1
24617,985,2026-06-10,2
24618,985,2026-06-15,2
24619,985,2026-06-25,2
24620,985,2026-07-03,2
24621,985,2026-07-10,1
24622,985,2026-07-17,2
24623,985,2026-07-21,2
24624,985,2026-07-29,3
24625,985,2026-08-05,1
24626,986,2026-02-18,3
24627,986,2026-02-26,2
24628,986,2026-03-03,3
24629,986,2026-03-13,2
24630,986,2026-03-20,2
24631,986,2026-03-27,2
24632,986,2026-04-02,2
24633,986,2026-04-06,2
24634,986,2026-04-13,2
24635,986,2026-04-22,3
24636,986,2026-04-29,1
24637,986,2026-05-06,2
24638,986,2026-05-14,2
24639,986,2026-05-18,2
24640,986,2026-05-26,2
24641,986,2026-06-05,2
24642,986,2026-06-09,2
24643,986,2026-06-17,3
24644,986,2026-06-23,2
24645,986,2026-07-02,2
24646,986,2026-07-06,2
24647,986,2026-07-17,3
24648,986,2026-07-23,3
24649,986,2026-07-30,2
24650,986,2026-08-07,2
24651,987,2026-02-18,2
24652,987,2026-02-25,2
24653,987,2026-03-03,2
24654,987,2026-03-13,2
24655,987,2026-03-16,2
24656,987,2026-03-25,2
24657,987,2026-03-30,2
24658,987,2026-04-10,2
24659,987,2026-04-14,3
24660,987,2026-04-23,3
24661,987,2026-04-27,2
24662,987,2026-05-04,3
24663,987,2026-05-11,1
24664,987,2026-05-18,3
24665,987,2026-05-25,1
24666,987,2026-06-01,2
24667,987,2026-06-08,2
24668,987,2026-06-17,2
24669,987,2026-06-25,2
24670,987,2026-06-29,2
24671,987,2026-07-09,2
24672,987,2026-07-13,3
24673,987,2026-07-24,3
24674,987,2026-07-30,2
24675,987,2026-08-04,3
24676,988,2026-02-18,2
24677,988,2026-02-25,2
24678,988,2026-03-06,2
24679,988,2026-03-13,2
24680,988,2026-03-16,1
24681,988,2026-03-24,3
24682,988,2026-03-30,3
24683,988,2026-04-07,2
24684,988,2026-04-13,2
24685,988,2026-04-20,2
24686,988,2026-05-01,2
24687,988,2026-05-08,2
24688,988,2026-05-12,2
24689,988,2026-05-19,2
24690,988,2026-05-29,2
24691,988,2026-06-03,2
24692,988,2026-06-11,2
24693,988,2026-06-19,2
24694,988,2026-06-26,2
24695,988,2026-06-29,2
24696,988,2026-07-10,2
24697,988,2026-07-16,2
24698,988,2026-07-23,2
24699,988,2026-07-28,3
24700,988,2026-08-04,2
24701,989,2026-02-16,2
24702,989,2026-02-23,2
24703,989,2026-03-04,3
24704,989,2026-03-11,2
24705,989,2026-03-20,1
24706,989,2026-03-23,1
24707,989,2026-04-02,1
24708,989,2026-04-09,1
24709,989,2026-04-14,2
24710,989,2026-04-23,1
24711,989,2026-04-29,1
24712,989,2026-05-06,1
24713,989,2026-05-14,3
24714,989,2026-05-18,2
24715,989,2026-05-29,2
24716,989,2026-06-02,2
24717,989,2026-06-09,2
24718,989,2026-06-15,1
24719,989,2026-06-26,2
24720,989,2026-07-03,1
24721,989,2026-07-07,2
24722,989,2026-07-14,1
24723,989,2026-07-20,2
24724,989,2026-07-30,1
24725,989,2026-08-04,3
24726,990,2026-02-20,1
24727,990,2026-02-26,2
24728,990,2026-03-04,2
24729,990,2026-03-09,2
24730,990,2026-03-19,2
24731,990,2026-03-26,2
24732,990,2026-03-30,1
24733,990,2026-04-07,2
24734,990,2026-04-13,2
24735,990,2026-04-21,1
24736,990,2026-04-28,1
24737,990,2026-05-07,1
24738,990,2026-05-13,2
24739,990,2026-05-18,1
24740,990,2026-05-28,2
24741,990,2026-06-05,1
24742,990,2026-06-09,1
24743,990,2026-06-18,2
24744,990,2026-06-26,1
24745,990,2026-06-30,2
24746,990,2026-07-08,2
24747,990,2026-07-17,2
24748,990,2026-07-24,1
24749,990,2026-07-27,2
24750,990,2026-08-06,3
24751,991,2026-02-19,3
24752,991,2026-02-25,2
24753,991,2026-03-02,3
24754,991,2026-03-10,3
24755,991,2026-03-17,2
24756,991,2026-03-24,3
24757,991,2026-04-03,3
24758,991,2026-04-06,2
24759,991,2026-04-17,2
24760,991,2026-04-21,3
24761,991,2026-04-28,3
24762,991,2026-05-06,2
24763,991,2026-05-12,2
24764,991,2026-05-22,2
24765,991,2026-05-26,3
24766,991,2026-06-04,3
24767,991,2026-06-11,2
24768,991,2026-06-15,1
24769,991,2026-06-23,2
24770,991,2026-07-02,2
24771,991,2026-07-10,2
24772,991,2026-07-14,3
24773,991,2026-07-23,2
24774,991,2026-07-31,2
24775,991,2026-08-05,2
24776,992,2026-02-20,2
24777,992,2026-02-27,2
24778,992,2026-03-04,1
24779,992,2026-03-10,2
24780,992,2026-03-17,2
24781,992,2026-03-25,2
24782,992,2026-03-31,2
24783,992,2026-04-10,2
24784,992,2026-04-16,2
24785,992,2026-04-22,1
24786,992,2026-04-29,2
24787,992,2026-05-06,1
24788,992,2026-05-15,1
24789,992,2026-05-20,1
24790,992,2026-05-26,1
24791,992,2026-06-04,1
24792,992,2026-06-12,3
24793,992,2026-06-18,2
24794,992,2026-06-26,1
24795,992,2026-06-29,1
24796,992,2026-07-06,3
24797,992,2026-07-13,1
24798,992,2026-07-22,2
24799,992,2026-07-28,3
24800,992,2026-08-04,3
24801,993,2026-02-19,2
24802,993,2026-02-25,2
24803,993,2026-03-02,2
24804,993,2026-03-13,2
24805,993,2026-03-20,2
24806,993,2026-03-23,3
24807,993,2026-04-01,3
24808,993,2026-04-10,3
24809,993,2026-04-16,2
24810,993,2026-04-23,3
24811,993,2026-04-27,3
24812,993,2026-05-06,1
24813,993,2026-05-13,1
24814,993,2026-05-20,2
24815,993,2026-05-29,3
24816,993,2026-06-01,2
24817,993,2026-06-11,3
24818,993,2026-06-16,2
24819,993,2026-06-25,1
24820,993,2026-07-03,2
24821,993,2026-07-09,3
24822,993,2026-07-17,3
24823,993,2026-07-20,2
24824,993,2026-07-28,1
24825,993,2026-08-05,1
24826,994,2026-02-16,2
24827,994,2026-02-24,3
24828,994,2026-03-02,2
24829,994,2026-03-11,2
24830,994,2026-03-19,3
24831,994,2026-03-24,2
24832,994,2026-04-02,3
24833,994,2026-04-07,1
24834,994,2026-04-13,2
24835,994,2026-04-23,2
24836,994,2026-04-28,2
24837,994,2026-05-07,2
24838,994,2026-05-14,2
24839,994,2026-05-18,2
24840,994,2026-05-26,2
24841,994,2026-06-02,1
24842,994,2026-06-09,2
24843,994,2026-06-17,3
24844,994,2026-06-26,2
24845,994,2026-07-01,2
24846,994,2026-07-06,3
24847,994,2026-07-17,2
24848,994,2026-07-20,2
24849,994,2026-07-28,2
24850,994,2026-08-07,3
24851,995,2026-02-18,3
24852,995,2026-02-27,2
24853,995,2026-03-06,2
24854,995,2026-03-13,2
24855,995,2026-03-19,2
24856,995,2026-03-26,2
24857,995,2026-03-31,2
24858,995,2026-04-09,2
24859,995,2026-04-17,2
24860,995,2026-04-21,2
24861,995,2026-05-01,3
24862,995,2026-05-06,3
24863,995,2026-05-14,2
24864,995,2026-05-22,3
24865,995,2026-05-27,1
24866,995,2026-06-03,3
24867,995,2026-06-08,2
24868,995,2026-06-19,2
24869,995,2026-06-23,2
24870,995,2026-07-01,2
24871,995,2026-07-09,1
24872,995,2026-07-15,3
24873,995,2026-07-20,3
24874,995,2026-07-27,2
24875,995,2026-08-03,3
24876,996,2026-02-17,3
24877,996,2026-02-26,2
24878,996,2026-03-05,3
24879,996,2026-03-09,1
24880,996,2026-03-17,3
24881,996,2026-03-27,1
24882,996,2026-04-02,3
24883,996,2026-04-07,3
24884,996,2026-04-15,1
24885,996,2026-04-23,2
24886,996,2026-04-30,1
24887,996,2026-05-07,1
24888,996,2026-05-11,3
24889,996,2026-05-18,2
24890,996,2026-05-26,2
24891,996,2026-06-03,1
24892,996,2026-06-12,2
24893,996,2026-06-17,2
24894,996,2026-06-23,3
24895,996,2026-06-30,2
24896,996,2026-07-07,3
24897,996,2026-07-13,2
24898,996,2026-07-20,3
24899,996,2026-07-31,1
24900,996,2026-08-03,1
24901,997,2026-02-19,2
24902,997,2026-02-24,2
24903,997,2026-03-02,3
24904,997,2026-03-13,2
24905,997,2026-03-17,1
24906,997,2026-03-27,2
24907,997,2026-03-31,1
24908,997,2026-04-08,2
24909,997,2026-04-17,2
24910,997,2026-04-21,2
24911,997,2026-05-01,2
24912,997,2026-05-07,2
24913,997,2026-05-12,1
24914,997,2026-05-19,1
24915,997,2026-05-25,1
24916,997,2026-06-01,2
24917,997,2026-06-11,2
24918,997,2026-06-19,2
24919,997,2026-06-26,2
24920,997,2026-06-30,3
24921,997,2026-07-06,2
24922,997,2026-07-14,2
24923,997,2026-07-23,3
24924,997,2026-07-28,2
24925,997,2026-08-06,3
24926,998,2026-02-18,2
24927,998,2026-02-27,2
24928,998,2026-03-04,2
24929,998,2026-03-10,2
24930,998,2026-03-17,2
24931,998,2026-03-23,2
24932,998,2026-04-02,3
24933,998,2026-04-07,3
24934,998,2026-04-13,1
24935,998,2026-04-20,3
24936,998,2026-05-01,2
24937,998,2026-05-07,2
24938,998,2026-05-11,2
24939,998,2026-05-22,3
24940,998,2026-05-27,2
24941,998,2026-06-02,2
24942,998,2026-06-12,3
24943,998,2026-06-18,2
24944,998,2026-06-24,2
24945,998,2026-06-29,2
24946,998,2026-07-09,1
24947,998,2026-07-14,2
24948,998,2026-07-23,1
24949,998,2026-07-31,2
24950,998,2026-08-06,2
24951,999,2026-02-19,3
24952,999,2026-02-25,3
24953,999,2026-03-02,2
24954,999,2026-03-10,2
24955,999,2026-03-20,3
24956,999,2026-03-25,2
24957,999,2026-04-01,2
24958,999,2026-04-08,3
24959,999,2026-04-13,2
24960,999,2026-04-20,2
24961,999,2026-04-27,3
24962,999,2026-05-06,2
24963,999,2026-05-11,2
24964,999,2026-05-18,3
24965,999,2026-05-29,3
24966,999,2026-06-01,2
24967,999,2026-06-12,2
24968,999,2026-06-17,2
24969,999,2026-06-26,3
24970,999,2026-07-01,3
24971,999,2026-07-07,2
24972,999,2026-07-14,2
24973,999,2026-07-23,2
24974,999,2026-07-28,3
24975,999,2026-08-04,2
24976,1000,2026-02-16,1
24977,1000,2026-02-24,2
24978,1000,2026-03-05,1
24979,1000,2026-03-09,2
24980,1000,2026-03-19,1
24981,1000,2026-03-24,2
24982,1000,2026-03-31,1
24983,1000,2026-04-07,1
24984,1000,2026-04-15,1
24985,1000,2026-04-20,2
24986,1000,2026-04-28,1
24987,1000,2026-05-08,2
24988,1000,2026-05-12,2
24989,1000,2026-05-18,2
24990,1000,2026-05-26,1
24991,1000,2026-06-03,2
24992,1000,2026-06-09,2
24993,1000,2026-06-17,1
24994,1000,2026-06-23,1
24995,1000,2026-07-02,1
24996,1000,2026-07-08,2
24997,1000,2026-07-14,2
24998,1000,2026-07-24,1
24999,1000,2026-07-27,2
25000,1000,2026-08-06,2
25001,1001,2026-02-17,2
25002,1001,2026-02-27,2
25003,1001,2026-03-02,1
25004,1001,2026-03-13,2
25005,1001,2026-03-16,1
25006,1001,2026-03-26,2
25007,1001,2026-04-02,3
25008,1001,2026-04-07,1
25009,1001,2026-04-13,2
25010,1001,2026-04-23,2
25011,1001,2026-04-30,1
25012,1001,2026-05-08,1
25013,1001,2026-05-14,2
25014,1001,2026-05-22,1
25015,1001,2026-05-28,1
25016,1001,2026-06-03,3
25017,1001,2026-06-08,3
25018,1001,2026-06-16,1
25019,1001,2026-06-23,2
25020,1001,2026-06-29,2
25021,1001,2026-07-08,2
25022,1001,2026-07-15,2
25023,1001,2026-07-22,2
25024,1001,2026-07-29,1
25025,1001,2026-08-03,2
25026,1002,2026-02-19,2
25027,1002,2026-02-23,3
25028,1002,2026-03-05,1
25029,1002,2026-03-12,1
25030,1002,2026-03-18,3
25031,1002,2026-03-27,2
25032,1002,2026-04-02,3
25033,1002,2026-04-06,3
25034,1002,2026-04-13,1
25035,1002,2026-04-24,2
25036,1002,2026-04-29,2
25037,1002,2026-05-06,2
25038,1002,2026-05-13,1
25039,1002,2026-05-22,2
25040,1002,2026-05-25,2
25041,1002,2026-06-01,1
25042,1002,2026-06-10,1
25043,1002,2026-06-15,2
25044,1002,2026-06-25,3
25045,1002,2026-07-02,1
25046,1002,2026-07-08,2
25047,1002,2026-07-14,2
25048,1002,2026-07-24,1
25049,1002,2026-07-30,2
25050,1002,2026-08-04,2
25051,1003,2026-02-16,2
25052,1003,2026-02-27,2
25053,1003,2026-03-03,2
25054,1003,2026-03-11,2
25055,1003,2026-03-16,2
25056,1003,2026-03-23,2
25057,1003,2026-04-01,3
25058,1003,2026-04-06,1
25059,1003,2026-04-15,2
25060,1003,2026-04-20,1
25061,1003,2026-05-01,2
25062,1003,2026-05-07,2
25063,1003,2026-05-15,1
25064,1003,2026-05-22,2
25065,1003,2026-05-28,2
25066,1003,2026-06-01,1
25067,1003,2026-06-09,1
25068,1003,2026-06-15,1
25069,1003,2026-06-24,1
25070,1003,2026-06-30,2
25071,1003,2026-07-08,3
25072,1003,2026-07-15,2
25073,1003,2026-07-21,3
25074,1003,2026-07-28,1
25075,1003,2026-08-04,1
25076,1004,2026-02-20,1
25077,1004,2026-02-23,2
25078,1004,2026-03-04,2
25079,1004,2026-03-13,2
25080,1004,2026-03-20,1
25081,1004,2026-03-24,2
25082,1004,2026-04-02,2
25083,1004,2026-04-09,2
25084,1004,2026-04-15,3
25085,1004,2026-04-21,1
25086,1004,2026-04-29,2
25087,1004,2026-05-06,2
25088,1004,2026-05-11,2
25089,1004,2026-05-20,3
25090,1004,2026-05-28,3
25091,1004,2026-06-04,3
25092,1004,2026-06-09,2
25093,1004,2026-06-17,3
25094,1004,2026-06-23,3
25095,1004,2026-07-03,2
25096,1004,2026-07-08,2
25097,1004,2026-07-13,2
25098,1004,2026-07-20,2
25099,1004,2026-07-27,2
25100,1004,2026-08-03,2
25101,1005,2026-02-17,2
25102,1005,2026-02-25,2
25103,1005,2026-03-04,2
25104,1005,2026-03-13,2
25105,1005,2026-03-19,2
25106,1005,2026-03-24,2
25107,1005,2026-04-02,2
25108,1005,2026-04-09,2
25109,1005,2026-04-17,1
25110,1005,2026-04-24,2
25111,1005,2026-05-01,2
25112,1005,2026-05-05,2
25113,1005,2026-05-14,2
25114,1005,2026-05-18,2
25115,1005,2026-05-26,2
25116,1005,2026-06-01,1
25117,1005,2026-06-11,2
25118,1005,2026-06-17,2
25119,1005,2026-06-26,2
25120,1005,2026-07-03,2
25121,1005,2026-07-06,3
25122,1005,2026-07-14,2
25123,1005,2026-07-20,3
25124,1005,2026-07-29,2
25125,1005,2026-08-05,2
25126,1006,2026-02-20,1
25127,1006,2026-02-23,2
25128,1006,2026-03-06,2
25129,1006,2026-03-12,2
25130,1006,2026-03-16,2
25131,1006,2026-03-27,2
25132,1006,2026-04-02,3
25133,1006,2026-04-06,3
25134,1006,2026-04-15,2
25135,1006,2026-04-21,2
25136,1006,2026-04-28,2
25137,1006,2026-05-08,2
25138,1006,2026-05-12,2
25139,1006,2026-05-20,2
25140,1006,2026-05-27,2
25141,1006,2026-06-03,2
25142,1006,2026-06-10,1
25143,1006,2026-06-19,2
25144,1006,2026-06-23,2
25145,1006,2026-06-29,2
25146,1006,2026-07-08,2
25147,1006,2026-07-15,2
25148,1006,2026-07-24,2
25149,1006,2026-07-30,2
25150,1006,2026-08-06,2
25151,1007,2026-02-19,3
25152,1007,2026-02-26,2
25153,1007,2026-03-06,1
25154,1007,2026-03-13,2
25155,1007,2026-03-16,2
25156,1007,2026-03-23,3
25157,1007,2026-03-31,3
25158,1007,2026-04-09,3
25159,1007,2026-04-17,2
25160,1007,2026-04-24,1
25161,1007,2026-04-28,1
25162,1007,2026-05-04,1
25163,1007,2026-05-13,1
25164,1007,2026-05-20,1
25165,1007,2026-05-28,1
25166,1007,2026-06-04,1
25167,1007,2026-06-09,1
25168,1007,2026-06-18,1
25169,1007,2026-06-24,1
25170,1007,2026-07-01,2
25171,1007,2026-07-06,1
25172,1007,2026-07-13,3
25173,1007,2026-07-23,1
25174,1007,2026-07-27,1
25175,1007,2026-08-07,3
25176,1008,2026-02-18,2
25177,1008,2026-02-27,1
25178,1008,2026-03-06,2
25179,1008,2026-03-12,2
25180,1008,2026-03-16,2
25181,1008,2026-03-23,2
25182,1008,2026-04-01,2
25183,1008,2026-04-07,2
25184,1008,2026-04-14,2
25185,1008,2026-04-20,2
25186,1008,2026-04-28,2
25187,1008,2026-05-05,2
25188,1008,2026-05-14,2
25189,1008,2026-05-22,1
25190,1008,2026-05-29,1
25191,1008,2026-06-04,2
25192,1008,2026-06-08,1
25193,1008,2026-06-15,3
25194,1008,2026-06-26,3
25195,1008,2026-06-30,2
25196,1008,2026-07-08,1
25197,1008,2026-07-16,2
25198,1008,2026-07-23,2
25199,1008,2026-07-27,3
25200,1008,2026-08-04,3
25201,1009,2026-02-20,2
25202,1009,2026-02-27,3
25203,1009,2026-03-06,2
25204,1009,2026-03-13,2
25205,1009,2026-03-17,2
25206,1009,2026-03-23,2
25207,1009,2026-04-02,3
25208,1009,2026-04-08,3
25209,1009,2026-04-16,2
25210,1009,2026-04-20,1
25211,1009,2026-04-27,1
25212,1009,2026-05-05,3
25213,1009,2026-05-15,2
25214,1009,2026-05-22,3
25215,1009,2026-05-28,1
25216,1009,2026-06-05,1
25217,1009,2026-06-12,2
25218,1009,2026-06-16,3
25219,1009,2026-06-25,2
25220,1009,2026-06-29,3
25221,1009,2026-07-08,2
25222,1009,2026-07-16,2
25223,1009,2026-07-20,2
25224,1009,2026-07-28,1
25225,1009,2026-08-04,2
25226,1010,2026-02-19,2
25227,1010,2026-02-27,3
25228,1010,2026-03-06,2
25229,1010,2026-03-11,2
25230,1010,2026-03-17,2
25231,1010,2026-03-27,2
25232,1010,2026-04-01,2
25233,1010,2026-04-10,1
25234,1010,2026-04-17,1
25235,1010,2026-04-24,3
25236,1010,2026-04-30,2
25237,1010,2026-05-08,2
25238,1010,2026-05-11,1
25239,1010,2026-05-22,3
25240,1010,2026-05-27,2
25241,1010,2026-06-02,2
25242,1010,2026-06-12,2
25243,1010,2026-06-18,1
25244,1010,2026-06-25,2
25245,1010,2026-06-30,2
25246,1010,2026-07-06,2
25247,1010,2026-07-17,2
25248,1010,2026-07-20,2
25249,1010,2026-07-27,2
25250,1010,2026-08-06,2
25251,1011,2026-02-19,1
25252,1011,2026-02-27,2
25253,1011,2026-03-04,3
25254,1011,2026-03-13,2
25255,1011,2026-03-20,1
25256,1011,2026-03-27,2
25257,1011,2026-04-01,2
25258,1011,2026-04-08,2
25259,1011,2026-04-15,2
25260,1011,2026-04-23,1
25261,1011,2026-04-29,2
25262,1011,2026-05-06,3
25263,1011,2026-05-13,1
25264,1011,2026-05-18,2
25265,1011,2026-05-25,1
25266,1011,2026-06-04,2
25267,1011,2026-06-11,2
25268,1011,2026-06-19,1
25269,1011,2026-06-23,2
25270,1011,2026-07-02,2
25271,1011,2026-07-07,1
25272,1011,2026-07-16,2
25273,1011,2026-07-22,2
25274,1011,2026-07-29,1
25275,1011,2026-08-04,2
25276,1012,2026-02-19,2
25277,1012,2026-02-25,3
25278,1012,2026-03-06,2
25279,1012,2026-03-09,2
25280,1012,2026-03-19,3
25281,1012,2026-03-23,2
25282,1012,2026-04-01,2
25283,1012,2026-04-07,2
25284,1012,2026-04-15,2
25285,1012,2026-04-24,2
25286,1012,2026-05-01,2
25287,1012,2026-05-05,2
25288,1012,2026-05-15,2
25289,1012,2026-05-22,2
25290,1012,2026-05-27,2
25291,1012,2026-06-05,2
25292,1012,2026-06-08,2
25293,1012,2026-06-18,3
25294,1012,2026-06-26,2
25295,1012,2026-07-03,2
25296,1012,2026-07-09,2
25297,1012,2026-07-15,2
25298,1012,2026-07-24,1
25299,1012,2026-07-29,2
25300,1012,2026-08-06,1
25301,1013,2026-02-17,1
25302,1013,2026-02-26,2
25303,1013,2026-03-04,2
25304,1013,2026-03-12,2
25305,1013,2026-03-20,2
25306,1013,2026-03-23,2
25307,1013,2026-04-02,2
25308,1013,2026-04-09,2
25309,1013,2026-04-17,2
25310,1013,2026-04-22,2
25311,1013,2026-04-28,2
25312,1013,2026-05-06,2
25313,1013,2026-05-11,2
25314,1013,2026-05-21,2
25315,1013,2026-05-26,3
25316,1013,2026-06-01,2
25317,1013,2026-06-11,1
25318,1013,2026-06-15,2
25319,1013,2026-06-25,2
25320,1013,2026-07-02,2
25321,1013,2026-07-09,1
25322,1013,2026-07-13,3
25323,1013,2026-07-21,2
25324,1013,2026-07-29,2
25325,1013,2026-08-03,2
25326,1014,2026-02-19,2
25327,1014,2026-02-27,2
25328,1014,2026-03-06,3
25329,1014,2026-03-10,2
25330,1014,2026-03-19,2
25331,1014,2026-03-27,3
25332,1014,2026-03-31,1
25333,1014,2026-04-07,2
25334,1014,2026-04-14,2
25335,1014,2026-04-21,3
25336,1014,2026-05-01,2
25337,1014,2026-05-06,2
25338,1014,2026-05-13,2
25339,1014,2026-05-18,3
25340,1014,2026-05-26,2
25341,1014,2026-06-02,2
25342,1014,2026-06-11,2
25343,1014,2026-06-19,2
25344,1014,2026-06-26,1
25345,1014,2026-07-03,2
25346,1014,2026-07-08,2
25347,1014,2026-07-14,2
25348,1014,2026-07-24,2
25349,1014,2026-07-29,2
25350,1014,2026-08-03,2
25351,1015,2026-02-17,2
25352,1015,2026-02-23,1
25353,1015,2026-03-03,2
25354,1015,2026-03-12,2
25355,1015,2026-03-18,2
25356,1015,2026-03-24,2
25357,1015,2026-03-31,1
25358,1015,2026-04-09,3
25359,1015,2026-04-14,2
25360,1015,2026-04-22,1
25361,1015,2026-04-29,2
25362,1015,2026-05-04,1
25363,1015,2026-05-13,2
25364,1015,2026-05-22,1
25365,1015,2026-05-28,2
25366,1015,2026-06-02,3
25367,1015,2026-06-10,2
25368,1015,2026-06-19,1
25369,1015,2026-06-22,2
25370,1015,2026-06-30,1
25371,1015,2026-07-07,2
25372,1015,2026-07-14,2
25373,1015,2026-07-21,1
25374,1015,2026-07-29,2
25375,1015,2026-08-06,1
25376,1016,2026-02-16,2
25377,1016,2026-02-25,2
25378,1016,2026-03-05,2
25379,1016,2026-03-13,1
25380,1016,2026-03-18,3
25381,1016,2026-03-23,2
25382,1016,2026-04-03,2
25383,1016,2026-04-07,2
25384,1016,2026-04-15,2
25385,1016,2026-04-22,3
25386,1016,2026-04-29,2
25387,1016,2026-05-06,2
25388,1016,2026-05-14,2
25389,1016,2026-05-18,2
25390,1016,2026-05-26,1
25391,1016,2026-06-01,3
25392,1016,2026-06-08,2
25393,1016,2026-06-18,2
25394,1016,2026-06-22,2
25395,1016,2026-07-02,3
25396,1016,2026-07-08,2
25397,1016,2026-07-13,2
25398,1016,2026-07-21,1
25399,1016,2026-07-30,2
25400,1016,2026-08-05,2
25401,1017,2026-02-18,3
25402,1017,2026-02-27,3
25403,1017,2026-03-04,3
25404,1017,2026-03-12,2
25405,1017,2026-03-19,2
25406,1017,2026-03-23,3
25407,1017,2026-03-31,1
25408,1017,2026-04-06,3
25409,1017,2026-04-17,3
25410,1017,2026-04-24,1
25411,1017,2026-04-28,2
25412,1017,2026-05-08,2
25413,1017,2026-05-11,1
25414,1017,2026-05-19,2
25415,1017,2026-05-28,2
25416,1017,2026-06-01,2
25417,1017,2026-06-11,2
25418,1017,2026-06-17,2
25419,1017,2026-06-22,2
25420,1017,2026-07-02,3
25421,1017,2026-07-09,3
25422,1017,2026-07-13,2
25423,1017,2026-07-21,2
25424,1017,2026-07-28,2
25425,1017,2026-08-04,2
25426,1018,2026-02-17,2
25427,1018,2026-02-23,2
25428,1018,2026-03-04,2
25429,1018,2026-03-12,3
25430,1018,2026-03-18,3
25431,1018,2026-03-25,2
25432,1018,2026-04-02,2
25433,1018,2026-04-10,2
25434,1018,2026-04-15,2
25435,1018,2026-04-21,2
25436,1018,2026-04-27,2
25437,1018,2026-05-06,3
25438,1018,2026-05-13,2
25439,1018,2026-05-20,2
25440,1018,2026-05-27,2
25441,1018,2026-06-03,2
25442,1018,2026-06-12,2
25443,1018,2026-06-17,2
25444,1018,2026-06-22,3
25445,1018,2026-06-30,2
25446,1018,2026-07-09,3
25447,1018,2026-07-14,2
25448,1018,2026-07-22,2
25449,1018,2026-07-30,2
25450,1018,2026-08-03,2
25451,1019,2026-02-19,1
25452,1019,2026-02-26,2
25453,1019,2026-03-06,3
25454,1019,2026-03-13,2
25455,1019,2026-03-18,2
25456,1019,2026-03-24,2
25457,1019,2026-03-31,2
25458,1019,2026-04-07,2
25459,1019,2026-04-16,2
25460,1019,2026-04-23,3
25461,1019,2026-04-28,1
25462,1019,2026-05-08,1
25463,1019,2026-05-15,2
25464,1019,2026-05-18,2
25465,1019,2026-05-27,2
25466,1019,2026-06-04,1
25467,1019,2026-06-08,3
25468,1019,2026-06-15,3
25469,1019,2026-06-26,2
25470,1019,2026-06-30,3
25471,1019,2026-07-07,2
25472,1019,2026-07-16,3
25473,1019,2026-07-24,2
25474,1019,2026-07-30,2
25475,1019,2026-08-04,2
25476,1020,2026-02-20,2
25477,1020,2026-02-23,3
25478,1020,2026-03-03,2
25479,1020,2026-03-10,2
25480,1020,2026-03-17,2
25481,1020,2026-03-23,2
25482,1020,2026-04-03,3
25483,1020,2026-04-09,2
25484,1020,2026-04-15,2
25485,1020,2026-04-22,2
25486,1020,2026-04-27,2
25487,1020,2026-05-07,2
25488,1020,2026-05-11,2
25489,1020,2026-05-21,2
25490,1020,2026-05-29,3
25491,1020,2026-06-01,2
25492,1020,2026-06-11,2
25493,1020,2026-06-18,1
25494,1020,2026-06-22,2
25495,1020,2026-06-29,2
25496,1020,2026-07-08,2
25497,1020,2026-07-13,2
25498,1020,2026-07-21,1
25499,1020,2026-07-27,2
25500,1020,2026-08-03,3
25501,1021,2026-02-20,2
25502,1021,2026-02-24,2
25503,1021,2026-03-04,1
25504,1021,2026-03-11,2
25505,1021,2026-03-20,3
25506,1021,2026-03-23,2
25507,1021,2026-04-02,2
25508,1021,2026-04-09,2
25509,1021,2026-04-17,1
25510,1021,2026-04-23,3
25511,1021,2026-04-28,2
25512,1021,2026-05-04,1
25513,1021,2026-05-14,3
25514,1021,2026-05-19,3
25515,1021,2026-05-25,3
25516,1021,2026-06-05,2
25517,1021,2026-06-09,2
25518,1021,2026-06-16,3
25519,1021,2026-06-23,2
25520,1021,2026-07-03,1
25521,1021,2026-07-06,2
25522,1021,2026-07-17,2
25523,1021,2026-07-21,1
25524,1021,2026-07-31,2
25525,1021,2026-08-06,2
25526,1022,2026-02-17,2
25527,1022,2026-02-23,2
25528,1022,2026-03-02,2
25529,1022,2026-03-11,2
25530,1022,2026-03-17,3
25531,1022,2026-03-23,3
25532,1022,2026-04-02,2
25533,1022,2026-04-06,2
25534,1022,2026-04-14,2
25535,1022,2026-04-21,2
25536,1022,2026-04-30,3
25537,1022,2026-05-04,2
25538,1022,2026-05-11,3
25539,1022,2026-05-22,1
25540,1022,2026-05-26,1
25541,1022,2026-06-02,2
25542,1022,2026-06-12,3
25543,1022,2026-06-16,3
25544,1022,2026-06-25,2
25545,1022,2026-07-02,2
25546,1022,2026-07-08,3
25547,1022,2026-07-14,2
25548,1022,2026-07-23,1
25549,1022,2026-07-27,3
25550,1022,2026-08-05,3
25551,1023,2026-02-20,2
25552,1023,2026-02-27,2
25553,1023,2026-03-04,1
25554,1023,2026-03-12,2
25555,1023,2026-03-20,2
25556,1023,2026-03-27,2
25557,1023,2026-04-02,1
25558,1023,2026-04-07,2
25559,1023,2026-04-17,2
25560,1023,2026-04-21,2
25561,1023,2026-04-27,1
25562,1023,2026-05-07,2
25563,1023,2026-05-12,2
25564,1023,2026-05-19,2
25565,1023,2026-05-26,3
25566,1023,2026-06-05,2
25567,1023,2026-06-08,2
25568,1023,2026-06-15,2
25569,1023,2026-06-23,2
25570,1023,2026-07-02,1
25571,1023,2026-07-10,2
25572,1023,2026-07-17,1
25573,1023,2026-07-20,1
25574,1023,2026-07-29,2
25575,1023,2026-08-05,2
25576,1024,2026-02-19,1
25577,1024,2026-02-25,2
25578,1024,2026-03-06,2
25579,1024,2026-03-13,2
25580,1024,2026-03-18,2
25581,1024,2026-03-24,2
25582,1024,2026-04-01,1
25583,1024,2026-04-09,2
25584,1024,2026-04-16,2
25585,1024,2026-04-20,3
25586,1024,2026-05-01,1
25587,1024,2026-05-07,3
25588,1024,2026-05-11,1
25589,1024,2026-05-21,2
25590,1024,2026-05-27,1
25591,1024,2026-06-04,3
25592,1024,2026-06-09,1
25593,1024,2026-06-17,1
25594,1024,2026-06-24,1
25595,1024,2026-06-30,2
25596,1024,2026-07-08,1
25597,1024,2026-07-16,1
25598,1024,2026-07-21,1
25599,1024,2026-07-30,2
25600,1024,2026-08-07,2
25601,1025,2026-02-18,2
25602,1025,2026-02-26,2
25603,1025,2026-03-05,1
25604,1025,2026-03-13,2
25605,1025,2026-03-20,1
25606,1025,2026-03-25,2
25607,1025,2026-03-30,3
25608,1025,2026-04-09,2
25609,1025,2026-04-13,2
25610,1025,2026-04-24,2
25611,1025,2026-04-29,2
25612,1025,2026-05-07,2
25613,1025,2026-05-13,3
25614,1025,2026-05-21,2
25615,1025,2026-05-28,2
25616,1025,2026-06-04,1
25617,1025,2026-06-08,1
25618,1025,2026-06-18,2
25619,1025,2026-06-22,2
25620,1025,2026-06-30,2
25621,1025,2026-07-10,3
25622,1025,2026-07-17,3
25623,1025,2026-07-24,2
25624,1025,2026-07-31,2
25625,1025,2026-08-06,2
25626,1026,2026-02-20,2
25627,1026,2026-02-25,2
25628,1026,2026-03-03,2
25629,1026,2026-03-12,2
25630,1026,2026-03-20,2
25631,1026,2026-03-23,2
25632,1026,2026-04-03,2
25633,1026,2026-04-07,2
25634,1026,2026-04-17,2
25635,1026,2026-04-21,3
25636,1026,2026-04-30,1
25637,1026,2026-05-04,3
25638,1026,2026-05-14,3
25639,1026,2026-05-20,2
25640,1026,2026-05-25,2
25641,1026,2026-06-04,2
25642,1026,2026-06-08,2
25643,1026,2026-06-15,2
25644,1026,2026-06-24,2
25645,1026,2026-06-30,2
25646,1026,2026-07-09,2
25647,1026,2026-07-13,3
25648,1026,2026-07-24,2
25649,1026,2026-07-30,2
25650,1026,2026-08-03,2
25651,1027,2026-02-19,2
25652,1027,2026-02-26,2
25653,1027,2026-03-06,1
25654,1027,2026-03-13,1
25655,1027,2026-03-16,2
25656,1027,2026-03-24,2
25657,1027,2026-03-30,2
25658,1027,2026-04-09,2
25659,1027,2026-04-16,2
25660,1027,2026-04-22,2
25661,1027,2026-04-30,1
25662,1027,2026-05-08,2
25663,1027,2026-05-13,2
25664,1027,2026-05-18,2
25665,1027,2026-05-26,1
25666,1027,2026-06-04,3
25667,1027,2026-06-12,1
25668,1027,2026-06-19,2
25669,1027,2026-06-23,2
25670,1027,2026-06-29,1
25671,1027,2026-07-07,1
25672,1027,2026-07-15,2
25673,1027,2026-07-21,2
25674,1027,2026-07-31,2
25675,1027,2026-08-05,1
25676,1028,2026-02-18,2
25677,1028,2026-02-25,2
25678,1028,2026-03-02,3
25679,1028,2026-03-12,2
25680,1028,2026-03-16,3
25681,1028,2026-03-23,3
25682,1028,2026-04-03,2
25683,1028,2026-04-10,2
25684,1028,2026-04-13,2
25685,1028,2026-04-24,1
25686,1028,2026-05-01,3
25687,1028,2026-05-06,3
25688,1028,2026-05-15,3
25689,1028,2026-05-18,2
25690,1028,2026-05-29,3
25691,1028,2026-06-04,3
25692,1028,2026-06-08,2
25693,1028,2026-06-15,2
25694,1028,2026-06-25,2
25695,1028,2026-06-29,3
25696,1028,2026-07-10,2
25697,1028,2026-07-16,3
25698,1028,2026-07-23,1
25699,1028,2026-07-27,2
25700,1028,2026-08-05,3
25701,1029,2026-02-16,3
25702,1029,2026-02-26,2
25703,1029,2026-03-05,3
25704,1029,2026-03-09,1
25705,1029,2026-03-16,2
25706,1029,2026-03-26,2
25707,1029,2026-04-01,2
25708,1029,2026-04-06,3
25709,1029,2026-04-15,2
25710,1029,2026-04-21,3
25711,1029,2026-04-28,2
25712,1029,2026-05-07,2
25713,1029,2026-05-15,2
25714,1029,2026-05-22,3
25715,1029,2026-05-27,2
25716,1029,2026-06-04,2
25717,1029,2026-06-12,1
25718,1029,2026-06-18,2
25719,1029,2026-06-25,2
25720,1029,2026-06-30,2
25721,1029,2026-07-08,2
25722,1029,2026-07-16,2
25723,1029,2026-07-20,1
25724,1029,2026-07-27,3
25725,1029,2026-08-05,2
25726,1030,2026-02-16,2
25727,1030,2026-02-23,1
25728,1030,2026-03-06,1
25729,1030,2026-03-09,1
25730,1030,2026-03-16,3
25731,1030,2026-03-26,3
25732,1030,2026-03-30,1
25733,1030,2026-04-06,2
25734,1030,2026-04-16,2
25735,1030,2026-04-24,1
25736,1030,2026-04-29,2
25737,1030,2026-05-04,2
25738,1030,2026-05-12,2
25739,1030,2026-05-18,2
25740,1030,2026-05-27,2
25741,1030,2026-06-01,2
25742,1030,2026-06-09,1
25743,1030,2026-06-17,2
25744,1030,2026-06-24,2
25745,1030,2026-07-03,3
25746,1030,2026-07-09,3
25747,1030,2026-07-14,1
25748,1030,2026-07-21,2
25749,1030,2026-07-31,2
25750,1030,2026-08-04,2
25751,1031,2026-02-16,1
25752,1031,2026-02-23,2
25753,1031,2026-03-03,2
25754,1031,2026-03-13,3
25755,1031,2026-03-19,3
25756,1031,2026-03-25,1
25757,1031,2026-04-03,2
25758,1031,2026-04-10,2
25759,1031,2026-04-16,2
25760,1031,2026-04-22,2
25761,1031,2026-04-30,2
25762,1031,2026-05-06,3
25763,1031,2026-05-12,3
25764,1031,2026-05-22,2
25765,1031,2026-05-28,2
25766,1031,2026-06-03,2
25767,1031,2026-06-12,2
25768,1031,2026-06-18,1
25769,1031,2026-06-24,1
25770,1031,2026-07-01,2
25771,1031,2026-07-07,2
25772,1031,2026-07-15,3
25773,1031,2026-07-21,1
25774,1031,2026-07-30,2
25775,1031,2026-08-07,3
25776,1032,2026-02-17,2
25777,1032,2026-02-23,2
25778,1032,2026-03-04,2
25779,1032,2026-03-09,2
25780,1032,2026-03-19,1
25781,1032,2026-03-25,2
25782,1032,2026-03-30,2
25783,1032,2026-04-08,2
25784,1032,2026-04-14,2
25785,1032,2026-04-23,1
25786,1032,2026-04-29,2
25787,1032,2026-05-04,1
25788,1032,2026-05-13,2
25789,1032,2026-05-18,1
25790,1032,2026-05-26,2
25791,1032,2026-06-02,2
25792,1032,2026-06-11,1
25793,1032,2026-06-19,2
25794,1032,2026-06-23,2
25795,1032,2026-07-02,2
25796,1032,2026-07-09,2
25797,1032,2026-07-16,3
25798,1032,2026-07-24,2
25799,1032,2026-07-31,2
25800,1032,2026-08-06,2
25801,1033,2026-02-20,2
25802,1033,2026-02-23,3
25803,1033,2026-03-05,2
25804,1033,2026-03-09,2
25805,1033,2026-03-20,2
25806,1033,2026-03-25,2
25807,1033,2026-04-01,2
25808,1033,2026-04-09,2
25809,1033,2026-04-13,1
25810,1033,2026-04-23,2
25811,1033,2026-04-29,2
25812,1033,2026-05-08,2
25813,1033,2026-05-11,1
25814,1033,2026-05-20,2
25815,1033,2026-05-29,2
25816,1033,2026-06-03,3
25817,1033,2026-06-12,3
25818,1033,2026-06-18,2
25819,1033,2026-06-26,2
25820,1033,2026-07-03,2
25821,1033,2026-07-06,2
25822,1033,2026-07-15,2
25823,1033,2026-07-22,2
25824,1033,2026-07-31,2
25825,1033,2026-08-07,2
25826,1034,2026-02-20,1
25827,1034,2026-02-23,2
25828,1034,2026-03-03,3
25829,1034,2026-03-11,1
25830,1034,2026-03-20,2
25831,1034,2026-03-26,3
25832,1034,2026-03-31,3
25833,1034,2026-04-08,2
25834,1034,2026-04-13,1
25835,1034,2026-04-22,1
25836,1034,2026-04-30,3
25837,1034,2026-05-06,2
25838,1034,2026-05-13,2
25839,1034,2026-05-20,1
25840,1034,2026-05-25,3
25841,1034,2026-06-05,2
25842,1034,2026-06-12,2
25843,1034,2026-06-19,3
25844,1034,2026-06-26,2
25845,1034,2026-07-02,2
25846,1034,2026-07-07,2
25847,1034,2026-07-14,2
25848,1034,2026-07-22,3
25849,1034,2026-07-29,1
25850,1034,2026-08-04,1
25851,1035,2026-02-17,1
25852,1035,2026-02-26,1
25853,1035,2026-03-06,1
25854,1035,2026-03-09,1
25855,1035,2026-03-16,1
25856,1035,2026-03-23,3
25857,1035,2026-03-30,2
25858,1035,2026-04-06,1
25859,1035,2026-04-17,2
25860,1035,2026-04-22,1
25861,1035,2026-04-27,1
25862,1035,2026-05-08,1
25863,1035,2026-05-13,3
25864,1035,2026-05-21,3
25865,1035,2026-05-28,3
25866,1035,2026-06-05,2
25867,1035,2026-06-12,3
25868,1035,2026-06-19,1
25869,1035,2026-06-24,2
25870,1035,2026-07-03,2
25871,1035,2026-07-07,2
25872,1035,2026-07-14,1
25873,1035,2026-07-20,1
25874,1035,2026-07-28,1
25875,1035,2026-08-05,2
25876,1036,2026-02-19,1
25877,1036,2026-02-23,3
25878,1036,2026-03-06,3
25879,1036,2026-03-10,2
25880,1036,2026-03-16,2
25881,1036,2026-03-26,2
25882,1036,2026-03-31,2
25883,1036,2026-04-08,2
25884,1036,2026-04-17,3
25885,1036,2026-04-20,2
25886,1036,2026-04-27,2
25887,1036,2026-05-05,2
25888,1036,2026-05-12,2
25889,1036,2026-05-21,2
25890,1036,2026-05-27,2
25891,1036,2026-06-02,3
25892,1036,2026-06-10,3
25893,1036,2026-06-19,2
25894,1036,2026-06-25,2
25895,1036,2026-06-30,2
25896,1036,2026-07-06,2
25897,1036,2026-07-15,2
25898,1036,2026-07-22,3
25899,1036,2026-07-29,3
25900,1036,2026-08-07,2
25901,1037,2026-02-20,3
25902,1037,2026-02-27,2
25903,1037,2026-03-05,2
25904,1037,2026-03-13,2
25905,1037,2026-03-16,2
25906,1037,2026-03-27,2
25907,1037,2026-03-31,2
25908,1037,2026-04-06,2
25909,1037,2026-04-15,3
25910,1037,2026-04-23,1
25911,1037,2026-04-29,2
25912,1037,2026-05-08,2
25913,1037,2026-05-15,1
25914,1037,2026-05-20,2
25915,1037,2026-05-28,2
25916,1037,2026-06-03,2
25917,1037,2026-06-11,3
25918,1037,2026-06-15,2
25919,1037,2026-06-24,2
25920,1037,2026-06-30,2
25921,1037,2026-07-10,2
25922,1037,2026-07-14,2
25923,1037,2026-07-23,2
25924,1037,2026-07-27,3
25925,1037,2026-08-06,2
25926,1038,2026-02-18,1
25927,1038,2026-02-26,2
25928,1038,2026-03-03,3
25929,1038,2026-03-09,1
25930,1038,2026-03-18,1
25931,1038,2026-03-26,1
25932,1038,2026-03-30,1
25933,1038,2026-04-09,1
25934,1038,2026-04-14,1
25935,1038,2026-04-23,2
25936,1038,2026-04-29,2
25937,1038,2026-05-08,1
25938,1038,2026-05-11,1
25939,1038,2026-05-20,1
25940,1038,2026-05-27,1
25941,1038,2026-06-02,2
25942,1038,2026-06-12,3
25943,1038,2026-06-16,2
25944,1038,2026-06-25,1
25945,1038,2026-07-02,2
25946,1038,2026-07-09,1
25947,1038,2026-07-17,1
25948,1038,2026-07-24,2
25949,1038,2026-07-31,2
25950,1038,2026-08-07,2
25951,1039,2026-02-20,1
25952,1039,2026-02-27,2
25953,1039,2026-03-06,1
25954,1039,2026-03-12,2
25955,1039,2026-03-19,1
25956,1039,2026-03-25,1
25957,1039,2026-04-01,2
25958,1039,2026-04-08,2
25959,1039,2026-04-15,2
25960,1039,2026-04-24,1
25961,1039,2026-04-29,1
25962,1039,2026-05-07,1
25963,1039,2026-05-13,1
25964,1039,2026-05-18,2
25965,1039,2026-05-26,1
25966,1039,2026-06-03,2
25967,1039,2026-06-08,2
25968,1039,2026-06-15,2
25969,1039,2026-06-26,2
25970,1039,2026-06-30,2
25971,1039,2026-07-10,1
25972,1039,2026-07-14,1
25973,1039,2026-07-23,1
25974,1039,2026-07-27,2
25975,1039,2026-08-05,2
25976,1040,2026-02-19,2
25977,1040,2026-02-24,2
25978,1040,2026-03-05,2
25979,1040,2026-03-11,2
25980,1040,2026-03-16,2
25981,1040,2026-03-27,2
25982,1040,2026-03-31,2
25983,1040,2026-04-08,2
25984,1040,2026-04-16,2
25985,1040,2026-04-21,2
25986,1040,2026-05-01,2
25987,1040,2026-05-08,1
25988,1040,2026-05-11,2
25989,1040,2026-05-18,1
25990,1040,2026-05-26,3
25991,1040,2026-06-03,2
25992,1040,2026-06-12,2
25993,1040,2026-06-17,1
25994,1040,2026-06-24,2
25995,1040,2026-07-02,2
25996,1040,2026-07-10,2
25997,1040,2026-07-14,2
25998,1040,2026-07-23,1
25999,1040,2026-07-29,2
26000,1040,2026-08-06,1
26001,1041,2026-02-16,2
26002,1041,2026-02-25,3
26003,1041,2026-03-05,2
26004,1041,2026-03-13,2
26005,1041,2026-03-19,2
26006,1041,2026-03-24,3
26007,1041,2026-03-31,3
26008,1041,2026-04-07,2
26009,1041,2026-04-13,2
26010,1041,2026-04-23,2
26011,1041,2026-04-27,2
26012,1041,2026-05-07,3
26013,1041,2026-05-13,2
26014,1041,2026-05-22,1
26015,1041,2026-05-27,2
26016,1041,2026-06-05,2
26017,1041,2026-06-08,2
26018,1041,2026-06-17,2
26019,1041,2026-06-23,3
26020,1041,2026-06-29,2
26021,1041,2026-07-09,2
26022,1041,2026-07-13,3
26023,1041,2026-07-21,2
26024,1041,2026-07-28,2
26025,1041,2026-08-06,2
26026,1042,2026-02-17,1
26027,1042,2026-02-24,1
26028,1042,2026-03-02,1
26029,1042,2026-03-10,2
26030,1042,2026-03-19,1
26031,1042,2026-03-24,1
26032,1042,2026-04-02,2
26033,1042,2026-04-06,3
26034,1042,2026-04-17,2
26035,1042,2026-04-23,1
26036,1042,2026-04-28,1
26037,1042,2026-05-06,2
26038,1042,2026-05-13,2
26039,1042,2026-05-21,2
26040,1042,2026-05-27,3
26041,1042,2026-06-04,2
26042,1042,2026-06-09,1
26043,1042,2026-06-15,2
26044,1042,2026-06-22,2
26045,1042,2026-06-30,3
26046,1042,2026-07-06,2
26047,1042,2026-07-14,1
26048,1042,2026-07-24,2
26049,1042,2026-07-27,1
26050,1042,2026-08-06,1
26051,1043,2026-02-17,2
26052,1043,2026-02-27,1
26053,1043,2026-03-05,1
26054,1043,2026-03-13,3
26055,1043,2026-03-16,3
26056,1043,2026-03-26,2
26057,1043,2026-04-02,2
26058,1043,2026-04-06,1
26059,1043,2026-04-15,3
26060,1043,2026-04-22,1
26061,1043,2026-04-29,2
26062,1043,2026-05-08,2
26063,1043,2026-05-15,3
26064,1043,2026-05-20,3
26065,1043,2026-05-29,2
26066,1043,2026-06-04,1
26067,1043,2026-06-11,2
26068,1043,2026-06-16,1
26069,1043,2026-06-24,2
26070,1043,2026-07-02,1
26071,1043,2026-07-08,3
26072,1043,2026-07-15,2
26073,1043,2026-07-20,3
26074,1043,2026-07-31,3
26075,1043,2026-08-03,1
26076,1044,2026-02-20,2
26077,1044,2026-02-27,2
26078,1044,2026-03-03,2
26079,1044,2026-03-11,3
26080,1044,2026-03-17,2
26081,1044,2026-03-23,3
26082,1044,2026-03-31,2
26083,1044,2026-04-10,2
26084,1044,2026-04-17,2
26085,1044,2026-04-23,2
26086,1044,2026-04-30,2
26087,1044,2026-05-08,2
26088,1044,2026-05-11,2
26089,1044,2026-05-20,2
26090,1044,2026-05-29,3
26091,1044,2026-06-03,2
26092,1044,2026-06-11,2
26093,1044,2026-06-19,3
26094,1044,2026-06-26,2
26095,1044,2026-07-03,2
26096,1044,2026-07-08,3
26097,1044,2026-07-14,2
26098,1044,2026-07-24,2
26099,1044,2026-07-31,2
26100,1044,2026-08-04,2
26101,1045,2026-02-18,2
26102,1045,2026-02-26,2
26103,1045,2026-03-02,3
26104,1045,2026-03-11,2
26105,1045,2026-03-17,2
26106,1045,2026-03-23,3
26107,1045,2026-03-31,2
26108,1045,2026-04-06,2
26109,1045,2026-04-14,2
26110,1045,2026-04-21,1
26111,1045,2026-05-01,3
26112,1045,2026-05-08,3
26113,1045,2026-05-15,1
26114,1045,2026-05-21,2
26115,1045,2026-05-25,2
26116,1045,2026-06-02,3
26117,1045,2026-06-09,2
26118,1045,2026-06-16,2
26119,1045,2026-06-22,2
26120,1045,2026-06-30,2
26121,1045,2026-07-09,2
26122,1045,2026-07-16,3
26123,1045,2026-07-24,2
26124,1045,2026-07-30,2
26125,1045,2026-08-05,2
26126,1046,2026-02-19,2
26127,1046,2026-02-26,2
26128,1046,2026-03-06,1
26129,1046,2026-03-12,2
26130,1046,2026-03-17,2
26131,1046,2026-03-26,2
26132,1046,2026-04-03,2
26133,1046,2026-04-08,2
26134,1046,2026-04-14,2
26135,1046,2026-04-23,1
26136,1046,2026-04-28,1
26137,1046,2026-05-08,2
26138,1046,2026-05-14,1
26139,1046,2026-05-21,1
26140,1046,2026-05-25,2
26141,1046,2026-06-02,3
26142,1046,2026-06-09,2
26143,1046,2026-06-15,1
26144,1046,2026-06-26,2
26145,1046,2026-07-02,1
26146,1046,2026-07-09,2
26147,1046,2026-07-17,2
26148,1046,2026-07-21,2
26149,1046,2026-07-29,1
26150,1046,2026-08-06,1
26151,1047,2026-02-16,2
26152,1047,2026-02-26,3
26153,1047,2026-03-03,2
26154,1047,2026-03-13,2
26155,1047,2026-03-17,2
26156,1047,2026-03-24,2
26157,1047,2026-04-01,3
26158,1047,2026-04-08,2
26159,1047,2026-04-15,2
26160,1047,2026-04-23,2
26161,1047,2026-04-28,2
26162,1047,2026-05-06,2
26163,1047,2026-05-14,2
26164,1047,2026-05-19,2
26165,1047,2026-05-26,2
26166,1047,2026-06-02,2
26167,1047,2026-06-11,3
26168,1047,2026-06-18,2
26169,1047,2026-06-22,2
26170,1047,2026-06-29,2
26171,1047,2026-07-08,3
26172,1047,2026-07-15,2
26173,1047,2026-07-21,2
26174,1047,2026-07-29,2
26175,1047,2026-08-07,2
26176,1048,2026-02-20,2
26177,1048,2026-02-26,2
26178,1048,2026-03-03,2
26179,1048,2026-03-09,1
26180,1048,2026-03-17,2
26181,1048,2026-03-26,1
26182,1048,2026-03-31,2
26183,1048,2026-04-07,2
26184,1048,2026-04-14,2
26185,1048,2026-04-24,1
26186,1048,2026-04-29,2
26187,1048,2026-05-07,2
26188,1048,2026-05-11,2
26189,1048,2026-05-20,2
26190,1048,2026-05-26,2
26191,1048,2026-06-03,1
26192,1048,2026-06-08,2
26193,1048,2026-06-16,2
26194,1048,2026-06-24,2
26195,1048,2026-07-01,2
26196,1048,2026-07-08,2
26197,1048,2026-07-15,2
26198,1048,2026-07-23,1
26199,1048,2026-07-31,2
26200,1048,2026-08-07,1
26201,1049,2026-02-20,3
26202,1049,2026-02-26,2
26203,1049,2026-03-05,3
26204,1049,2026-03-09,2
26205,1049,2026-03-18,2
26206,1049,2026-03-23,1
26207,1049,2026-03-30,2
26208,1049,2026-04-09,1
26209,1049,2026-04-16,2
26210,1049,2026-04-24,2
26211,1049,2026-05-01,2
26212,1049,2026-05-04,3
26213,1049,2026-05-13,2
26214,1049,2026-05-22,3
26215,1049,2026-05-28,2
26216,1049,2026-06-03,2
26217,1049,2026-06-11,1
26218,1049,2026-06-18,3
26219,1049,2026-06-23,2
26220,1049,2026-07-03,2
26221,1049,2026-07-09,1
26222,1049,2026-07-15,2
26223,1049,2026-07-23,3
26224,1049,2026-07-31,2
26225,1049,2026-08-03,1
26226,1050,2026-02-18,3
26227,1050,2026-02-27,2
26228,1050,2026-03-04,3
26229,1050,2026-03-12,2
26230,1050,2026-03-19,1
26231,1050,2026-03-24,2
26232,1050,2026-03-31,3
26233,1050,2026-04-07,2
26234,1050,2026-04-14,2
26235,1050,2026-04-24,2
26236,1050,2026-04-27,2
26237,1050,2026-05-05,2
26238,1050,2026-05-13,2
26239,1050,2026-05-22,2
26240,1050,2026-05-29,2
26241,1050,2026-06-03,2
26242,1050,2026-06-10,2
26243,1050,2026-06-19,1
26244,1050,2026-06-25,2
26245,1050,2026-07-02,1
26246,1050,2026-07-06,3
26247,1050,2026-07-13,2
26248,1050,2026-07-23,2
26249,1050,2026-07-28,1
26250,1050,2026-08-04,2
